timestamp,load,ram_usage
17842746,0.46177107,0.41139007
18342719,0.5718906,0.54999495
18843292,0.48094583,0.54999495
19342722,0.4908681,0.5401401
19842715,0.48331475,0.5401401
20342837,0.48418283,0.5401401
20842733,0.4834836,0.5402742
21342851,0.4860373,0.5402742
21842715,0.48467487,0.5402742
22343399,0.48744017,0.5402742
22842901,0.4878388,0.5402742
23342725,0.48867673,0.5426206
23842718,0.48921883,0.5432575
24342790,0.490304,0.5432575
24842716,0.49200398,0.5432575
25342739,0.49088842,0.5432575
25843215,0.49069172,0.5432575
26342797,0.4907894,0.5432575
26842761,0.49033332,0.5432575
27342716,0.4939955,0.5432575
27842716,0.48840302,0.5432575
28342717,0.494326,0.5432575
28842719,0.48941803,0.5432575
29343406,0.49272162,0.5432575
29842767,0.48855716,0.5432575
30343306,0.49107277,0.5432575
30842801,0.4902447,0.5432575
31342716,0.49152553,0.5432575
31842740,0.4910714,0.5432575
32342742,0.49397904,0.5432575
32843755,0.48905337,0.5432575
33342877,0.49473608,0.5437938
33842717,0.49186945,0.544196
34342727,0.49482608,0.544196
34842717,0.49359888,0.544196
35342715,0.494546,0.544196
35842753,0.49936205,0.544196
36343928,0.4927053,0.544196
36842965,0.49689186,0.544196
37342720,0.49266636,0.544196
37842716,0.49259394,0.544196
38342717,0.49344504,0.544196
38842798,0.49485683,0.544196
39342795,0.49643975,0.544196
39843538,0.49550498,0.544196
40342716,0.49447995,0.544196
40842716,0.491005,0.544196
41342882,0.49595135,0.544196
41842716,0.4932508,0.544196
42342748,0.4956023,0.544196
42842719,0.4953037,0.544196
43343816,0.4935711,0.544196
43842717,0.49297357,0.544196
44342781,0.49569732,0.544196
44842990,0.49415773,0.544196
45342718,0.49562162,0.544196
45842716,0.49308598,0.544196
46342884,0.49609828,0.544196
46843537,0.49315375,0.544196
47342826,0.49345344,0.544196
47842716,0.49481386,0.544196
48342979,0.49442995,0.544196
48842733,0.49197406,0.544196
49342890,0.49456924,0.544196
49842899,0.49260908,0.544196
50342722,0.4933086,0.544196
50842717,0.49358797,0.544196
51342790,0.49409688,0.544196
51843292,0.49377126,0.544196
52342741,0.49112523,0.544196
52842917,0.49412906,0.544196
53342993,0.49323064,0.544196
53842742,0.4922328,0.544196
54342727,0.4935091,0.544196
54842716,0.49228388,0.544196
55342894,0.48981184,0.544196
55842800,0.4859975,0.544196
56342739,0.49392927,0.544196
56842736,0.501007,0.544196
57342866,0.5130226,0.544196
57842786,0.5128788,0.544196
58342718,0.51818156,0.544196
58844680,0.51413846,0.544196
59343029,0.50278866,0.544196
59842833,0.4919331,0.544196
60343170,0.49475503,0.544196
60842755,0.4904393,0.544196
61342817,0.49807,0.544196
61842773,0.489626,0.544196
62343729,0.5025424,0.544196
62842848,0.51176333,0.544196
63342718,0.51756656,0.544196
63842716,0.516082,0.544196
64342724,0.51426876,0.544196
64842716,0.5164272,0.544196
65342723,0.5150989,0.544196
65844602,0.5146625,0.544196
66342863,0.51558626,0.544196
66842730,0.5138337,0.544196
67343861,0.5178906,0.544196
67842749,0.5141373,0.544196
68342717,0.51636505,0.544196
68843025,0.49438065,0.544196
69343720,0.4969747,0.544196
69842716,0.4898827,0.544196
70342715,0.49603802,0.544196
70842757,0.49589735,0.544196
71342718,0.49495858,0.544196
71842808,0.4928673,0.544196
72342718,0.4956932,0.544196
72844210,0.48968762,0.544196
73342723,0.49586517,0.544196
73842715,0.49116188,0.544196
74343261,0.49699795,0.544196
74842739,0.49187243,0.544196
75342822,0.49510878,0.544196
75842985,0.49326956,0.544196
76342717,0.49460012,0.544196
76842721,0.493164,0.544196
77342782,0.49719834,0.544196
77842736,0.5126703,0.544196
78342717,0.5162955,0.544196
78842781,0.51728904,0.544196
79343091,0.5152226,0.544196
79842717,0.5167074,0.544196
80342780,0.49304497,0.544196
80842780,0.49436802,0.544196
81343874,0.49411196,0.544196
81842721,0.49384153,0.544196
82342749,0.49619126,0.544196
82842717,0.49283653,0.544196
83342716,0.492478,0.544196
83842733,0.4923722,0.544196
84342729,0.50536805,0.544196
84842888,0.51568097,0.544196
85342802,0.5153127,0.544196
85842922,0.50984657,0.544196
86342719,0.51434904,0.544196
86842716,0.5134701,0.544196
87342759,0.5148865,0.544196
87842718,0.5177606,0.544196
88343233,0.5175818,0.544196
88842904,0.5144395,0.544196
89342724,0.4996879,0.544196
89842780,0.49253047,0.544196
90342719,0.4938066,0.544196
90842716,0.51453507,0.544196
91342794,0.51855516,0.544196
91843048,0.51714325,0.544196
92342940,0.51361185,0.544196
92842721,0.516225,0.544196
93342718,0.49222094,0.544196
93842718,0.49297202,0.544196
94342836,0.49423498,0.544196
94842793,0.49474913,0.544196
95343185,0.4935289,0.544196
95842724,0.516235,0.544196
96342717,0.5148072,0.544196
96842724,0.5209737,0.544196
97342718,0.51474625,0.544196
97842765,0.50756323,0.544196
98342758,0.49416542,0.544196
98843675,0.49307323,0.544196
99342716,0.49540925,0.544196
99842883,0.49535,0.544196
100343646,0.4943046,0.544196
100842761,0.49345338,0.544196
101342822,0.49590683,0.544196
101842800,0.4940437,0.544196
102342716,0.493923,0.544196
102842716,0.49596202,0.544196
103342717,0.49377602,0.544196
103842752,0.49567902,0.544196
104342765,0.49613208,0.544196
104842778,0.49320865,0.544196
105342910,0.49374765,0.544196
105842730,0.4907006,0.544196
106342750,0.497876,0.544196
106842833,0.49394798,0.544196
107343902,0.4956792,0.544196
107842718,0.493227,0.544196
108342744,0.49485326,0.544196
108842716,0.49227458,0.544196
109342792,0.4970793,0.544196
109842717,0.49331832,0.544196
110342720,0.496724,0.544196
110843920,0.49213988,0.544196
111342740,0.50838274,0.544196
111842966,0.51722324,0.544196
112342736,0.51862514,0.544196
112842716,0.51382256,0.544196
113342718,0.51520795,0.544196
113842718,0.49106598,0.544196
114343230,0.49641567,0.544196
114842910,0.4909932,0.544196
115342716,0.49720597,0.544196
115842855,0.48317665,0.544196
116342717,0.4859721,0.544196
116842717,0.486956,0.544196
117342876,0.50708175,0.544196
117844086,0.4912691,0.544196
118342985,0.49503207,0.544196
118842744,0.49071747,0.544196
119342843,0.49714357,0.544196
119842716,0.49203598,0.544196
120342755,0.49533433,0.544196
120842860,0.493479,0.544196
121344092,0.49370438,0.544196
121842717,0.4901718,0.544196
122342721,0.495238,0.544196
122843114,0.49296653,0.544196
123342808,0.49218428,0.544196
123842716,0.49233156,0.544196
124342751,0.49330848,0.544196
124843823,0.49173695,0.544196
125342742,0.49474955,0.544196
125842717,0.49224097,0.544196
126343162,0.49493754,0.544196
126842730,0.49395072,0.544196
127342745,0.49478513,0.544196
127842865,0.49493396,0.544196
128342716,0.49332166,0.544196
128842719,0.49496704,0.544196
129342717,0.49503702,0.544196
129843327,0.49477732,0.544196
130342852,0.49425554,0.544196
130842788,0.4932862,0.544196
131343099,0.4956497,0.544196
131842741,0.49449778,0.544196
132342720,0.492705,0.544196
132842756,0.49497336,0.544196
133342760,0.49602705,0.544196
133842755,0.49379092,0.544196
134342880,0.49586666,0.544196
134842717,0.49466997,0.544196
135342716,0.49073398,0.544196
135842735,0.49618214,0.544196
136342758,0.48935252,0.544196
136843457,0.49626124,0.544196
137342759,0.49207896,0.544196
137842721,0.49692476,0.544196
138343202,0.49152315,0.544196
138842717,0.4946819,0.544196
139342731,0.49187225,0.544196
139842794,0.49367547,0.544196
140343065,0.49332398,0.544196
140842914,0.50443137,0.544196
141342917,0.5182908,0.544196
141843260,0.5140723,0.544196
142342721,0.512956,0.544196
142842715,0.5135801,0.544196
143342716,0.51620495,0.544196
143844854,0.51581836,0.544196
144342718,0.5143144,0.544196
144842737,0.5155035,0.544196
145343920,0.5170785,0.544196
145842752,0.5118184,0.544196
146342748,0.50411403,0.544196
146842795,0.49333,0.544196
147343195,0.49719363,0.544196
147842716,0.5173814,0.544196
148343060,0.5164764,0.544196
148843089,0.517624,0.544196
149342733,0.5126593,0.544196
149842892,0.51761377,0.544196
150342813,0.4987411,0.544196
150842716,0.49083728,0.544196
151342793,0.49526203,0.544196
151842768,0.4960941,0.544196
152343621,0.49532533,0.544196
152842733,0.49254876,0.544196
153342718,0.4947158,0.544196
153842850,0.49153525,0.544196
154342731,0.4954549,0.544196
154842716,0.49059075,0.544196
155342716,0.498289,0.544196
155843606,0.4937231,0.544196
156342716,0.49270743,0.544196
156842803,0.49182028,0.544196
157342719,0.49491882,0.544196
157842718,0.49124497,0.544196
158342716,0.49291003,0.544196
158842758,0.49189198,0.544196
159343854,0.49636722,0.544196
159842795,0.4917652,0.544196
160342860,0.49495202,0.544196
160842835,0.49355906,0.544196
161342718,0.49397755,0.544196
161842718,0.492625,0.544196
162342754,0.49883705,0.544196
162843592,0.49279445,0.544196
163342778,0.49649328,0.544196
163842719,0.4901238,0.544196
164343140,0.49068314,0.544196
164842721,0.49168944,0.544196
165342811,0.49460536,0.544196
165842717,0.49327254,0.544196
166343722,0.49726748,0.544196
166843154,0.4917063,0.544196
167342741,0.49443197,0.544196
167842716,0.49294603,0.544196
168342716,0.494326,0.544196
168842718,0.49106997,0.544196
169342797,0.49740744,0.544196
169843221,0.4932416,0.544196
170342716,0.49643344,0.544196
170842716,0.491646,0.544196
171342716,0.492522,0.544196
171842783,0.49434876,0.544196
172342720,0.49368924,0.544196
172842981,0.4950952,0.544196
173343250,0.49512386,0.544196
173842716,0.49286687,0.544196
174342716,0.49237,0.544196
174843180,0.49495065,0.544196
175342752,0.49097168,0.544196
175842721,0.48889208,0.544196
176342852,0.4932468,0.544196
176842718,0.4936993,0.544196
177342718,0.493304,0.544196
177842716,0.49360597,0.544196
178343287,0.49420762,0.544196
178842728,0.49396223,0.544196
179342769,0.4904068,0.544196
179842739,0.49578375,0.544196
180342779,0.4912988,0.544196
180842795,0.4945429,0.544196
181342750,0.49256802,0.544196
181843280,0.49513644,0.544196
182342741,0.4896068,0.544196
182842832,0.49542052,0.544196
183343279,0.49269187,0.544196
183842724,0.49265295,0.544196
184342717,0.49248087,0.544196
184842726,0.49190015,0.544196
185343479,0.4950412,0.544196
185842911,0.49097562,0.544196
186342716,0.4971891,0.544196
186842972,0.49321842,0.544196
187342742,0.4935971,0.544196
187842717,0.4921326,0.544196
188342717,0.494039,0.544196
188843045,0.49384308,0.544196
189343043,0.493963,0.544196
189842741,0.49552703,0.544196
190342742,0.4935153,0.544196
190842729,0.4958459,0.544196
191342720,0.49388188,0.544196
191842752,0.49482036,0.544196
192343648,0.4912297,0.544196
192842716,0.49301797,0.544196
193342716,0.49335402,0.544196
193842716,0.49195403,0.544196
194342717,0.495894,0.544196
194842716,0.49497998,0.544196
195342725,0.49520206,0.544196
195842719,0.4933259,0.544196
196342716,0.4947,0.544196
196842717,0.49265802,0.544196
197342924,0.49693203,0.544196
197842750,0.49198443,0.544196
198342726,0.4961238,0.544196
198842855,0.4918645,0.544196
199342717,0.49310058,0.544196
199842717,0.489878,0.544196
200342716,0.494205,0.544196
200843252,0.4906953,0.544196
201342976,0.49347746,0.544196
201842716,0.4910689,0.544196
202342717,0.497041,0.544196
202842717,0.49075496,0.544196
203342717,0.49355,0.544196
203842720,0.49095201,0.544196
204343167,0.49388152,0.544196
204842720,0.49191475,0.544196
205343142,0.49515814,0.544196
205842743,0.48645622,0.544196
206342741,0.48309088,0.544196
206842773,0.48167914,0.544196
207342830,0.50076985,0.544196
207843605,0.4926564,0.544196
208342729,0.49345338,0.544196
208842716,0.49313998,0.544196
209342766,0.4961214,0.544196
209842718,0.49152917,0.544196
210342718,0.498253,0.544196
210842853,0.4903522,0.544196
211343614,0.49559957,0.544196
211842757,0.49087083,0.544196
212342772,0.49534714,0.544196
212842774,0.51119983,0.544196
213342815,0.51888114,0.544196
213842718,0.514066,0.544196
214342803,0.51701605,0.544196
214844659,0.51268995,0.544196
215342717,0.5191544,0.544196
215842716,0.513422,0.544196
216343003,0.51825535,0.544196
216842736,0.5125181,0.544196
217342746,0.5135547,0.544196
217843581,0.5156729,0.544196
218342719,0.5076001,0.544196
218842716,0.49347198,0.544196
219342716,0.501969,0.544196
219842884,0.51568973,0.544196
220342755,0.5166683,0.544196
220842784,0.51440585,0.544196
221342897,0.51410127,0.544196
221842766,0.5088429,0.544196
222342717,0.4944449,0.544196
222842716,0.49479902,0.544196
223343885,0.49349123,0.544196
223842718,0.49569297,0.544196
224342747,0.4919585,0.544196
224842719,0.49378163,0.544196
225342718,0.49307197,0.544196
225842745,0.4937083,0.544196
226342725,0.49480283,0.544196
226843264,0.49102163,0.544196
227342778,0.4918942,0.544196
227842814,0.48989797,0.544196
228342741,0.49353778,0.544196
228842718,0.49287498,0.544196
229342721,0.49589002,0.544196
229842717,0.49277997,0.544196
230343907,0.49333978,0.544196
230842817,0.493088,0.544196
231342716,0.49335164,0.544196
231842904,0.4935354,0.544196
232342717,0.49304044,0.544196
232842832,0.49482018,0.544196
233342716,0.49200714,0.544196
233843661,0.49515814,0.544196
234342716,0.49328834,0.544196
234842742,0.49278003,0.544196
235342808,0.49288827,0.544196
235842718,0.4916755,0.544196
236342719,0.49417102,0.544196
236843055,0.49390817,0.544196
237343006,0.49308938,0.544196
237842715,0.49155313,0.544196
238342750,0.4937194,0.544196
238843092,0.4918046,0.544196
239342717,0.493303,0.544196
239842852,0.49336374,0.544196
240343044,0.49555784,0.544196
240842720,0.49235398,0.544196
241342792,0.49608117,0.544196
241842717,0.49315464,0.544196
242342728,0.49390012,0.544196
242842718,0.4901008,0.544196
243342727,0.495524,0.544196
243842718,0.490995,0.544196
244342739,0.49431425,0.544196
244842716,0.49121767,0.544196
245342716,0.49687397,0.544196
245843364,0.48965734,0.544196
246342898,0.49497753,0.544196
246842750,0.49299842,0.544196
247342723,0.49579173,0.544196
247842885,0.49234045,0.544196
248342737,0.4947225,0.544196
248842755,0.49314725,0.544196
249342856,0.4929104,0.544196
249842748,0.48967284,0.544196
250342841,0.49497467,0.544196
250843240,0.49326766,0.544196
251342716,0.49058306,0.544196
251842717,0.49277002,0.544196
252342742,0.49164242,0.544196
252843040,0.49110723,0.544196
253342966,0.49441624,0.544196
253842719,0.49184096,0.544196
254342754,0.495615,0.544196
254842769,0.4899789,0.544196
255342716,0.495439,0.544196
255842720,0.491266,0.544196
256343773,0.49591762,0.544196
256842716,0.49150205,0.544196
257342720,0.49390906,0.544196
257843604,0.4914142,0.544196
258342755,0.4962386,0.544196
258842724,0.49123746,0.544196
259342769,0.49399817,0.544196
259843860,0.49197096,0.544196
260342729,0.49262434,0.544196
260842718,0.4946289,0.544196
261342718,0.493527,0.544196
261842854,0.49421436,0.544196
262342719,0.4914655,0.544196
262842868,0.49615318,0.544196
263342716,0.49189657,0.544196
263842718,0.49465197,0.544196
264342762,0.49343705,0.544196
264843843,0.49517947,0.544196
265342719,0.49300778,0.544196
265842722,0.48382413,0.544196
266342921,0.49641895,0.544196
266842743,0.493407,0.544196
267342730,0.49200916,0.544196
267842716,0.49526888,0.544196
268343770,0.4951163,0.544196
268842724,0.4935745,0.544196
269342747,0.49184543,0.544196
269842716,0.49345958,0.544196
270342740,0.49285835,0.544196
270842915,0.4902175,0.544196
271342717,0.4935987,0.544196
271844082,0.49234986,0.544196
272342863,0.49195945,0.544196
272842718,0.49075323,0.544196
273343343,0.49152762,0.544196
273842716,0.4964946,0.544196
274342716,0.51587,0.544196
274842716,0.51603496,0.544196
275343845,0.5163621,0.544196
275842872,0.5134122,0.544196
276342818,0.5158426,0.544196
276842760,0.51652694,0.544196
277342716,0.51330817,0.544196
277842716,0.517468,0.544196
278342995,0.50540197,0.544196
278845092,0.50016737,0.544196
279342718,0.51657784,0.544196
279842718,0.51656604,0.544196
280343085,0.5142056,0.544196
280842774,0.51617587,0.544196
281342841,0.516345,0.544196
281843435,0.517916,0.544196
282342735,0.516485,0.544196
282842851,0.5161716,0.544196
283342721,0.510995,0.544196
283843146,0.49391967,0.544196
284342830,0.49257493,0.544196
284842718,0.49452174,0.544196
285342831,0.49633783,0.544196
285843400,0.4907139,0.544196
286342717,0.49485302,0.544196
286842717,0.49100798,0.544196
287342718,0.49776,0.544196
287842716,0.49210203,0.544196
288342718,0.49777603,0.544196
288842716,0.49190998,0.544196
289342740,0.4949082,0.544196
289842745,0.49130118,0.544196
290342753,0.49503273,0.544196
290843283,0.49078244,0.544196
291342716,0.49177867,0.544196
291842843,0.49485534,0.544196
292343326,0.49459141,0.544196
292842752,0.4930218,0.544196
293342717,0.49721503,0.544196
293842916,0.49171126,0.544196
294343549,0.4966632,0.544196
294842784,0.49160212,0.544196
295342716,0.49530536,0.544196
295843250,0.48274142,0.544196
296342746,0.48625052,0.544196
296842717,0.48119408,0.544196
297342763,0.50404364,0.544196
297843442,0.49151593,0.544196
298343027,0.49791926,0.544196
298842739,0.49098003,0.544196
299343049,0.49617553,0.544196
299842750,0.4919442,0.544196
300342719,0.49667376,0.544196
300842717,0.492414,0.544196
301343803,0.49709135,0.544196
301842716,0.49176008,0.544196
302342716,0.496525,0.544196
302842757,0.49413216,0.544196
303342775,0.49467248,0.544196
303842716,0.4938833,0.544196
304342720,0.494816,0.544196
304843283,0.49099803,0.544196
305342716,0.49289,0.544196
305842716,0.492548,0.544196
306342775,0.490763,0.544196
306842716,0.49516344,0.544196
307342763,0.49384326,0.544196
307842929,0.49781585,0.544196
308342718,0.49080515,0.544196
308842718,0.49856102,0.544196
309342743,0.494574,0.544196
309843270,0.4937275,0.544196
310343053,0.49530292,0.544196
310842716,0.49348015,0.544196
311342719,0.49380904,0.544196
311842717,0.49613595,0.544196
312342717,0.49307,0.544196
312842717,0.5091059,0.544196
313344621,0.51824355,0.544196
313843125,0.51775414,0.544196
314342836,0.51910067,0.544196
314842850,0.5078629,0.544196
315342773,0.49308217,0.544196
315842718,0.495955,0.544196
316342716,0.497016,0.544196
316843383,0.4945622,0.544196
317342716,0.49287653,0.544196
317842750,0.4953583,0.544196
318342718,0.4936996,0.544196
318842806,0.49524486,0.544196
319342733,0.4929909,0.544196
319842727,0.498048,0.544196
320343404,0.49277282,0.544196
320843256,0.49442053,0.544196
321342768,0.4933465,0.544196
321842719,0.49432498,0.544196
322342717,0.49227,0.544196
322842717,0.492813,0.544196
323342716,0.490651,0.544196
323843550,0.4937644,0.544196
324342720,0.49313653,0.544196
324842727,0.49395114,0.544196
325342916,0.49351585,0.544196
325842752,0.49253368,0.544196
326342748,0.49419904,0.544196
326842781,0.49259347,0.544196
327342716,0.49331057,0.544196
327842715,0.49330497,0.544196
328342716,0.496449,0.544196
328843266,0.49631804,0.544196
329342752,0.4913751,0.544196
329842717,0.49243152,0.544196
330342950,0.49714035,0.544196
330842775,0.49266094,0.544196
331342716,0.49534178,0.544196
331842877,0.51833713,0.544196
332343380,0.51698685,0.544196
332842721,0.51376426,0.544196
333342782,0.5174887,0.544196
333842724,0.5143149,0.544196
334342717,0.5173102,0.544196
334842716,0.514593,0.544196
335342716,0.52097094,0.544196
335843739,0.5128457,0.544196
336342791,0.49504316,0.544196
336842838,0.49184477,0.544196
337342759,0.49492514,0.544196
337842717,0.49269378,0.544196
338342716,0.51712704,0.544196
338842955,0.5159544,0.544196
339343460,0.5178062,0.544196
339842867,0.5123806,0.544196
340342717,0.51327205,0.544196
340842960,0.49523544,0.544196
341342718,0.49695474,0.544196
341842716,0.51664704,0.544196
342342748,0.51976204,0.544196
342845018,0.5156053,0.544196
343342716,0.51724213,0.544196
343842717,0.51458,0.544196
344343469,0.49871492,0.544196
344842793,0.4909007,0.544196
345342977,0.49478704,0.544196
345842716,0.4962204,0.544196
346343545,0.49616635,0.544196
346842743,0.4934482,0.544196
347342776,0.49503297,0.544196
347842942,0.49510717,0.544196
348342851,0.49343282,0.544196
348842746,0.49493492,0.544196
349342857,0.49516308,0.544196
349842716,0.4924369,0.544196
350342720,0.497258,0.544196
350842718,0.49275595,0.544196
351343299,0.4963752,0.544196
351842864,0.49169475,0.544196
352342794,0.49550337,0.544196
352842717,0.49354202,0.544196
353342793,0.49442106,0.544196
353842735,0.49457812,0.544196
354342858,0.49586302,0.544196
354843626,0.49331886,0.544196
355342907,0.49307793,0.544196
355843078,0.48599946,0.544196
356342765,0.4957502,0.544196
356842791,0.495404,0.544196
357342720,0.49529296,0.544196
357842750,0.49603927,0.544196
358342941,0.49405426,0.544196
358842870,0.49153376,0.544196
359342720,0.4950785,0.544196
359842719,0.49490803,0.544196
360342736,0.49608713,0.544196
360842745,0.49278712,0.544196
361342786,0.4930566,0.544196
361843437,0.49537665,0.544196
362342731,0.50582826,0.544196
362842741,0.51874244,0.544196
363342820,0.51921344,0.544196
363842716,0.5159581,0.544196
364342717,0.51780295,0.544196
364842780,0.50348103,0.544196
365343275,0.4947918,0.544196
365842716,0.49501842,0.544196
366342730,0.4962561,0.544196
366843149,0.49492192,0.544196
367342716,0.4946258,0.544196
367842717,0.494222,0.544196
368342927,0.49366164,0.544196
368842716,0.4907592,0.544196
369342717,0.492616,0.544196
369842774,0.4947223,0.544196
370342717,0.4943387,0.544196
370842717,0.49174696,0.544196
371342720,0.51257396,0.544196
371842857,0.514832,0.544196
372342739,0.5137844,0.544196
372842716,0.52012086,0.544196
373342750,0.50770897,0.544196
373843837,0.49565274,0.544196
374342721,0.49174857,0.544196
374842869,0.49450064,0.544196
375342718,0.4953996,0.544196
375842716,0.49119198,0.544196
376342717,0.49763298,0.544196
376842755,0.49247497,0.544196
377343972,0.4964993,0.544196
377842799,0.49147612,0.544196
378342969,0.49852777,0.544196
378842864,0.49032885,0.544196
379342716,0.4969331,0.544196
379842716,0.491382,0.544196
380342716,0.495336,0.544196
380843708,0.49509168,0.544196
381342985,0.49355274,0.544196
381842717,0.49161953,0.544196
382342770,0.49835515,0.544196
382842735,0.49162638,0.544196
383342717,0.49763995,0.544196
383843032,0.49376798,0.544196
384343833,0.49590617,0.544196
384842720,0.4916985,0.544196
385342718,0.497746,0.544196
385842895,0.4844824,0.544196
386342837,0.49554896,0.544196
386842747,0.49303705,0.544196
387342718,0.49665183,0.544196
387842767,0.49307865,0.544196
388342769,0.49687004,0.544196
388842774,0.50738746,0.544196
389344140,0.51674306,0.544196
389842822,0.51318073,0.544196
390342864,0.5163807,0.544196
390842768,0.515681,0.544196
391342764,0.5170708,0.544196
391842717,0.5208099,0.544196
392342718,0.51610607,0.544196
392843497,0.49990612,0.544196
393342717,0.4924919,0.544196
393842789,0.49104917,0.544196
394342716,0.49574643,0.544196
394842738,0.48929447,0.544196
395342749,0.49632287,0.544196
395842821,0.49492007,0.544196
396343378,0.51873904,0.544196
396842717,0.51150644,0.544196
397342873,0.517365,0.544196
397842743,0.5138066,0.544196
398342845,0.5105475,0.544196
398842771,0.492424,0.544196
399342718,0.49357003,0.544196
399843892,0.49605626,0.544196
400342776,0.49213248,0.544196
400842717,0.49456334,0.544196
401342717,0.49234003,0.544196
401842717,0.494884,0.544196
402342717,0.49468398,0.544196
402842718,0.49224705,0.544196
403343501,0.49499184,0.544196
403842953,0.49093878,0.544196
404342773,0.4953003,0.544196
404843451,0.49509454,0.544196
405342717,0.49226928,0.544196
405842717,0.492873,0.544196
406342745,0.49307537,0.544196
406843852,0.49379975,0.544196
407342716,0.49170017,0.544196
407842717,0.49312,0.544196
408343210,0.4936542,0.544196
408842718,0.4921344,0.544196
409342718,0.496284,0.544196
409842759,0.49335957,0.544196
410342716,0.49360245,0.544196
410842716,0.490708,0.544196
411342725,0.49425602,0.544196
411842718,0.49326605,0.544196
412342830,0.49295557,0.544196
412842770,0.49489343,0.544196
413342865,0.49481946,0.544196
413842741,0.49210602,0.544196
414342717,0.49243802,0.544196
414842747,0.49499398,0.544196
415343001,0.49362928,0.544196
415842869,0.4864124,0.544196
416342761,0.49263442,0.544196
416843116,0.49386966,0.544196
417342718,0.49252504,0.544196
417842716,0.491871,0.544196
418342859,0.49463087,0.544196
418843114,0.4949898,0.544196
419342944,0.49333912,0.544196
419842716,0.496803,0.544196
420342829,0.4936645,0.544196
420842724,0.49567568,0.544196
421342838,0.49504602,0.544196
421842759,0.49175698,0.544196
422344275,0.49551964,0.544196
422842822,0.49390835,0.544196
423342747,0.4965765,0.544196
423842833,0.49354714,0.544196
424342814,0.49352777,0.544196
424842798,0.49067718,0.544196
425342718,0.49493402,0.544196
425844385,0.49170363,0.544196
426342717,0.495512,0.544196
426842756,0.49039775,0.544196
427342717,0.49575168,0.544196
427842723,0.48864913,0.544196
428342733,0.4941771,0.544196
428842847,0.49318856,0.544196
429342721,0.4917128,0.544196
429842716,0.492522,0.544196
430342783,0.4931891,0.544196
430843298,0.4923997,0.544196
431342726,0.49134713,0.544196
431842716,0.49344885,0.544196
432342964,0.49187797,0.544196
432842732,0.49033052,0.544196
433342716,0.49361682,0.544196
433842716,0.49317998,0.544196
434343354,0.496051,0.544196
434842717,0.49028558,0.544196
435342770,0.49466228,0.544196
435842759,0.49277127,0.544196
436342717,0.49451154,0.544196
436842716,0.493842,0.544196
437342758,0.496769,0.544196
437843561,0.49177092,0.544196
438342794,0.49595475,0.544196
438842862,0.49139667,0.544196
439342757,0.5053979,0.544196
439842981,0.514287,0.544196
440342716,0.51933515,0.544196
440842716,0.51438,0.544196
441342967,0.5183686,0.544196
441842891,0.5131104,0.544196
442342728,0.51776385,0.544196
442842748,0.50899756,0.544196
443342716,0.49290156,0.544196
443842716,0.49509197,0.544196
444342716,0.513288,0.544196
444843083,0.5178499,0.544196
445342747,0.51491404,0.544196
445842718,0.5069134,0.544196
446342719,0.50512004,0.544196
446842716,0.496862,0.544196
447342716,0.49343598,0.544196
447842868,0.49527842,0.544196
448343105,0.49231666,0.544196
448842745,0.49087602,0.544196
449342755,0.4934165,0.544196
449842887,0.4915113,0.544196
450342775,0.49197024,0.544196
450842857,0.49617797,0.544196
451342980,0.493954,0.544196
451842717,0.49147505,0.544196
452342718,0.49150896,0.544196
452842718,0.49667,0.544196
453343966,0.49412072,0.544196
453843031,0.48980248,0.544196
454342718,0.497212,0.544196
454842839,0.491688,0.544196
455342718,0.49559796,0.544196
455842717,0.49113196,0.544196
456342763,0.49310428,0.544196
456843873,0.49239624,0.544196
457342776,0.49181807,0.544196
457842834,0.49215406,0.544196
458342776,0.49382305,0.544196
458842749,0.48999655,0.544196
459342720,0.48905128,0.544196
459842716,0.49487603,0.544196
460343540,0.49168867,0.544196
460843178,0.4940307,0.544196
461342716,0.49162424,0.544196
461842748,0.4953053,0.544196
462342752,0.49048346,0.544196
462842785,0.49358624,0.544196
463342876,0.49518228,0.544196
463843652,0.4933859,0.544196
464342716,0.49229103,0.544196
464842829,0.49297303,0.544196
465342870,0.49506116,0.544196
465842717,0.49107987,0.544196
466342776,0.49368238,0.544196
466842773,0.49274832,0.544196
467344082,0.49483097,0.544196
467843115,0.48984337,0.544196
468342717,0.49456805,0.544196
468843317,0.49476427,0.544196
469342742,0.49401414,0.544196
469842716,0.4912476,0.544196
470343126,0.49498093,0.544196
470842716,0.4881251,0.544196
471342718,0.496078,0.544196
471842717,0.49369,0.544196
472343148,0.49731714,0.544196
472842718,0.49266118,0.544196
473342734,0.49428517,0.544196
473842716,0.49199075,0.544196
474342717,0.492249,0.544196
474842776,0.49090856,0.544196
475342718,0.4948727,0.544196
475843596,0.49078512,0.544196
476342717,0.49159026,0.544196
476842920,0.49335754,0.544196
477342742,0.49175453,0.544196
477842717,0.4904155,0.544196
478342717,0.49258298,0.544196
478842718,0.490425,0.544196
479342940,0.49722922,0.544196
479842926,0.49064767,0.544196
480342718,0.4923318,0.544196
480842719,0.48816508,0.544196
481342740,0.4935313,0.544196
481842718,0.48915547,0.544196
482342783,0.49637228,0.544196
482844464,0.49039024,0.544196
483342716,0.4967625,0.544196
483842787,0.49168998,0.544196
484343356,0.49658096,0.544196
484842758,0.49242407,0.544196
485342758,0.49421,0.544196
485842928,0.49268138,0.544196
486342716,0.4947,0.544196
486842741,0.49199343,0.544196
487342817,0.49406445,0.544196
487842717,0.492105,0.544196
488342734,0.4921072,0.544196
488842773,0.49327356,0.544196
489342803,0.49244344,0.544196
489842767,0.49446458,0.544196
490342797,0.49404538,0.544196
490842820,0.4911654,0.544196
491343333,0.49324203,0.544196
491842744,0.49222684,0.544196
492342782,0.49233264,0.544196
492842915,0.4938705,0.544196
493342720,0.49152762,0.544196
493842742,0.49385327,0.544196
494342778,0.49211782,0.544196
494843353,0.4914621,0.544196
495342831,0.49391502,0.544196
495843198,0.49254543,0.544196
496342773,0.49369323,0.544196
496842716,0.49336976,0.544196
497342718,0.494955,0.544196
497842819,0.49328,0.544196
498342917,0.4943332,0.544196
498842783,0.49374235,0.544196
499342716,0.4915309,0.544196
499843988,0.5168123,0.544196
500342716,0.51211226,0.544196
500842720,0.51884604,0.544196
501343555,0.51461047,0.544196
501843485,0.5480271,0.54510105
502342717,0.49954128,0.54510105
