timestamp,lat,lon,alt,alt_ellipsoid,delta_alt,eph,epv,terrain_alt,lat_lon_reset_counter,alt_reset_counter,terrain_alt_valid,dead_reckoning
16962932,34.0348427051,108.756751616,414.017,386.097,-0.0,1.40371,1.98359,413.938,2,0,1,0
16972942,34.0348427076,108.756751613,414.016,386.096,-0.0,1.40389,1.98373,413.938,2,0,1,0
17163186,34.0348427683,108.756751533,414.006,386.091,-0.0,1.39395,1.98071,413.92,2,0,1,0
17363443,34.0348428111,108.756751494,414.001,386.092,-0.0,1.38595,1.97928,413.907,2,0,1,0
17563700,34.0348428365,108.756751465,414.0,386.097,-0.0,1.37927,1.97705,413.9,2,0,1,0
17763957,34.0348428838,108.756751408,414.0,386.103,-0.0,1.37364,1.97511,413.887,2,0,1,0
17964218,34.0348429291,108.756751315,413.999,386.107,-0.0,1.36882,1.97428,413.872,2,0,1,0
18164471,34.0348429986,108.756751183,413.993,386.106,-0.0,1.36466,1.97272,413.863,2,0,1,0
18364728,34.03484306,108.756751025,413.989,386.106,-0.0,1.36101,1.97135,413.855,2,0,1,0
18564985,34.0348430847,108.756750896,413.987,386.108,-0.0,1.35779,1.97012,413.837,2,0,1,0
18765258,34.0348431454,108.756750768,413.982,386.108,-0.0,1.35493,1.96976,413.829,2,0,1,0
18965500,34.0348432282,108.756750663,413.983,386.112,-0.0,1.35239,1.96875,413.829,2,0,1,0
19165757,34.0348433175,108.756750625,413.99,386.122,-0.0,1.35011,1.96784,413.827,2,0,1,0
19366033,34.0348433871,108.756750557,413.995,386.129,-0.0,1.34809,1.96769,413.827,2,0,1,0
19566280,34.0348434466,108.756750561,414.0,386.136,-0.0,1.34624,1.96691,413.816,2,0,1,0
19766530,34.0348435489,108.756750513,414.003,386.14,-0.0,1.34463,1.9662,413.816,2,0,1,0
19966786,34.0348436628,108.756750464,414.012,386.151,-0.0,1.34314,1.96619,413.816,2,0,1,0
20167043,34.0348437393,108.756750403,414.021,386.16,-0.0,1.34179,1.96558,413.816,2,0,1,0
20367300,34.0348438373,108.756750338,414.031,386.17,-0.0,1.34056,1.96502,413.816,2,0,1,0
20567557,34.0348439096,108.756750294,414.043,386.182,-0.0,1.33945,1.9645,413.816,2,0,1,0
20767807,34.0348440107,108.756750223,414.049,386.187,-0.0,1.33847,1.96462,413.816,2,0,1,0
20968072,34.0348440463,108.756750154,414.057,386.195,-0.0,1.33755,1.96416,413.816,2,0,1,0
21168329,34.0348440738,108.756750054,414.068,386.205,-0.0,1.33672,1.96374,413.816,2,0,1,0
21368586,34.0348441467,108.756749974,414.08,386.215,-0.0,1.33599,1.96335,413.816,2,0,1,0
21568850,34.0348441818,108.756749938,414.098,386.232,-0.0,1.33531,1.96354,413.816,2,0,1,0
21769100,34.0348442004,108.756749894,414.114,386.246,-0.0,1.33465,1.96319,413.816,2,0,1,0
21969358,34.0348441803,108.756749831,414.125,386.255,-0.0,1.33407,1.96285,0.0,2,0,0,0
22169616,34.0348441621,108.756749777,414.133,386.262,-0.0,1.33352,1.96309,0.0,2,0,0,0
22369872,34.034844212,108.756749686,414.145,386.272,-0.0,1.33301,1.96278,0.0,2,0,0,0
22570132,34.0348442228,108.75674962,414.156,386.281,-0.0,1.33254,1.96249,0.0,2,0,0,0
22770387,34.0348441902,108.756749575,414.166,386.289,-0.0,1.33207,1.96221,0.0,2,0,0,0
22960632,34.0348442176,108.756749457,414.172,386.294,-0.0,1.33139,1.96233,0.0,2,0,0,0
23160888,34.0348442721,108.756749385,414.176,386.298,-0.0,1.33098,1.9626,0.0,2,0,0,0
23361146,34.0348442919,108.756749209,414.179,386.301,-0.0,1.33058,1.96233,0.0,2,0,0,0
23571416,34.0348443818,108.756749102,414.186,386.308,-0.0,1.33044,1.96221,0.0,2,0,0,0
23771673,34.0348444392,108.756749024,414.194,386.316,-0.0,1.3301,1.96196,0.0,2,0,0,0
23961917,34.0348444843,108.756748927,414.201,386.323,-0.0,1.32955,1.9621,0.0,2,0,0,0
24162175,34.0348445811,108.75674883,414.217,386.34,-0.0,1.32925,1.96187,0.0,2,0,0,0
24362432,34.0348446444,108.756748727,414.237,386.36,-0.0,1.32895,1.96164,0.0,2,0,0,0
24562690,34.0348446911,108.756748556,414.259,386.382,-0.0,1.32868,1.96194,0.0,2,0,0,0
24762947,34.0348447368,108.756748483,414.279,386.403,-0.0,1.32842,1.96172,0.0,2,0,0,0
24963204,34.0348447827,108.756748444,414.299,386.423,-0.0,1.32817,1.96202,0.0,2,0,0,0
25163477,34.0348448149,108.756748378,414.314,386.438,-0.0,1.32794,1.96179,0.0,2,0,0,0
25363719,34.0348447995,108.756748258,414.325,386.451,-0.0,1.32771,1.96157,0.0,2,0,0,0
25563977,34.0348448098,108.756748169,414.339,386.467,-0.0,1.32747,1.96135,0.0,2,0,0,0
25764234,34.0348448255,108.756747998,414.354,386.484,-0.0,1.32726,1.96165,0.0,2,0,0,0
25964493,34.0348449591,108.756747833,414.382,386.513,-0.0,1.32706,1.96145,0.0,2,0,0,0
26164749,34.0348451715,108.756747681,414.42,386.553,-0.0,1.32687,1.96124,0.0,2,0,0,0
26365006,34.0348453859,108.756747536,414.463,386.599,-0.0,1.32668,1.96104,0.0,2,0,0,0
26565266,34.0348456183,108.756747295,414.511,386.65,-0.0,1.32651,1.96135,0.0,2,0,0,0
26765522,34.0348458742,108.756746954,414.578,386.72,-0.0,1.32634,1.96115,0.0,2,0,0,0
26965779,34.0348462501,108.7567467,414.637,386.783,-0.0,1.32617,1.96095,0.0,2,0,0,0
27166050,34.034846619,108.756746508,414.687,386.838,-0.0,1.326,1.96126,0.0,2,0,0,0
27366295,34.0348468871,108.756746357,414.741,386.896,-0.0,1.32581,1.96106,0.0,2,0,0,0
27566555,34.0348471328,108.756746145,414.811,386.972,-0.0,1.32561,1.96087,0.0,2,0,0,0
27766810,34.0348473392,108.756745874,414.898,387.063,-0.0,1.32542,1.96118,0.0,2,0,0,0
27967067,34.0348475958,108.756745753,414.979,387.151,-0.0,1.32522,1.961,0.0,2,0,0,0
28167328,34.0348477957,108.756745698,415.065,387.243,-0.0,1.32503,1.96081,0.0,2,0,0,0
28367583,34.0348480343,108.756745719,415.137,387.32,-0.0,1.32483,1.96063,0.0,2,0,0,0
28567840,34.0348483137,108.756745881,415.193,387.381,-0.0,1.32461,1.96095,0.0,2,0,0,0
28768103,34.0348486168,108.756745936,415.234,387.429,-0.0,1.32439,1.96076,0.0,2,0,0,0
28968356,34.0348490233,108.756746057,415.264,387.465,-0.0,1.32415,1.96058,0.0,2,0,0,0
29168613,34.0348494634,108.756746254,415.284,387.489,-0.0,1.32391,1.96089,0.0,2,0,0,0
29368876,34.0348498844,108.756746459,415.29,387.502,-0.0,1.3237,1.96072,0.0,2,0,0,0
29569130,34.0348503248,108.756746685,415.291,387.51,-0.0,1.32346,1.96054,0.0,2,0,0,0
29769386,34.0348507627,108.756746973,415.286,387.51,-0.0,1.32323,1.96086,0.0,2,0,0,0
29969644,34.0348511716,108.756747433,415.254,387.486,-0.0,1.32303,1.96069,0.0,2,0,0,0
30159888,34.0348515272,108.756747926,415.218,387.457,-0.0,1.3226,1.96039,0.0,2,0,0,0
30360145,34.0348519243,108.756748467,415.195,387.442,-0.0,1.32239,1.96071,0.0,2,0,0,0
30570415,34.0348523698,108.756749042,415.177,387.431,-0.0,1.32238,1.96068,0.0,2,0,0,0
30770673,34.0348527843,108.756749582,415.171,387.433,-0.0,1.32218,1.96052,0.0,2,0,0,0
30970934,34.0348532093,108.756750083,415.165,387.434,-0.0,1.32199,1.96036,0.0,2,0,0,0
31161178,34.0348536456,108.756750498,415.159,387.436,-0.0,1.32161,1.96056,0.0,2,0,0,0
31361432,34.0348540888,108.75675077,415.163,387.447,-0.0,1.32146,1.96039,0.0,2,0,0,0
31561689,34.0348545432,108.756750988,415.166,387.459,-0.0,1.32132,1.96023,0.0,2,0,0,0
31761946,34.0348550455,108.756751208,415.164,387.465,-0.0,1.32121,1.96056,0.0,2,0,0,0
31972218,34.0348555639,108.756751386,415.151,387.46,-0.0,1.32132,1.96053,0.0,2,0,0,0
32162461,34.0348560542,108.756751475,415.134,387.452,-0.0,1.32101,1.96024,0.0,2,0,0,0
32362719,34.0348565553,108.756751402,415.116,387.441,-0.0,1.32091,1.96057,0.0,2,0,0,0
32562976,34.0348570985,108.756751206,415.096,387.429,-0.0,1.3208,1.96041,0.0,2,0,0,0
32763233,34.0348576437,108.756750985,415.059,387.4,-0.0,1.3207,1.96025,0.0,2,0,0,0
32963491,34.0348581999,108.756750852,415.009,387.357,-0.0,1.32059,1.96058,0.0,2,0,0,0
33163748,34.0348587499,108.75675076,414.954,387.309,-0.0,1.32048,1.96042,0.0,2,0,0,0
33364006,34.0348592842,108.756750636,414.895,387.256,-0.0,1.32037,1.96027,0.0,2,0,0,0
33564275,34.0348598326,108.756750465,414.811,387.178,-0.0,1.32026,1.96011,0.0,2,0,0,0
33764520,34.0348603401,108.756750177,414.728,387.102,-0.0,1.32013,1.96044,0.0,2,0,0,0
33964787,34.0348607105,108.756749942,414.686,387.066,-0.0,1.32001,1.96029,0.0,2,0,0,0
34165035,34.0348608135,108.756749858,414.686,387.071,-0.0,1.3199,1.96061,0.0,2,0,0,0
34365301,34.0348608159,108.75674984,414.663,387.053,-0.0,1.31979,1.96044,0.0,2,0,0,0
34565550,34.0348608342,108.756749708,414.637,387.031,-0.0,1.31969,1.96027,0.0,2,0,0,0
34765812,34.0348608356,108.75674966,414.601,387.0,-0.0,1.31961,1.96059,0.0,2,0,0,0
34966064,34.0348607576,108.756749601,414.583,386.989,-0.0,1.31951,1.96041,0.0,2,0,0,0
35166322,34.0348606871,108.75674952,414.572,386.984,-0.0,1.31945,1.96021,0.0,2,0,0,0
35366579,34.034860616,108.756749455,414.567,386.985,-0.0,1.3194,1.96049,0.0,2,0,0,0
35566836,34.0348605434,108.756749381,414.562,386.986,-0.0,1.31935,1.96028,0.0,2,0,0,0
35767097,34.0348604684,108.756749337,414.556,386.987,-0.0,1.31932,1.96006,0.0,2,0,0,0
35967351,34.0348603779,108.756749319,414.556,386.994,-0.0,1.3193,1.96032,0.0,2,0,0,0
36167608,34.0348602807,108.756749279,414.559,387.005,-0.0,1.31927,1.96008,0.0,2,0,0,0
36367865,34.0348601682,108.756749231,414.564,387.017,-0.0,1.31923,1.95985,0.0,2,0,0,0
36568123,34.0348600695,108.756749212,414.571,387.032,-0.0,1.31918,1.95961,0.0,2,0,0,0
36768387,34.0348599486,108.756749189,414.578,387.046,-0.0,1.31912,1.95984,0.0,2,0,0,0
36968637,34.0348598409,108.756749147,414.587,387.063,-0.0,1.31906,1.9596,0.0,2,0,0,0
37168894,34.0348597587,108.756749093,414.599,387.081,-0.0,1.31899,1.95983,0.0,2,0,0,0
37369151,34.0348596933,108.756749069,414.612,387.101,-0.0,1.31891,1.95959,0.0,2,0,0,0
37569408,34.0348596335,108.75674906,414.628,387.125,-0.0,1.31884,1.95937,0.0,2,0,0,0
37769665,34.0348595589,108.756749056,414.648,387.15,-0.0,1.31876,1.9596,0.0,2,0,0,0
37969923,34.0348595159,108.75674903,414.664,387.172,-0.0,1.3187,1.95938,0.0,2,0,0,0
38170181,34.0348594185,108.756748999,414.68,387.193,-0.0,1.31865,1.95917,0.0,2,0,0,0
38360425,34.0348593439,108.75674891,414.694,387.212,-0.0,1.31835,1.95931,0.0,2,0,0,0
38560681,34.0348592031,108.75674887,414.707,387.23,-0.0,1.31826,1.95912,0.0,2,0,0,0
38760938,34.0348591111,108.756748831,414.716,387.243,-0.0,1.31819,1.95893,0.0,2,0,0,0
38961195,34.0348589929,108.756748824,414.727,387.259,-0.0,1.3181,1.95875,0.0,2,0,0,0
39171468,34.034858897,108.756748759,414.73,387.266,-0.0,1.31823,1.9587,0.0,2,0,0,0
39361712,34.0348588339,108.756748646,414.733,387.273,-0.0,1.31792,1.95888,0.0,2,0,0,0
39561968,34.0348587666,108.7567486,414.735,387.28,-0.0,1.31783,1.95873,0.0,2,0,0,0
39762225,34.0348587198,108.756748553,414.743,387.292,-0.0,1.31772,1.95903,0.0,2,0,0,0
39962480,34.0348586338,108.756748518,414.749,387.301,-0.0,1.3176,1.95888,0.0,2,0,0,0
40162737,34.034858593,108.756748488,414.752,387.31,-0.0,1.31749,1.95874,0.0,2,0,0,0
40362998,34.0348585416,108.756748468,414.76,387.322,-0.0,1.31738,1.95906,0.0,2,0,0,0
40563251,34.0348584436,108.756748396,414.764,387.329,-0.0,1.31728,1.95893,0.0,2,0,0,0
40763508,34.0348583475,108.756748353,414.768,387.338,-0.0,1.31717,1.95881,0.0,2,0,0,0
40963766,34.0348582672,108.756748305,414.771,387.345,-0.0,1.31706,1.95915,0.0,2,0,0,0
41164026,34.0348581565,108.756748215,414.773,387.351,-0.0,1.31695,1.95904,0.0,2,0,0,0
41364281,34.0348580305,108.756748153,414.773,387.355,-0.0,1.31687,1.95893,0.0,2,0,0,0
41564538,34.0348579468,108.756748108,414.777,387.362,-0.0,1.31677,1.95927,0.0,2,0,0,0
41764796,34.0348578239,108.756748079,414.782,387.37,-0.0,1.31668,1.95916,0.0,2,0,0,0
41965050,34.0348577091,108.756748055,414.785,387.377,-0.0,1.31658,1.95905,0.0,2,0,0,0
42165309,34.0348576069,108.756748033,414.791,387.385,-0.0,1.31649,1.9594,0.0,2,0,0,0
42365565,34.0348575074,108.756747988,414.794,387.391,-0.0,1.31639,1.9593,0.0,2,0,0,0
42565821,34.0348574093,108.756747921,414.786,387.386,-0.0,1.31632,1.9592,0.0,2,0,0,0
42766078,34.0348573315,108.756747815,414.779,387.382,-0.0,1.31625,1.95956,0.0,2,0,0,0
42966336,34.0348571927,108.756747766,414.78,387.385,-0.0,1.31617,1.95946,0.0,2,0,0,0
43166593,34.0348570772,108.756747753,414.779,387.387,-0.0,1.3161,1.95936,0.0,2,0,0,0
43366849,34.0348569695,108.756747716,414.776,387.387,-0.0,1.31603,1.95972,0.0,2,0,0,0
43567106,34.0348569045,108.756747658,414.778,387.391,-0.0,1.31594,1.95962,0.0,2,0,0,0
43767363,34.0348568251,108.756747614,414.775,387.39,-0.0,1.31588,1.95952,0.0,2,0,0,0
43967627,34.0348566999,108.756747549,414.766,387.382,-0.0,1.31582,1.95941,0.0,2,0,0,0
44167877,34.0348565812,108.756747485,414.756,387.374,-0.0,1.31576,1.95978,0.0,2,0,0,0
44368134,34.0348564969,108.756747412,414.744,387.365,-0.0,1.3157,1.95967,0.0,2,0,0,0
44568391,34.0348563842,108.756747297,414.73,387.353,-0.0,1.31565,1.95957,0.0,2,0,0,0
44768648,34.0348562565,108.756747206,414.72,387.345,-0.0,1.31561,1.95947,0.0,2,0,0,0
44968904,34.0348561714,108.756747157,414.707,387.336,-0.0,1.31557,1.95983,0.0,2,0,0,0
45169162,34.0348561128,108.756747138,414.692,387.323,-0.0,1.31555,1.95973,0.0,2,0,0,0
45369426,34.034856005,108.756747074,414.673,387.308,-0.0,1.31553,1.95962,0.0,2,0,0,0
45569675,34.0348558996,108.756747071,414.66,387.297,-0.0,1.31551,1.95997,0.0,2,0,0,0
45759929,34.0348558247,108.756747022,414.653,387.294,-0.0,1.3153,1.95973,0.0,2,0,0,0
45970196,34.0348557707,108.756746946,414.647,387.292,-0.0,1.31547,1.95974,0.0,2,0,0,0
46170445,34.0348557087,108.756746894,414.645,387.293,-0.0,1.31547,1.9601,0.0,2,0,0,0
46370702,34.0348556308,108.756746868,414.638,387.29,-0.0,1.31546,1.95998,0.0,2,0,0,0
46570976,34.0348555472,108.756746812,414.632,387.287,-0.0,1.31545,1.95986,0.0,2,0,0,0
46761205,34.0348554876,108.756746758,414.627,387.286,-0.0,1.31526,1.96009,0.0,2,0,0,0
46961459,34.0348554105,108.75674671,414.624,387.286,-0.0,1.31525,1.95997,0.0,2,0,0,0
47161720,34.0348552667,108.756746658,414.626,387.292,-0.0,1.31524,1.96032,0.0,2,0,0,0
47371986,34.0348551429,108.756746591,414.62,387.289,-0.0,1.31544,1.96031,0.0,2,0,0,0
47562228,34.0348550577,108.756746513,414.614,387.286,-0.0,1.31525,1.96005,0.0,2,0,0,0
47762485,34.0348550174,108.756746479,414.603,387.279,-0.0,1.31525,1.95991,0.0,2,0,0,0
47962744,34.03485501,108.756746418,414.591,387.271,-0.0,1.31525,1.96025,0.0,2,0,0,0
48162998,34.0348549151,108.756746369,414.581,387.264,-0.0,1.31523,1.96012,0.0,2,0,0,0
48363254,34.0348548416,108.756746311,414.572,387.258,-0.0,1.31524,1.95998,0.0,2,0,0,0
48563510,34.0348547878,108.75674626,414.565,387.256,-0.0,1.31522,1.96033,0.0,2,0,0,0
48763766,34.034854702,108.756746211,414.56,387.254,-0.0,1.3152,1.96019,0.0,2,0,0,0
48964023,34.034854674,108.756746085,414.55,387.247,-0.0,1.31519,1.96006,0.0,2,0,0,0
49164286,34.0348546461,108.756746012,414.542,387.244,-0.0,1.31519,1.9604,0.0,2,0,0,0
49364539,34.0348546169,108.756745901,414.539,387.244,-0.0,1.31519,1.96026,0.0,2,0,0,0
49564791,34.034854562,108.756745806,414.531,387.24,-0.0,1.31517,1.96012,0.0,2,0,0,0
49765048,34.0348545023,108.756745708,414.528,387.241,-0.0,1.31517,1.95998,0.0,2,0,0,0
49965307,34.0348544731,108.756745582,414.522,387.239,-0.0,1.31516,1.96032,0.0,2,0,0,0
50165560,34.0348544263,108.756745445,414.51,387.23,-0.0,1.31515,1.96018,0.0,2,0,0,0
50365816,34.0348543388,108.756745341,414.5,387.225,-0.0,1.31514,1.96004,0.0,2,0,0,0
50566072,34.0348542488,108.756745292,414.495,387.224,-0.0,1.31512,1.9599,0.0,2,0,0,0
50766328,34.034854159,108.756745226,414.499,387.231,-0.0,1.31508,1.96025,0.0,2,0,0,0
50966584,34.0348540366,108.756745113,414.496,387.231,-0.0,1.31506,1.9601,0.0,2,0,0,0
51166840,34.0348539454,108.756745,414.493,387.231,-0.0,1.31502,1.96044,0.0,2,0,0,0
51367098,34.0348538627,108.756744852,414.49,387.231,-0.0,1.31497,1.9603,0.0,2,0,0,0
51567352,34.0348537663,108.756744722,414.489,387.233,-0.0,1.31491,1.96016,0.0,2,0,0,0
51767608,34.0348537165,108.756744625,414.49,387.236,-0.0,1.31485,1.96002,0.0,2,0,0,0
51967864,34.0348536497,108.756744481,414.49,387.239,-0.0,1.31479,1.96036,0.0,2,0,0,0
52168123,34.0348535935,108.756744396,414.489,387.239,-0.0,1.31473,1.96022,0.0,2,0,0,0
52368378,34.0348535168,108.756744305,414.488,387.24,-0.0,1.31468,1.96008,0.0,2,0,0,0
52568631,34.0348534039,108.756744245,414.492,387.246,-0.0,1.31463,1.95994,0.0,2,0,0,0
52768887,34.0348533555,108.75674415,414.489,387.244,-0.0,1.31459,1.96028,0.0,2,0,0,0
52969143,34.0348532705,108.756744031,414.485,387.242,-0.0,1.31455,1.96013,0.0,2,0,0,0
53169399,34.0348531404,108.756743941,414.489,387.247,-0.0,1.31452,1.95999,0.0,2,0,0,0
53369654,34.0348530629,108.756743828,414.493,387.252,-0.0,1.31449,1.96033,0.0,2,0,0,0
53569910,34.0348530271,108.756743723,414.494,387.255,-0.0,1.31447,1.96018,0.0,2,0,0,0
53770166,34.0348529833,108.756743644,414.493,387.254,-0.0,1.31444,1.96004,0.0,2,0,0,0
53960409,34.03485293,108.756743536,414.49,387.253,-0.0,1.31424,1.96025,0.0,2,0,0,0
54160665,34.034852911,108.756743438,414.49,387.252,-0.0,1.3142,1.96011,0.0,2,0,0,0
54370940,34.0348528483,108.756743324,414.483,387.246,-0.0,1.31437,1.9601,0.0,2,0,0,0
54571189,34.034852806,108.756743262,414.483,387.246,-0.0,1.31435,1.96044,0.0,2,0,0,0
54761432,34.0348527455,108.756743169,414.482,387.245,-0.0,1.31414,1.96016,0.0,2,0,0,0
54961687,34.0348527048,108.756743043,414.474,387.237,-0.0,1.31411,1.96002,0.0,2,0,0,0
55161946,34.0348526882,108.756742963,414.471,387.234,-0.0,1.31408,1.96036,0.0,2,0,0,0
55362199,34.0348526551,108.756742856,414.472,387.235,-0.0,1.31405,1.96022,0.0,2,0,0,0
55562454,34.0348526023,108.756742741,414.478,387.24,-0.0,1.31401,1.96008,0.0,2,0,0,0
55762712,34.0348525354,108.756742638,414.48,387.241,-0.0,1.31397,1.95994,0.0,2,0,0,0
55962966,34.0348525408,108.756742543,414.477,387.237,-0.0,1.31394,1.96028,0.0,2,0,0,0
56163225,34.034852562,108.756742405,414.476,387.235,-0.0,1.3139,1.96014,0.0,2,0,0,0
56363477,34.0348525016,108.756742322,414.478,387.237,-0.0,1.31387,1.96,0.0,2,0,0,0
56563733,34.0348524522,108.756742255,414.481,387.24,-0.0,1.31384,1.96034,0.0,2,0,0,0
56763990,34.0348524882,108.756742082,414.487,387.245,-0.0,1.31381,1.96019,0.0,2,0,0,0
56964244,34.0348523776,108.756741955,414.491,387.248,-0.0,1.31379,1.96052,0.0,2,0,0,0
57164499,34.0348523089,108.756741847,414.494,387.251,-0.0,1.31377,1.96037,0.0,2,0,0,0
57364755,34.0348522848,108.756741755,414.499,387.255,-0.0,1.31375,1.96022,0.0,2,0,0,0
57565030,34.0348522424,108.756741665,414.508,387.264,-0.0,1.31374,1.96007,0.0,2,0,0,0
57765268,34.0348522583,108.756741506,414.52,387.275,-0.0,1.31371,1.9604,0.0,2,0,0,0
57965522,34.0348522427,108.756741463,414.523,387.277,-0.0,1.3137,1.96026,0.0,2,0,0,0
58165778,34.0348522161,108.756741359,414.526,387.281,-0.0,1.31369,1.96011,0.0,2,0,0,0
58366033,34.0348521904,108.756741323,414.533,387.288,-0.0,1.31369,1.96045,0.0,2,0,0,0
58566291,34.034852149,108.756741322,414.544,387.299,-0.0,1.31368,1.96029,0.0,2,0,0,0
58766544,34.03485212,108.756741375,414.587,387.342,-0.0,1.31368,1.96013,0.0,2,0,0,0
58966801,34.0348521551,108.756741499,414.651,387.406,-0.0,1.31367,1.96046,0.0,2,0,0,0
59167055,34.0348522443,108.756741742,414.733,387.488,-0.0,1.31368,1.9603,0.0,2,0,0,0
59367311,34.0348523202,108.756742027,414.844,387.599,-0.0,1.31368,1.96015,0.0,2,0,0,0
59567566,34.0348524051,108.756742328,414.961,387.715,-0.0,1.31368,1.96049,0.0,2,0,0,0
59767821,34.0348525465,108.756742544,415.084,387.839,-0.0,1.31368,1.96033,0.0,2,0,0,0
59968078,34.034852712,108.756742649,415.213,387.968,-0.0,1.31368,1.96019,0.0,2,0,0,0
60168332,34.0348529121,108.756742791,415.315,388.071,-0.0,1.31369,1.96052,0.0,2,0,0,0
60368590,34.0348531441,108.756742819,415.386,388.144,-0.0,1.31369,1.96037,0.0,2,0,0,0
60568843,34.034853441,108.75674287,415.448,388.208,-0.0,1.31369,1.96021,0.0,2,0,0,0
60769100,34.0348536749,108.756742888,415.515,388.276,-0.0,1.31367,1.96006,0.0,2,0,0,0
60969353,34.0348538706,108.756742811,415.58,388.343,-0.0,1.31366,1.9604,0.0,2,0,0,0
61159615,34.0348540454,108.756742724,415.645,388.41,-0.0,1.31347,1.96011,0.0,2,0,0,0
61369864,34.0348542472,108.756742666,415.711,388.478,-0.0,1.31368,1.9601,0.0,2,0,0,0
61570119,34.0348544147,108.756742593,415.795,388.563,-0.0,1.31366,1.96044,0.0,2,0,0,0
61770374,34.0348544858,108.756742518,415.89,388.66,-0.0,1.31364,1.96029,0.0,2,0,0,0
61970631,34.0348545526,108.756742445,415.98,388.752,-0.0,1.31362,1.96015,0.0,2,0,0,0
62160872,34.034854679,108.75674241,416.048,388.823,-0.0,1.31342,1.95988,0.0,2,0,0,0
62361131,34.0348548762,108.75674257,416.096,388.873,-0.0,1.31344,1.96021,0.0,2,0,0,0
62561382,34.0348550335,108.756742603,416.126,388.905,-0.0,1.3135,1.96007,0.0,2,0,0,0
62771650,34.0348551197,108.756742471,416.136,388.918,-0.0,1.31379,1.96007,0.0,2,0,0,0
62971905,34.0348551777,108.756742174,416.125,388.908,-0.0,1.31392,1.95993,0.0,2,0,0,0
63162147,34.0348552694,108.756741762,416.112,388.896,-0.0,1.31386,1.96014,0.0,2,0,0,0
63362419,34.0348554093,108.75674132,416.098,388.885,-0.0,1.31401,1.96,0.0,2,0,0,0
63562668,34.0348555791,108.75674087,416.09,388.878,-0.0,1.31416,1.95987,0.0,2,0,0,0
63762913,34.0348558016,108.756740475,416.075,388.865,-0.0,1.31432,1.9602,0.0,2,0,0,0
63963168,34.0348560916,108.756740139,416.068,388.859,-0.0,1.31448,1.96053,0.0,2,0,0,0
64163422,34.034856568,108.756739805,416.073,388.866,-0.0,1.31464,1.96037,0.0,2,0,0,0
64363677,34.0348572593,108.756739587,416.081,388.876,-0.0,1.31479,1.96022,0.0,2,0,0,0
64563932,34.0348581126,108.756739516,416.103,388.901,-0.0,1.31494,1.96055,0.0,2,0,0,0
64764192,34.0348590153,108.756739489,416.136,388.937,-0.0,1.31509,1.96039,0.0,2,0,0,0
64964443,34.0348600142,108.756739636,416.202,389.006,-0.0,1.31523,1.96024,0.0,2,0,0,0
65164697,34.0348612973,108.756739875,416.288,389.097,-0.0,1.31536,1.96009,0.0,2,0,0,0
65364952,34.0348627548,108.75674015,416.371,389.184,-0.0,1.31548,1.96042,0.0,2,0,0,0
65565207,34.0348642124,108.75674032,416.451,389.27,-0.0,1.31558,1.96027,0.0,2,0,0,0
65765470,34.0348657786,108.756740377,416.508,389.332,-0.0,1.31571,1.96012,0.0,2,0,0,0
65965717,34.0348674941,108.756740449,416.539,389.37,-0.0,1.31583,1.96045,0.0,2,0,0,0
66165972,34.034869232,108.756740552,416.56,389.398,-0.0,1.31591,1.9603,0.0,2,0,0,0
66366227,34.034870975,108.756740772,416.567,389.411,-0.0,1.31599,1.96015,0.0,2,0,0,0
66566481,34.0348727191,108.756741006,416.569,389.419,-0.0,1.31603,1.96,0.0,2,0,0,0
66766736,34.0348744862,108.756741241,416.554,389.41,-0.0,1.31605,1.96034,0.0,2,0,0,0
66966991,34.0348763448,108.756741446,416.534,389.394,-0.0,1.31608,1.96019,0.0,2,0,0,0
67167246,34.0348783616,108.756741627,416.529,389.394,-0.0,1.3161,1.96005,0.0,2,0,0,0
67367502,34.0348803802,108.756741755,416.539,389.408,-0.0,1.31613,1.96039,0.0,2,0,0,0
67567755,34.034882446,108.756741879,416.544,389.417,-0.0,1.31616,1.96024,0.0,2,0,0,0
67768010,34.03488463,108.75674194,416.528,389.406,-0.0,1.31622,1.96057,0.0,2,0,0,0
67968270,34.0348869028,108.75674194,416.478,389.361,-0.0,1.31628,1.96042,0.0,2,0,0,0
68168519,34.0348892828,108.756741842,416.429,389.316,-0.0,1.31634,1.96026,0.0,2,0,0,0
68368773,34.0348916703,108.756741756,416.391,389.283,-0.0,1.31637,1.96011,0.0,2,0,0,0
68569033,34.0348940299,108.756741704,416.336,389.233,-0.0,1.31639,1.96045,0.0,2,0,0,0
68769281,34.0348963694,108.756741693,416.275,389.18,-0.0,1.31637,1.9603,0.0,2,0,0,0
68969552,34.0348987022,108.756741698,416.222,389.135,-0.0,1.31635,1.96015,0.0,2,0,0,0
69169792,34.0349010398,108.756741716,416.172,389.095,-0.0,1.31632,1.96,0.0,2,0,0,0
69360050,34.0349031599,108.756741775,416.144,389.078,-0.0,1.31607,1.96021,0.0,2,0,0,0
69560285,34.0349053465,108.756741922,416.15,389.093,-0.0,1.31601,1.96007,0.0,2,0,0,0
69770551,34.0349075824,108.75674211,416.195,389.149,-0.0,1.31614,1.96006,0.0,2,0,0,0
69970804,34.0349097114,108.756742246,416.263,389.227,-0.0,1.31607,1.9604,0.0,2,0,0,0
70171058,34.0349119121,108.756742341,416.342,389.317,-0.0,1.31599,1.96026,0.0,2,0,0,0
70361299,34.0349140679,108.756742474,416.415,389.402,-0.0,1.31575,1.95999,0.0,2,0,0,0
70561554,34.0349163848,108.756742634,416.5,389.498,-0.0,1.31571,1.96033,0.0,2,0,0,0
70761812,34.0349187431,108.756742825,416.606,389.616,-0.0,1.31565,1.96019,0.0,2,0,0,0
70962060,34.0349211104,108.756743079,416.731,389.752,-0.0,1.31559,1.96005,0.0,2,0,0,0
71172326,34.0349235977,108.756743393,416.83,389.864,-0.0,1.31571,1.96005,0.0,2,0,0,0
71362580,34.0349258286,108.756743697,416.879,389.925,-0.0,1.31547,1.96025,0.0,2,0,0,0
71562818,34.0349281352,108.756744073,416.9,389.96,-0.0,1.31542,1.9601,0.0,2,0,0,0
71763072,34.0349304002,108.756744413,416.911,389.985,-0.0,1.31536,1.96044,0.0,2,0,0,0
71963324,34.0349326486,108.756744644,416.938,390.027,-0.0,1.31529,1.96029,0.0,2,0,0,0
72163580,34.0349348598,108.756744818,416.967,390.07,-0.0,1.31522,1.96014,0.0,2,0,0,0
72363830,34.0349370704,108.756744997,416.988,390.105,-0.0,1.31516,1.96048,0.0,2,0,0,0
72564093,34.0349392748,108.756745236,417.004,390.135,-0.0,1.3151,1.96033,0.0,2,0,0,0
72764336,34.0349414762,108.756745435,417.014,390.158,-0.0,1.31503,1.96019,0.0,2,0,0,0
72964588,34.0349436769,108.756745638,417.006,390.164,-0.0,1.31496,1.96004,0.0,2,0,0,0
73164841,34.0349458854,108.756745851,416.982,390.155,-0.0,1.31488,1.96039,0.0,2,0,0,0
73365094,34.0349480888,108.756746036,416.964,390.154,-0.0,1.31481,1.96024,0.0,2,0,0,0
73565347,34.0349502645,108.756746141,416.967,390.171,-0.0,1.31472,1.9601,0.0,2,0,0,0
73765608,34.0349524243,108.756746255,416.974,390.193,-0.0,1.31465,1.95996,0.0,2,0,0,0
73965851,34.0349546435,108.756746418,416.97,390.202,-0.0,1.31459,1.96031,0.0,2,0,0,0
74166104,34.0349569133,108.75674651,416.967,390.215,-0.0,1.31455,1.96017,0.0,2,0,0,0
74366359,34.0349592064,108.756746535,416.962,390.225,-0.0,1.31451,1.96003,0.0,2,0,0,0
74566608,34.034961519,108.75674648,416.957,390.235,-0.0,1.31446,1.95989,0.0,2,0,0,0
74766861,34.0349638787,108.75674648,416.949,390.243,-0.0,1.31442,1.96023,0.0,2,0,0,0
74967116,34.0349662675,108.75674649,416.943,390.253,-0.0,1.31439,1.96008,0.0,2,0,0,0
75167366,34.0349686776,108.756746505,416.949,390.275,-0.0,1.31437,1.96041,0.0,2,0,0,0
75367617,34.0349711075,108.756746568,416.975,390.317,-0.0,1.31434,1.96026,0.0,2,0,0,0
75567869,34.0349735414,108.756746649,417.029,390.386,-0.0,1.31432,1.96011,0.0,2,0,0,0
75768121,34.034976011,108.756746754,417.081,390.454,-0.0,1.3143,1.96045,0.0,2,0,0,0
75968376,34.0349784844,108.756746941,417.106,390.495,-0.0,1.31428,1.9603,0.0,2,0,0,0
76168625,34.0349809832,108.756747236,417.124,390.528,-0.0,1.31426,1.96016,0.0,2,0,0,0
76368877,34.03498345,108.756747619,417.126,390.547,-0.0,1.31423,1.96001,0.0,2,0,0,0
76569129,34.0349859153,108.75674797,417.118,390.555,-0.0,1.3142,1.96035,0.0,2,0,0,0
76769381,34.0349883679,108.756748175,417.127,390.581,-0.0,1.31417,1.9602,0.0,2,0,0,0
76969632,34.0349908335,108.75674832,417.156,390.625,-0.0,1.31416,1.96053,0.0,2,0,0,0
77169884,34.0349933083,108.756748431,417.182,390.667,-0.0,1.31412,1.96037,0.0,2,0,0,0
77370135,34.0349958106,108.756748542,417.197,390.7,-0.0,1.31408,1.96022,0.0,2,0,0,0
77570387,34.0349983582,108.756748716,417.209,390.728,-0.0,1.31404,1.96055,0.0,2,0,0,0
77760625,34.0350008303,108.756748902,417.214,390.75,-0.0,1.31382,1.96026,0.0,2,0,0,0
77960877,34.0350034656,108.756749005,417.196,390.749,-0.0,1.31379,1.96011,0.0,2,0,0,0
78171142,34.0350062447,108.756749152,417.151,390.722,-0.0,1.31395,1.96009,0.0,2,0,0,0
78371392,34.0350088896,108.756749327,417.091,390.681,-0.0,1.31391,1.96043,0.0,2,0,0,0
78561634,34.0350113602,108.756749483,417.029,390.636,-0.0,1.31368,1.96015,0.0,2,0,0,0
78761882,34.0350139718,108.756749694,416.97,390.593,-0.0,1.31367,1.96048,0.0,2,0,0,0
78962133,34.0350165553,108.756749882,416.916,390.555,-0.0,1.31368,1.96033,0.0,2,0,0,0
79162384,34.0350191247,108.756750041,416.868,390.523,-0.0,1.31371,1.96019,0.0,2,0,0,0
79362635,34.035021758,108.756750133,416.829,390.5,-0.0,1.31372,1.96004,0.0,2,0,0,0
79562887,34.035024428,108.756750271,416.788,390.474,-0.0,1.31376,1.96037,0.0,2,0,0,0
79763142,34.0350270972,108.756750372,416.743,390.444,-0.0,1.3138,1.96023,0.0,2,0,0,0
79963387,34.0350297251,108.756750435,416.699,390.416,-0.0,1.31385,1.96008,0.0,2,0,0,0
80163638,34.0350323321,108.756750419,416.669,390.401,-0.0,1.31388,1.95994,0.0,2,0,0,0
80363889,34.0350349691,108.756750425,416.651,390.398,-0.0,1.31394,1.96027,0.0,2,0,0,0
80564139,34.0350376209,108.756750632,416.65,390.412,-0.0,1.314,1.96012,0.0,2,0,0,0
80764390,34.0350402589,108.756750804,416.657,390.436,-0.0,1.31404,1.96044,0.0,2,0,0,0
80964641,34.0350429057,108.75675106,416.668,390.462,-0.0,1.31409,1.96029,0.0,2,0,0,0
81164891,34.0350455187,108.756751449,416.68,390.491,-0.0,1.31414,1.96013,0.0,2,0,0,0
81365143,34.0350481315,108.756751823,416.708,390.535,-0.0,1.31419,1.96047,0.0,2,0,0,0
81565394,34.0350507095,108.756752147,416.756,390.601,-0.0,1.31426,1.96032,0.0,2,0,0,0
81765665,34.0350532166,108.756752392,416.811,390.674,-0.0,1.31431,1.96017,0.0,2,0,0,0
81965893,34.0350556635,108.756752528,416.875,390.755,-0.0,1.31437,1.96002,0.0,2,0,0,0
82166143,34.0350581345,108.756752628,416.938,390.837,-0.0,1.31442,1.96036,0.0,2,0,0,0
82366394,34.0350606154,108.75675274,416.999,390.917,-0.0,1.31446,1.9602,0.0,2,0,0,0
82566648,34.0350630546,108.756752768,417.063,390.998,-0.0,1.3145,1.96005,0.0,2,0,0,0
82766895,34.0350654653,108.756752797,417.127,391.081,-0.0,1.31454,1.96039,0.0,2,0,0,0
82967144,34.0350678535,108.75675284,417.177,391.149,-0.0,1.31458,1.96024,0.0,2,0,0,0
83167394,34.0350701449,108.756752795,417.195,391.185,-0.0,1.31462,1.96009,0.0,2,0,0,0
83367644,34.0350723418,108.756752756,417.207,391.214,-0.0,1.31465,1.96043,0.0,2,0,0,0
83567894,34.0350744113,108.756752764,417.211,391.234,-0.0,1.31467,1.96028,0.0,2,0,0,0
83768144,34.0350763753,108.756752924,417.208,391.248,-0.0,1.3147,1.96014,0.0,2,0,0,0
83968394,34.0350782734,108.756753225,417.204,391.26,-0.0,1.31471,1.96048,0.0,2,0,0,0
84168650,34.0350800422,108.756753556,417.195,391.268,-0.0,1.31472,1.96033,0.0,2,0,0,0
84368894,34.0350817204,108.756753863,417.186,391.276,-0.0,1.31472,1.96018,0.0,2,0,0,0
84569144,34.0350834098,108.756754072,417.186,391.292,-0.0,1.31473,1.96003,0.0,2,0,0,0
84769394,34.0350851261,108.756754127,417.193,391.313,-0.0,1.31474,1.96037,0.0,2,0,0,0
84959632,34.0350867782,108.756754233,417.2,391.334,-0.0,1.31457,1.96009,0.0,2,0,0,0
85169893,34.0350885761,108.756754502,417.186,391.334,-0.0,1.31479,1.96008,0.0,2,0,0,0
85370143,34.0350901911,108.75675479,417.17,391.332,-0.0,1.31482,1.96042,0.0,2,0,0,0
85570393,34.0350916604,108.756755151,417.162,391.338,-0.0,1.31483,1.96027,0.0,2,0,0,0
85770643,34.0350929887,108.756755503,417.146,391.332,-0.0,1.31487,1.96013,0.0,2,0,0,0
85960883,34.0350941375,108.756755802,417.117,391.314,-0.0,1.31473,1.96033,0.0,2,0,0,0
86161133,34.0350952585,108.756755938,417.082,391.289,-0.0,1.31478,1.96019,0.0,2,0,0,0
86361380,34.0350963628,108.756756038,417.045,391.263,-0.0,1.31483,1.96004,0.0,2,0,0,0
86571642,34.0350975191,108.756756014,417.024,391.253,-0.0,1.31508,1.96003,0.0,2,0,0,0
86771892,34.0350986253,108.756756021,417.014,391.252,-0.0,1.31517,1.96037,0.0,2,0,0,0
86962129,34.0350996216,108.756755965,417.006,391.255,-0.0,1.31508,1.96009,0.0,2,0,0,0
87162379,34.0351005379,108.756755769,417.013,391.272,-0.0,1.31517,1.95995,0.0,2,0,0,0
87362629,34.035101192,108.756755355,417.028,391.298,-0.0,1.31524,1.96029,0.0,2,0,0,0
87562879,34.0351017217,108.756754877,417.036,391.316,-0.0,1.31534,1.96015,0.0,2,0,0,0
87763135,34.0351021403,108.756754347,417.031,391.321,-0.0,1.31544,1.96001,0.0,2,0,0,0
87963379,34.0351024379,108.756753697,417.022,391.322,-0.0,1.31554,1.96035,0.0,2,0,0,0
88163628,34.0351027149,108.756752891,417.006,391.316,-0.0,1.31563,1.96019,0.0,2,0,0,0
88363878,34.0351029026,108.756751863,416.988,391.309,-0.0,1.31572,1.96004,0.0,2,0,0,0
88564128,34.0351029555,108.7567506,416.972,391.302,-0.0,1.3158,1.96038,0.0,2,0,0,0
88764381,34.0351027887,108.75674923,416.961,391.299,-0.0,1.31588,1.96023,0.0,2,0,0,0
88964635,34.0351023779,108.756747754,416.946,391.293,-0.0,1.31594,1.96008,0.0,2,0,0,0
89164877,34.0351018344,108.756746252,416.917,391.272,-0.0,1.31602,1.96041,0.0,2,0,0,0
89365127,34.0351012252,108.7567447,416.895,391.259,-0.0,1.31611,1.96027,0.0,2,0,0,0
89565380,34.0351006348,108.75674309,416.875,391.247,-0.0,1.31618,1.96012,0.0,2,0,0,0
89765627,34.0350999398,108.756741583,416.831,391.21,-0.0,1.31626,1.96045,0.0,2,0,0,0
89965879,34.0350990908,108.756740289,416.77,391.157,-0.0,1.31633,1.9603,0.0,2,0,0,0
90166126,34.035098185,108.756739278,416.707,391.102,-0.0,1.31641,1.96014,0.0,2,0,0,0
90366376,34.0350973583,108.756738643,416.657,391.058,-0.0,1.31648,1.96047,0.0,2,0,0,0
90566638,34.035096617,108.756738387,416.61,391.018,-0.0,1.31653,1.96032,0.0,2,0,0,0
90766875,34.0350959281,108.756738554,416.576,390.99,-0.0,1.31659,1.96017,0.0,2,0,0,0
90967126,34.0350953593,108.756738888,416.565,390.984,-0.0,1.31664,1.9605,0.0,2,0,0,0
91167374,34.0350948417,108.756739277,416.582,391.007,-0.0,1.31667,1.96035,0.0,2,0,0,0
91367623,34.0350943595,108.756739854,416.614,391.045,-0.0,1.31672,1.9602,0.0,2,0,0,0
91567872,34.0350939706,108.756740349,416.664,391.103,-0.0,1.31676,1.96053,0.0,2,0,0,0
91768121,34.0350935195,108.756740789,416.713,391.159,-0.0,1.31683,1.96038,0.0,2,0,0,0
91968370,34.035092979,108.756741067,416.762,391.217,-0.0,1.31689,1.96022,0.0,2,0,0,0
92168619,34.0350922335,108.756741234,416.811,391.275,-0.0,1.31695,1.96007,0.0,2,0,0,0
92368868,34.0350913956,108.756741319,416.865,391.337,-0.0,1.31702,1.96041,0.0,2,0,0,0
92569117,34.0350904975,108.756741332,416.925,391.405,-0.0,1.3171,1.96026,0.0,2,0,0,0
92769370,34.0350894987,108.756741325,416.995,391.483,-0.0,1.31718,1.96011,0.0,2,0,0,0
92969618,34.0350884248,108.756741275,417.069,391.567,-0.0,1.31726,1.95997,0.0,2,0,0,0
93169863,34.0350872725,108.756741193,417.146,391.653,-0.0,1.31738,1.96031,0.0,2,0,0,0
93360099,34.0350861583,108.756740963,417.23,391.746,-0.0,1.31728,1.9605,0.0,2,0,0,0
93570362,34.0350849039,108.7567407,417.331,391.857,-0.0,1.31762,1.96047,0.0,2,0,0,0
93770609,34.0350836761,108.756740386,417.431,391.967,-0.0,1.31775,1.9603,0.0,2,0,0,0
93970857,34.0350824642,108.756739995,417.505,392.051,-0.0,1.31787,1.96063,0.0,2,0,0,0
94161097,34.0350813385,108.756739655,417.548,392.1,-0.0,1.3178,1.96033,0.0,2,0,0,0
94361342,34.0350801911,108.756739352,417.559,392.119,-0.0,1.31793,1.96018,0.0,2,0,0,0
94561599,34.0350790106,108.756739019,417.558,392.127,-0.0,1.31807,1.96051,0.0,2,0,0,0
94761839,34.0350778159,108.756738607,417.554,392.13,-0.0,1.31819,1.96035,0.0,2,0,0,0
94972102,34.035076541,108.756738217,417.566,392.149,-0.0,1.31853,1.96033,0.0,2,0,0,0
95162338,34.0350753476,108.756737978,417.593,392.182,-0.0,1.31846,1.96005,0.0,2,0,0,0
95362586,34.0350740832,108.756737827,417.611,392.205,-0.0,1.31859,1.96039,0.0,2,0,0,0
95562835,34.0350727711,108.756737771,417.612,392.212,-0.0,1.31873,1.96024,0.0,2,0,0,0
95763082,34.0350713807,108.756737694,417.61,392.213,-0.0,1.31885,1.9601,0.0,2,0,0,0
95963331,34.0350699086,108.756737614,417.616,392.224,-0.0,1.31896,1.95995,0.0,2,0,0,0
96163579,34.0350683916,108.756737385,417.636,392.248,-0.0,1.31904,1.96029,0.0,2,0,0,0
96363828,34.0350668309,108.756737104,417.666,392.282,-0.0,1.31913,1.96015,0.0,2,0,0,0
96564076,34.0350651732,108.75673673,417.692,392.311,-0.0,1.3192,1.96001,0.0,2,0,0,0
96764325,34.0350633934,108.756736268,417.709,392.33,-0.0,1.31928,1.96035,0.0,2,0,0,0
96964576,34.0350615628,108.756735715,417.728,392.352,-0.0,1.31935,1.96021,0.0,2,0,0,0
97164821,34.0350597202,108.756735046,417.761,392.387,-0.0,1.31941,1.96007,0.0,2,0,0,0
97365070,34.0350578599,108.756734182,417.802,392.431,-0.0,1.31947,1.95994,0.0,2,0,0,0
97565324,34.0350560068,108.756733156,417.845,392.476,-0.0,1.31953,1.96028,0.0,2,0,0,0
97765566,34.0350541627,108.756732012,417.877,392.511,-0.0,1.31959,1.96014,0.0,2,0,0,0
97965814,34.0350523619,108.756730841,417.897,392.535,-0.0,1.31966,1.96001,0.0,2,0,0,0
98166062,34.0350505923,108.756729595,417.914,392.556,-0.0,1.31973,1.95987,0.0,2,0,0,0
98366311,34.0350488786,108.756728227,417.926,392.569,-0.0,1.31978,1.96022,0.0,2,0,0,0
98566562,34.0350472053,108.756726778,417.939,392.584,-0.0,1.31984,1.96009,0.0,2,0,0,0
98766806,34.0350455743,108.756725177,417.949,392.596,-0.0,1.31989,1.96043,0.0,2,0,0,0
98967054,34.0350439513,108.756723516,417.947,392.595,-0.0,1.31993,1.96028,0.0,2,0,0,0
99167304,34.0350423515,108.756721761,417.953,392.601,-0.0,1.31999,1.96013,0.0,2,0,0,0
99367557,34.0350407746,108.756719891,417.96,392.608,-0.0,1.32004,1.96047,0.0,2,0,0,0
99567798,34.0350392071,108.756717972,417.95,392.598,-0.0,1.32008,1.96032,0.0,2,0,0,0
99768049,34.0350376973,108.756715978,417.932,392.581,-0.0,1.32012,1.96018,0.0,2,0,0,0
99968293,34.0350362535,108.756713896,417.916,392.565,-0.0,1.32016,1.96003,0.0,2,0,0,0
100168541,34.0350348904,108.756711692,417.9,392.549,-0.0,1.32018,1.96037,0.0,2,0,0,0
100368788,34.0350335787,108.756709495,417.875,392.524,-0.0,1.3202,1.96023,0.0,2,0,0,0
100569040,34.0350323089,108.756707209,417.842,392.491,-0.0,1.32023,1.96008,0.0,2,0,0,0
100769283,34.0350310705,108.756704869,417.817,392.466,-0.0,1.32025,1.96042,0.0,2,0,0,0
100969530,34.0350298855,108.756702453,417.804,392.453,-0.0,1.32025,1.96027,0.0,2,0,0,0
101169779,34.0350287654,108.756699888,417.784,392.433,-0.0,1.32024,1.96012,0.0,2,0,0,0
101370024,34.0350276791,108.756697244,417.75,392.4,-0.0,1.32023,1.96046,0.0,2,0,0,0
101560262,34.0350266361,108.756694666,417.726,392.378,-0.0,1.32003,1.96018,0.0,2,0,0,0
101760506,34.0350255545,108.7566918,417.711,392.363,-0.0,1.32003,1.96004,0.0,2,0,0,0
101970779,34.0350244677,108.756688662,417.707,392.361,-0.0,1.32022,1.96003,0.0,2,0,0,0
102171012,34.03502354,108.756685545,417.728,392.384,-0.0,1.32023,1.96037,0.0,2,0,0,0
102371259,34.0350227176,108.756682424,417.786,392.443,-0.0,1.32022,1.96022,0.0,2,0,0,0
102561493,34.0350220073,108.756679449,417.85,392.509,-0.0,1.32002,1.96042,0.0,2,0,0,0
102761739,34.0350212765,108.756676307,417.908,392.569,-0.0,1.31999,1.96027,0.0,2,0,0,0
102961986,34.0350206062,108.756673095,417.959,392.624,-0.0,1.31995,1.96011,0.0,2,0,0,0
103162232,34.0350199906,108.756669862,417.999,392.668,-0.0,1.31994,1.96045,0.0,2,0,0,0
103362479,34.0350194769,108.756666599,418.02,392.696,-0.0,1.31991,1.96029,0.0,2,0,0,0
103562726,34.0350190676,108.756663248,418.028,392.71,-0.0,1.31989,1.96014,0.0,2,0,0,0
103762982,34.0350188965,108.756659846,418.03,392.718,-0.0,1.31987,1.96,0.0,2,0,0,0
103963221,34.0350189731,108.756656402,418.037,392.731,-0.0,1.31985,1.96033,0.0,2,0,0,0
104163464,34.0350192305,108.756652888,418.037,392.737,-0.0,1.31984,1.96018,0.0,2,0,0,0
104363713,34.0350196427,108.756649394,418.031,392.739,-0.0,1.31983,1.96051,0.0,2,0,0,0
104563956,34.0350201237,108.756646041,418.04,392.753,-0.0,1.31979,1.96035,0.0,2,0,0,0
104764202,34.0350207586,108.756642862,418.038,392.757,-0.0,1.31974,1.96019,0.0,2,0,0,0
104964448,34.0350215896,108.75663991,418.022,392.747,-0.0,1.31966,1.96052,0.0,2,0,0,0
105164693,34.0350225465,108.756637224,418.001,392.732,-0.0,1.3196,1.96036,0.0,2,0,0,0
105364939,34.035023624,108.75663483,417.975,392.712,-0.0,1.31951,1.96021,0.0,2,0,0,0
105565185,34.0350247366,108.75663257,417.93,392.673,-0.0,1.31942,1.96006,0.0,2,0,0,0
105765431,34.0350258558,108.756630393,417.874,392.624,-0.0,1.31929,1.9604,0.0,2,0,0,0
105965676,34.0350270863,108.756628167,417.828,392.584,-0.0,1.31917,1.96025,0.0,2,0,0,0
106165922,34.0350283899,108.756625943,417.802,392.565,-0.0,1.31905,1.96057,0.0,2,0,0,0
106366169,34.035029829,108.756623756,417.781,392.549,-0.0,1.31892,1.96039,0.0,2,0,0,0
106566413,34.0350313996,108.756621627,417.76,392.535,-0.0,1.31879,1.96071,0.0,2,0,0,0
106766659,34.0350330307,108.75661953,417.747,392.529,-0.0,1.31865,1.96054,0.0,2,0,0,0
106966904,34.035034764,108.756617585,417.722,392.512,-0.0,1.31851,1.96037,0.0,2,0,0,0
107167156,34.0350365198,108.756615775,417.695,392.493,-0.0,1.31836,1.96069,0.0,2,0,0,0
107367396,34.0350382768,108.756614099,417.657,392.463,-0.0,1.31822,1.96052,0.0,2,0,0,0
107567641,34.035040127,108.756612628,417.606,392.42,-0.0,1.31808,1.96036,0.0,2,0,0,0
107767887,34.0350419652,108.756611268,417.562,392.385,-0.0,1.31793,1.96068,0.0,2,0,0,0
107968132,34.0350438361,108.756609911,417.528,392.36,-0.0,1.31779,1.96051,0.0,2,0,0,0
108168378,34.035045696,108.756608462,417.494,392.335,-0.0,1.31766,1.96035,0.0,2,0,0,0
108368623,34.0350475654,108.756606969,417.456,392.306,-0.0,1.31751,1.96019,0.0,2,0,0,0
108568868,34.0350494445,108.756605487,417.407,392.267,-0.0,1.31738,1.96052,0.0,2,0,0,0
108769114,34.0350513722,108.756604197,417.358,392.227,-0.0,1.31725,1.96036,0.0,2,0,0,0
108969359,34.0350532906,108.75660319,417.315,392.195,-0.0,1.31712,1.9602,0.0,2,0,0,0
109169608,34.0350551844,108.756602355,417.283,392.172,-0.0,1.317,1.96053,0.0,2,0,0,0
109369850,34.0350571148,108.756601643,417.254,392.154,-0.0,1.31689,1.96038,0.0,2,0,0,0
109570095,34.0350590117,108.75660106,417.24,392.151,-0.0,1.31678,1.96023,0.0,2,0,0,0
109770341,34.0350608762,108.75660068,417.232,392.153,-0.0,1.31668,1.96055,0.0,2,0,0,0
109960573,34.0350627125,108.756600467,417.215,392.146,-0.0,1.31639,1.96027,0.0,2,0,0,0
110160819,34.0350646873,108.75660033,417.194,392.137,-0.0,1.3163,1.96011,0.0,2,0,0,0
110371076,34.035066729,108.75660008,417.189,392.144,-0.0,1.31639,1.96009,0.0,2,0,0,0
110571322,34.0350686044,108.756599653,417.2,392.167,-0.0,1.31629,1.96043,0.0,2,0,0,0
110761558,34.0350702948,108.756599115,417.214,392.191,-0.0,1.31603,1.96015,0.0,2,0,0,0
110961799,34.035072015,108.756598482,417.235,392.223,-0.0,1.31594,1.96,0.0,2,0,0,0
111162047,34.035073651,108.756597859,417.259,392.26,-0.0,1.31585,1.96034,0.0,2,0,0,0
111362290,34.0350751754,108.75659739,417.282,392.295,-0.0,1.31575,1.96019,0.0,2,0,0,0
111562536,34.0350766127,108.756597054,417.296,392.322,-0.0,1.31566,1.96004,0.0,2,0,0,0
111762793,34.03507806,108.756596851,417.316,392.355,-0.0,1.31557,1.96037,0.0,2,0,0,0
111963027,34.0350796055,108.756596759,417.328,392.38,-0.0,1.31549,1.96023,0.0,2,0,0,0
112163277,34.0350812315,108.756596791,417.326,392.392,-0.0,1.31538,1.96008,0.0,2,0,0,0
112363515,34.0350828903,108.75659707,417.315,392.396,-0.0,1.31527,1.96041,0.0,2,0,0,0
112563761,34.0350845536,108.756597418,417.318,392.412,-0.0,1.31515,1.96027,0.0,2,0,0,0
112764006,34.0350862863,108.756597865,417.323,392.431,-0.0,1.31505,1.96012,0.0,2,0,0,0
112964253,34.035088064,108.75659826,417.316,392.437,-0.0,1.31496,1.95998,0.0,2,0,0,0
113164496,34.0350899124,108.75659863,417.303,392.438,-0.0,1.31485,1.96032,0.0,2,0,0,0
113364742,34.03509184,108.756598876,417.279,392.427,-0.0,1.31476,1.96018,0.0,2,0,0,0
113564986,34.0350938255,108.756599112,417.23,392.393,-0.0,1.31465,1.96003,0.0,2,0,0,0
113765241,34.0350957912,108.756599218,417.164,392.341,-0.0,1.31457,1.96037,0.0,2,0,0,0
113965476,34.035097591,108.756599226,417.111,392.301,-0.0,1.31449,1.96022,0.0,2,0,0,0
114165721,34.0350991618,108.756599192,417.088,392.292,-0.0,1.31442,1.96008,0.0,2,0,0,0
114365966,34.0351005652,108.756599167,417.069,392.285,-0.0,1.31436,1.95994,0.0,2,0,0,0
114566216,34.0351018831,108.756599242,417.058,392.285,-0.0,1.3143,1.96028,0.0,2,0,0,0
114766456,34.0351031275,108.756599287,417.071,392.309,-0.0,1.31425,1.96013,0.0,2,0,0,0
114966703,34.0351044,108.756599461,417.1,392.349,-0.0,1.31421,1.96,0.0,2,0,0,0
115166947,34.0351056681,108.756599695,417.125,392.385,-0.0,1.31418,1.96034,0.0,2,0,0,0
115367192,34.0351068006,108.756599934,417.144,392.414,-0.0,1.31418,1.9602,0.0,2,0,0,0
115567439,34.0351077068,108.756600135,417.154,392.436,-0.0,1.31418,1.96007,0.0,2,0,0,0
115767682,34.0351084641,108.756600249,417.153,392.445,-0.0,1.3142,1.95993,0.0,2,0,0,0
115967927,34.0351092023,108.756600292,417.149,392.452,-0.0,1.31422,1.96027,0.0,2,0,0,0
116168172,34.0351098938,108.756600311,417.157,392.47,-0.0,1.31425,1.96014,0.0,2,0,0,0
116368417,34.035110598,108.756600353,417.178,392.502,-0.0,1.31428,1.96,0.0,2,0,0,0
116568662,34.0351112284,108.756600327,417.189,392.522,-0.0,1.31431,1.95987,0.0,2,0,0,0
116768910,34.0351118563,108.756600174,417.197,392.541,-0.0,1.31436,1.96022,0.0,2,0,0,0
116969152,34.0351123486,108.756599821,417.214,392.568,-0.0,1.31441,1.96008,0.0,2,0,0,0
117159386,34.0351126351,108.756599367,417.242,392.607,-0.0,1.31428,1.96029,0.0,2,0,0,0
117369647,34.0351127458,108.75659877,417.274,392.649,-0.0,1.31453,1.96028,0.0,2,0,0,0
117569886,34.0351126191,108.756598149,417.311,392.697,-0.0,1.3146,1.96014,0.0,2,0,0,0
117770133,34.0351123996,108.756597484,417.355,392.753,-0.0,1.31461,1.95999,0.0,2,0,0,0
117970377,34.0351120571,108.756596757,417.392,392.799,-0.0,1.31463,1.96033,0.0,2,0,0,0
118160618,34.0351117691,108.756595998,417.421,392.837,-0.0,1.31446,1.96006,0.0,2,0,0,0
118360854,34.0351113229,108.756595147,417.453,392.878,-0.0,1.31448,1.95992,0.0,2,0,0,0
118561099,34.0351108692,108.756594303,417.475,392.908,-0.0,1.31449,1.96025,0.0,2,0,0,0
118771356,34.0351101987,108.756593609,417.495,392.935,-0.0,1.3147,1.96024,0.0,2,0,0,0
118971601,34.0351093533,108.756593064,417.516,392.964,-0.0,1.31471,1.96056,0.0,2,0,0,0
119161835,34.0351085203,108.756592546,417.509,392.964,-0.0,1.31852,1.96115,0.0,2,0,0,0
119362078,34.0351075704,108.756592206,417.481,392.943,-0.0,1.3185,1.96098,0.0,2,0,0,0
119562323,34.0351064914,108.756591999,417.436,392.906,-0.0,1.3185,1.96132,0.0,2,0,0,0
119762571,34.0351054167,108.756591898,417.393,392.869,-0.0,1.3185,1.96115,0.0,2,0,0,0
119962812,34.0351044097,108.756591668,417.357,392.839,-0.0,1.3146,1.96011,0.0,2,0,0,0
120163068,34.0351032965,108.756591362,417.36,392.845,-0.0,1.31467,1.96044,0.0,2,0,0,0
120363302,34.0351020964,108.7565909,417.38,392.869,-0.0,1.31476,1.96028,0.0,2,0,0,0
120563546,34.035100738,108.756590436,417.408,392.899,-0.0,1.31486,1.96013,0.0,2,0,0,0
120763805,34.0350992497,108.75658997,417.441,392.934,-0.0,1.31497,1.96045,0.0,2,0,0,0
120964037,34.0350977019,108.756589433,417.475,392.972,-0.0,1.31506,1.9603,0.0,2,0,0,0
121164281,34.0350961677,108.756588978,417.531,393.03,-0.0,1.31516,1.96014,0.0,2,0,0,0
121364523,34.0350946372,108.756588621,417.595,393.098,-0.0,1.31525,1.95999,0.0,2,0,0,0
121564768,34.035093028,108.756588406,417.671,393.179,-0.0,1.31535,1.96032,0.0,2,0,0,0
121765011,34.0350914494,108.756588393,417.739,393.253,-0.0,1.31546,1.96017,0.0,2,0,0,0
121965265,34.0350899224,108.756588486,417.806,393.328,-0.0,1.31559,1.96002,0.0,2,0,0,0
122165499,34.0350884941,108.756588503,417.867,393.397,-0.0,1.31572,1.95987,0.0,2,0,0,0
122365743,34.0350870781,108.756588529,417.908,393.447,-0.0,1.31585,1.96021,0.0,2,0,0,0
122565987,34.0350856695,108.756588487,417.928,393.475,-0.0,1.31599,1.96006,0.0,2,0,0,0
122766231,34.0350843085,108.756588575,417.914,393.469,-0.0,1.31611,1.95992,0.0,2,0,0,0
122966481,34.0350828961,108.756588594,417.878,393.441,-0.0,1.31623,1.96025,0.0,2,0,0,0
123166718,34.0350814978,108.756588618,417.846,393.415,-0.0,1.31636,1.9601,0.0,2,0,0,0
123366963,34.0350800636,108.756588626,417.821,393.396,-0.0,1.31648,1.95995,0.0,2,0,0,0
123567205,34.0350785569,108.756588571,417.775,393.356,-0.0,1.31661,1.96029,0.0,2,0,0,0
123767450,34.0350769275,108.756588362,417.714,393.302,-0.0,1.31673,1.96014,0.0,2,0,0,0
123967692,34.0350752678,108.756588046,417.631,393.227,-0.0,1.31684,1.96,0.0,2,0,0,0
124167936,34.0350736089,108.756587712,417.53,393.132,-0.0,1.31695,1.95985,0.0,2,0,0,0
124368178,34.035072031,108.756587333,417.424,393.032,-0.0,1.31707,1.96019,0.0,2,0,0,0
124568429,34.035070481,108.75658688,417.319,392.932,-0.0,1.31717,1.96005,0.0,2,0,0,0
124768667,34.0350689566,108.756586336,417.232,392.85,-0.0,1.31728,1.95991,0.0,2,0,0,0
124968907,34.0350674622,108.756585777,417.167,392.789,-0.0,1.31738,1.96025,0.0,2,0,0,0
125169150,34.0350661026,108.756585383,417.135,392.762,-0.0,1.31746,1.96011,0.0,2,0,0,0
125369393,34.0350647843,108.756585051,417.12,392.751,-0.0,1.31755,1.95997,0.0,2,0,0,0
125559630,34.0350634749,108.756584715,417.106,392.742,-0.0,1.31746,1.96018,0.0,2,0,0,0
125769878,34.0350620214,108.756584395,417.086,392.726,-0.0,1.31774,1.96018,0.0,2,0,0,0
125970121,34.0350606562,108.756584182,417.085,392.73,-0.0,1.31784,1.96004,0.0,2,0,0,0
126170364,34.0350592986,108.756583992,417.126,392.776,-0.0,1.31791,1.9599,0.0,2,0,0,0
126370606,34.0350579183,108.756583744,417.197,392.851,-0.0,1.31796,1.96024,0.0,2,0,0,0
126560836,34.0350565586,108.756583494,417.262,392.92,-0.0,1.32189,1.96083,0.0,2,0,0,0
126761078,34.0350549562,108.756583301,417.312,392.975,-0.0,1.31789,1.95982,0.0,2,0,0,0
126961322,34.0350533032,108.756583079,417.361,393.03,-0.0,1.322,1.96104,0.0,2,0,0,0
127171576,34.0350515371,108.756582846,417.434,393.107,-0.0,1.31818,1.96015,0.0,2,0,0,0
127371817,34.0350498872,108.756582877,417.519,393.196,-0.0,1.31826,1.96001,0.0,2,0,0,0
127562049,34.0350482964,108.756582848,417.599,393.278,-0.0,1.32217,1.9606,0.0,2,0,0,0
127762291,34.0350466632,108.756582824,417.672,393.354,-0.0,1.31818,1.96008,0.0,2,0,0,0
127962531,34.035045096,108.756582731,417.736,393.42,-0.0,1.31825,1.95994,0.0,2,0,0,0
128162773,34.0350435215,108.756582604,417.778,393.462,-0.0,1.32233,1.96116,0.0,2,0,0,0
128363032,34.0350418907,108.756582472,417.804,393.489,-0.0,1.31833,1.96013,0.0,2,0,0,0
128563257,34.0350401284,108.756582267,417.812,393.496,-0.0,1.32239,1.96086,0.0,2,0,0,0
128763499,34.0350383463,108.756581992,417.814,393.498,-0.0,1.31841,1.95985,0.0,2,0,0,0
128963741,34.035036635,108.756581578,417.835,393.516,-0.0,1.31847,1.96019,0.0,2,0,0,0
129163985,34.0350348349,108.756581076,417.855,393.533,-0.0,1.31853,1.96004,0.0,2,0,0,0
129364227,34.0350330069,108.756580587,417.848,393.524,-0.0,1.31858,1.9599,0.0,2,0,0,0
129564467,34.0350309997,108.756580109,417.845,393.517,-0.0,1.32264,1.96113,0.0,2,0,0,0
129764710,34.0350290183,108.756579757,417.831,393.5,-0.0,1.31871,1.96009,0.0,2,0,0,0
129964951,34.0350270691,108.756579435,417.82,393.485,-0.0,1.31879,1.96042,0.0,2,0,0,0
130165193,34.0350251481,108.756579192,417.82,393.481,-0.0,1.31887,1.96026,0.0,2,0,0,0
130365442,34.0350232564,108.756578987,417.815,393.472,-0.0,1.31894,1.96011,0.0,2,0,0,0
130565676,34.0350213927,108.756578953,417.825,393.476,-0.0,1.31902,1.96043,0.0,2,0,0,0
130765918,34.0350195015,108.756578865,417.839,393.485,-0.0,1.31909,1.96028,0.0,2,0,0,0
130966159,34.0350175361,108.7565786,417.848,393.489,-0.0,1.31916,1.96012,0.0,2,0,0,0
131166401,34.0350154844,108.756578219,417.845,393.482,-0.0,1.31921,1.95997,0.0,2,0,0,0
131366645,34.0350133821,108.756577814,417.834,393.467,-0.0,1.31927,1.9603,0.0,2,0,0,0
131566884,34.0350113322,108.756577545,417.829,393.459,-0.0,1.31932,1.96015,0.0,2,0,0,0
131767125,34.0350093438,108.756577445,417.836,393.463,-0.0,1.32346,1.96087,0.0,2,0,0,0
131967373,34.0350072753,108.756577328,417.817,393.442,-0.0,1.31941,1.95986,0.0,2,0,0,0
132167613,34.0350052087,108.756577282,417.785,393.409,-0.0,1.32355,1.96107,0.0,2,0,0,0
132367849,34.0350030929,108.756577149,417.757,393.38,-0.0,1.32358,1.96092,0.0,2,0,0,0
132568090,34.0350009803,108.756576934,417.746,393.366,-0.0,1.31953,1.9599,0.0,2,0,0,0
132768331,34.0349989764,108.756576718,417.75,393.368,-0.0,1.31958,1.96024,0.0,2,0,0,0
132968572,34.0349969925,108.756576396,417.765,393.38,-0.0,1.31964,1.9601,0.0,2,0,0,0
133168822,34.0349949263,108.756576006,417.773,393.385,-0.0,1.31969,1.95996,0.0,2,0,0,0
133369054,34.0349928106,108.756575515,417.782,393.392,-0.0,1.31975,1.96029,0.0,2,0,0,0
133569295,34.0349905276,108.756574944,417.796,393.405,-0.0,1.32393,1.96102,0.0,2,0,0,0
133769538,34.0349882079,108.756574572,417.802,393.409,-0.0,1.31987,1.96,0.0,2,0,0,0
133959764,34.0349860488,108.756574419,417.795,393.402,-0.0,1.31977,1.9602,0.0,2,0,0,0
134170016,34.0349837269,108.756574365,417.787,393.394,-0.0,1.32003,1.96019,0.0,2,0,0,0
134370256,34.0349815172,108.756574375,417.786,393.394,-0.0,1.3201,1.96005,0.0,2,0,0,0
134570507,34.0349793134,108.756574366,417.786,393.396,-0.0,1.32016,1.95991,0.0,2,0,0,0
134770737,34.0349771503,108.756574404,417.807,393.418,-0.0,1.32022,1.95977,0.0,2,0,0,0
134960965,34.0349750602,108.756574419,417.824,393.436,-0.0,1.3201,1.95998,0.0,2,0,0,0
135161206,34.0349728989,108.756574616,417.84,393.453,-0.0,1.32016,1.96031,0.0,2,0,0,0
135361448,34.0349706068,108.756574781,417.838,393.453,-0.0,1.32022,1.96016,0.0,2,0,0,0
135571698,34.0349682142,108.756575068,417.825,393.443,-0.0,1.32046,1.96014,0.0,2,0,0,0
135771938,34.0349658634,108.756575255,417.819,393.439,-0.0,1.32051,1.95999,0.0,2,0,0,0
135962166,34.0349636199,108.756575378,417.831,393.453,-0.0,1.32037,1.96019,0.0,2,0,0,0
136162406,34.0349613253,108.756575421,417.855,393.478,-0.0,1.32043,1.96004,0.0,2,0,0,0
136362648,34.0349590725,108.75657544,417.888,393.512,-0.0,1.32049,1.9599,0.0,2,0,0,0
136562894,34.0349568642,108.756575447,417.923,393.546,-0.0,1.32054,1.96023,0.0,2,0,0,0
136763130,34.0349546728,108.756575299,417.938,393.56,-0.0,1.3206,1.96009,0.0,2,0,0,0
136963367,34.0349524835,108.75657505,417.956,393.576,-0.0,1.32064,1.95994,0.0,2,0,0,0
137163609,34.0349502944,108.756574754,417.967,393.589,-0.0,1.32068,1.96027,0.0,2,0,0,0
137363846,34.0349480547,108.756574532,417.975,393.599,-0.0,1.32071,1.96013,0.0,2,0,0,0
137564086,34.034945789,108.756574348,417.967,393.597,-0.0,1.32073,1.95998,0.0,2,0,0,0
137764326,34.0349435601,108.756574167,417.945,393.58,-0.0,1.32075,1.95984,0.0,2,0,0,0
137964565,34.0349413212,108.756573928,417.908,393.548,-0.0,1.32076,1.96017,0.0,2,0,0,0
138164805,34.0349391376,108.756573689,417.87,393.516,-0.0,1.32076,1.96003,0.0,2,0,0,0
138365045,34.0349369825,108.756573372,417.847,393.498,-0.0,1.32073,1.95989,0.0,2,0,0,0
138565297,34.0349349058,108.756573172,417.858,393.514,-0.0,1.32072,1.96023,0.0,2,0,0,0
138765528,34.0349328815,108.75657303,417.9,393.562,-0.0,1.3207,1.96008,0.0,2,0,0,0
138965762,34.0349307534,108.756572993,417.945,393.613,-0.0,1.3207,1.95994,0.0,2,0,0,0
139166001,34.0349285121,108.756573014,418.01,393.683,-0.0,1.3207,1.96027,0.0,2,0,0,0
139366241,34.0349262063,108.75657301,418.076,393.756,-0.0,1.32071,1.96013,0.0,2,0,0,0
139566479,34.034923921,108.756572858,418.146,393.837,-0.0,1.32068,1.95998,0.0,2,0,0,0
139766724,34.0349215371,108.756572555,418.209,393.911,-0.0,1.32068,1.95984,0.0,2,0,0,0
139966957,34.0349191668,108.756572123,418.258,393.972,-0.0,1.32069,1.96018,0.0,2,0,0,0
140167196,34.0349167602,108.756571693,418.282,394.008,-0.0,1.32067,1.96004,0.0,2,0,0,0
140367434,34.0349142886,108.756571297,418.28,394.016,-0.0,1.32067,1.9599,0.0,2,0,0,0
140567674,34.0349118144,108.756570997,418.287,394.034,-0.0,1.32066,1.96023,0.0,2,0,0,0
140767911,34.0349093829,108.756570721,418.302,394.058,-0.0,1.32064,1.96008,0.0,2,0,0,0
140968149,34.0349069239,108.756570506,418.31,394.075,-0.0,1.32061,1.95994,0.0,2,0,0,0
141168388,34.0349044545,108.756570309,418.319,394.093,-0.0,1.3206,1.96027,0.0,2,0,0,0
141368624,34.0349020676,108.756570182,418.339,394.12,-0.0,1.32061,1.96013,0.0,2,0,0,0
141568864,34.0348997208,108.756570105,418.36,394.149,-0.0,1.32061,1.95999,0.0,2,0,0,0
141769100,34.0348973871,108.756569973,418.375,394.171,-0.0,1.32063,1.95984,0.0,2,0,0,0
141969338,34.034895106,108.756569807,418.374,394.178,-0.0,1.32063,1.96018,0.0,2,0,0,0
142169575,34.0348928565,108.756569591,418.36,394.171,-0.0,1.32064,1.96004,0.0,2,0,0,0
142359801,34.0348907591,108.756569457,418.339,394.157,-0.0,1.32047,1.96024,0.0,2,0,0,0
142570053,34.0348885324,108.756569449,418.317,394.141,-0.0,1.32067,1.96023,0.0,2,0,0,0
142770288,34.034886454,108.756569609,418.286,394.116,-0.0,1.32068,1.96009,0.0,2,0,0,0
142970525,34.0348844416,108.75656969,418.239,394.076,-0.0,1.32069,1.95994,0.0,2,0,0,0
143170762,34.0348825693,108.756569629,418.191,394.032,-0.0,1.3207,1.96028,0.0,2,0,0,0
143360987,34.034880886,108.756569547,418.151,393.996,-0.0,1.32052,1.96001,0.0,2,0,0,0
143561229,34.0348791683,108.756569294,418.132,393.981,-0.0,1.32469,1.96073,0.0,2,0,0,0
143761462,34.0348774787,108.756568921,418.12,393.971,-0.0,1.32053,1.9602,0.0,2,0,0,0
143971711,34.0348757238,108.756568494,418.117,393.969,-0.0,1.32073,1.9602,0.0,2,0,0,0
144171948,34.0348741182,108.756568046,418.1,393.953,-0.0,1.32074,1.96006,0.0,2,0,0,0
144362173,34.0348725891,108.756567759,418.055,393.909,-0.0,1.32056,1.95979,0.0,2,0,0,0
144562410,34.0348710177,108.756567691,417.997,393.852,-0.0,1.3206,1.96013,0.0,2,0,0,0
144762647,34.034869433,108.756567685,417.943,393.8,-0.0,1.32062,1.96,0.0,2,0,0,0
144962885,34.0348678516,108.756567717,417.895,393.754,-0.0,1.32066,1.95986,0.0,2,0,0,0
145163134,34.0348662404,108.756567778,417.859,393.719,-0.0,1.32068,1.95973,0.0,2,0,0,0
145363357,34.0348646386,108.756567723,417.831,393.691,-0.0,1.32071,1.96007,0.0,2,0,0,0
145563593,34.0348631,108.756567762,417.799,393.659,-0.0,1.32493,1.9608,0.0,2,0,0,0
145763832,34.0348616334,108.756567781,417.778,393.638,-0.0,1.32079,1.9598,0.0,2,0,0,0
145964067,34.0348601935,108.756567748,417.768,393.628,-0.0,1.32084,1.95967,0.0,2,0,0,0
146164307,34.0348587414,108.756567752,417.763,393.625,-0.0,1.32508,1.96089,0.0,2,0,0,0
146364538,34.0348574016,108.756567906,417.758,393.621,-0.0,1.32089,1.95988,0.0,2,0,0,0
146564774,34.0348560102,108.756567987,417.754,393.619,-0.0,1.32092,1.95975,0.0,2,0,0,0
146765009,34.0348546563,108.756568091,417.757,393.625,-0.0,1.32095,1.96009,0.0,2,0,0,0
146965253,34.0348533262,108.756568193,417.764,393.634,-0.0,1.32094,1.95996,0.0,2,0,0,0
147165481,34.0348521592,108.756568472,417.793,393.666,-0.0,1.32511,1.96069,0.0,2,0,0,0
147365717,34.0348511005,108.756568899,417.853,393.728,-0.0,1.32091,1.9597,0.0,2,0,0,0
147565952,34.0348501659,108.756569434,417.925,393.804,-0.0,1.32507,1.96092,0.0,2,0,0,0
147766190,34.0348492285,108.756569932,417.99,393.872,-0.0,1.32504,1.96077,0.0,2,0,0,0
147966424,34.0348484012,108.756570586,418.032,393.917,-0.0,1.32501,1.96111,0.0,2,0,0,0
148166659,34.0348475302,108.756571356,418.03,393.92,-0.0,1.32084,1.96007,0.0,2,0,0,0
148366895,34.0348467779,108.756572209,418.006,393.9,-0.0,1.32494,1.96129,0.0,2,0,0,0
148567137,34.0348462813,108.756573153,417.991,393.891,-0.0,1.32079,1.96025,0.0,2,0,0,0
148767366,34.034846024,108.756574173,417.981,393.887,-0.0,1.32488,1.96097,0.0,2,0,0,0
148967604,34.0348458154,108.756575232,417.976,393.889,-0.0,1.32072,1.95994,0.0,2,0,0,0
149167845,34.0348458314,108.756576453,417.958,393.878,-0.0,1.32067,1.96028,0.0,2,0,0,0
149368072,34.0348459047,108.756577742,417.92,393.848,-0.0,1.32061,1.96013,0.0,2,0,0,0
149568315,34.0348460835,108.756579024,417.875,393.811,-0.0,1.32056,1.95999,0.0,2,0,0,0
149768542,34.0348464224,108.75658039,417.828,393.772,-0.0,1.32049,1.95984,0.0,2,0,0,0
149968777,34.0348469632,108.75658176,417.77,393.721,-0.0,1.32043,1.96018,0.0,2,0,0,0
150169012,34.0348477829,108.756583081,417.703,393.663,-0.0,1.32035,1.96004,0.0,2,0,0,0
150369246,34.0348486785,108.756584393,417.65,393.618,-0.0,1.32028,1.9599,0.0,2,0,0,0
150569481,34.0348496516,108.756585501,417.606,393.582,-0.0,1.3202,1.95976,0.0,2,0,0,0
150759704,34.0348506962,108.756586446,417.583,393.566,-0.0,1.31996,1.95996,0.0,2,0,0,0
150969950,34.0348518857,108.756587417,417.596,393.586,-0.0,1.32008,1.95996,0.0,2,0,0,0
151170185,34.0348529968,108.756588226,417.622,393.617,-0.0,1.32002,1.95982,0.0,2,0,0,0
151370420,34.0348542037,108.756588862,417.66,393.662,-0.0,1.31996,1.96016,0.0,2,0,0,0
151570655,34.0348554183,108.756589153,417.715,393.724,-0.0,1.32408,1.96089,0.0,2,0,0,0
151760877,34.0348565467,108.7565893,417.774,393.789,-0.0,1.32378,1.9611,0.0,2,0,0,0
151961112,34.0348577209,108.756589599,417.827,393.85,-0.0,1.32375,1.96095,0.0,2,0,0,0
152161347,34.0348589617,108.756589769,417.871,393.901,-0.0,1.32373,1.9608,0.0,2,0,0,0
152371593,34.034860366,108.756589755,417.895,393.932,-0.0,1.31981,1.95993,0.0,2,0,0,0
152571827,34.0348617731,108.756589484,417.915,393.96,-0.0,1.31981,1.95979,0.0,2,0,0,0
152762050,34.0348631439,108.75658917,417.926,393.978,-0.0,1.31963,1.95999,0.0,2,0,0,0
152962288,34.034864579,108.756588761,417.917,393.975,-0.0,1.32372,1.96072,0.0,2,0,0,0
153162519,34.0348660392,108.756588466,417.892,393.957,-0.0,1.32369,1.96107,0.0,2,0,0,0
153362753,34.0348675864,108.75658813,417.873,393.944,-0.0,1.31958,1.96004,0.0,2,0,0,0
153562991,34.0348691744,108.756587907,417.857,393.934,-0.0,1.32366,1.96125,0.0,2,0,0,0
153763224,34.034870826,108.756587605,417.838,393.92,-0.0,1.32363,1.96108,0.0,2,0,0,0
153963467,34.0348726196,108.756587219,417.835,393.921,-0.0,1.3236,1.96091,0.0,2,0,0,0
154163691,34.0348746135,108.75658699,417.844,393.934,-0.0,1.32356,1.96125,0.0,2,0,0,0
154363925,34.0348766849,108.756586831,417.866,393.959,-0.0,1.32354,1.96109,0.0,2,0,0,0
154564160,34.0348788578,108.756586808,417.888,393.985,-0.0,1.32351,1.96093,0.0,2,0,0,0
154764394,34.034881175,108.756587048,417.906,394.006,-0.0,1.3235,1.96077,0.0,2,0,0,0
154964628,34.034883537,108.756587449,417.918,394.022,-0.0,1.3235,1.96111,0.0,2,0,0,0
155164863,34.0348858525,108.756588045,417.946,394.054,-0.0,1.32351,1.96095,0.0,2,0,0,0
155365097,34.0348880069,108.756588819,417.983,394.095,-0.0,1.32353,1.96079,0.0,2,0,0,0
155565331,34.0348902113,108.756589796,418.019,394.135,-0.0,1.32355,1.96113,0.0,2,0,0,0
155765573,34.0348924825,108.75659084,418.056,394.177,-0.0,1.32357,1.96097,0.0,2,0,0,0
155965799,34.0348946243,108.756591815,418.098,394.223,-0.0,1.31954,1.95995,0.0,2,0,0,0
156166033,34.034896702,108.756592899,418.129,394.258,-0.0,1.32362,1.96116,0.0,2,0,0,0
156366274,34.0348986323,108.756594045,418.127,394.262,-0.0,1.3196,1.96014,0.0,2,0,0,0
156566506,34.0349004084,108.756595388,418.104,394.244,-0.0,1.32365,1.96086,0.0,2,0,0,0
156766736,34.0349019616,108.756596719,418.075,394.22,-0.0,1.32367,1.9612,0.0,2,0,0,0
156966970,34.0349034198,108.756598231,418.035,394.185,-0.0,1.31971,1.96016,0.0,2,0,0,0
157167204,34.0349047572,108.756599831,417.994,394.148,-0.0,1.32374,1.96087,0.0,2,0,0,0
157367438,34.0349060547,108.756601544,417.953,394.11,-0.0,1.31981,1.96033,0.0,2,0,0,0
157567672,34.0349073633,108.756603196,417.925,394.087,-0.0,1.32384,1.96105,0.0,2,0,0,0
157767906,34.0349085527,108.756604804,417.901,394.065,-0.0,1.31991,1.96002,0.0,2,0,0,0
157968140,34.0349096884,108.756606564,417.874,394.04,-0.0,1.32394,1.96073,0.0,2,0,0,0
158168386,34.034910749,108.756608403,417.839,394.006,-0.0,1.324,1.96108,0.0,2,0,0,0
158368609,34.0349118507,108.756610294,417.815,393.983,-0.0,1.3201,1.96005,0.0,2,0,0,0
158568852,34.0349129127,108.756612176,417.801,393.97,-0.0,1.32018,1.9599,0.0,2,0,0,0
158769075,34.0349138675,108.756614123,417.784,393.954,-0.0,1.32423,1.9611,0.0,2,0,0,0
158969309,34.0349147757,108.756616087,417.779,393.949,-0.0,1.3243,1.96095,0.0,2,0,0,0
159159534,34.0349156059,108.756618012,417.787,393.957,-0.0,1.32414,1.96115,0.0,2,0,0,0
159369776,34.0349165393,108.756620233,417.8,393.969,-0.0,1.32442,1.96114,0.0,2,0,0,0
159570011,34.0349174519,108.756622423,417.805,393.972,-0.0,1.32448,1.96098,0.0,2,0,0,0
159770244,34.0349182852,108.756624712,417.803,393.968,-0.0,1.32453,1.96083,0.0,2,0,0,0
159970475,34.0349190877,108.756627025,417.808,393.969,-0.0,1.32459,1.96068,0.0,2,0,0,0
160160697,34.0349197623,108.756629245,417.837,393.994,-0.0,1.3244,1.96089,0.0,2,0,0,0
160360929,34.0349203771,108.75663167,417.861,394.014,-0.0,1.32444,1.96073,0.0,2,0,0,0
160561162,34.0349208972,108.75663414,417.884,394.034,-0.0,1.32448,1.96108,0.0,2,0,0,0
160771406,34.0349213065,108.756636706,417.901,394.048,-0.0,1.32065,1.96019,0.0,2,0,0,0
160971639,34.0349215485,108.756639148,417.903,394.047,-0.0,1.32065,1.96004,0.0,2,0,0,0
161161859,34.0349217181,108.756641417,417.896,394.037,-0.0,1.32048,1.95977,0.0,2,0,0,0
161362095,34.0349217372,108.756643804,417.878,394.017,-0.0,1.32454,1.96097,0.0,2,0,0,0
161562330,34.0349216915,108.756646135,417.866,394.001,-0.0,1.32451,1.96083,0.0,2,0,0,0
161762566,34.0349215258,108.75664844,417.867,393.999,-0.0,1.32448,1.96068,0.0,2,0,0,0
161962788,34.034921388,108.756650741,417.873,394.004,-0.0,1.32445,1.96103,0.0,2,0,0,0
162163020,34.0349212282,108.75665285,417.88,394.013,-0.0,1.3244,1.96087,0.0,2,0,0,0
162363252,34.0349209951,108.75665487,417.87,394.008,-0.0,1.32436,1.96121,0.0,2,0,0,0
162563483,34.0349207528,108.756656873,417.847,393.992,-0.0,1.32429,1.96105,0.0,2,0,0,0
162763715,34.0349204922,108.756658818,417.826,393.979,-0.0,1.32424,1.96089,0.0,2,0,0,0
162963947,34.0349203031,108.756660822,417.794,393.953,-0.0,1.32419,1.96073,0.0,2,0,0,0
163164178,34.0349199732,108.756662773,417.767,393.932,-0.0,1.32008,1.9602,0.0,2,0,0,0
163364410,34.0349195865,108.756664656,417.754,393.928,-0.0,1.32005,1.96006,0.0,2,0,0,0
163564641,34.0349189947,108.756666354,417.774,393.955,-0.0,1.32411,1.96077,0.0,2,0,0,0
163764873,34.0349183628,108.756668154,417.79,393.976,-0.0,1.31999,1.96024,0.0,2,0,0,0
163965107,34.0349176709,108.756670094,417.804,393.998,-0.0,1.31996,1.96009,0.0,2,0,0,0
164165337,34.034917048,108.756672002,417.837,394.038,-0.0,1.32406,1.96081,0.0,2,0,0,0
164365567,34.0349164616,108.756673927,417.875,394.082,-0.0,1.31988,1.96027,0.0,2,0,0,0
164565798,34.0349159506,108.756675894,417.922,394.138,-0.0,1.31986,1.96013,0.0,2,0,0,0
164766034,34.0349153733,108.75667785,417.957,394.184,-0.0,1.31982,1.95998,0.0,2,0,0,0
164966272,34.0349147249,108.756679692,417.98,394.221,-0.0,1.31976,1.95984,0.0,2,0,0,0
165166492,34.0349139269,108.756681281,417.99,394.247,-0.0,1.3197,1.96017,0.0,2,0,0,0
165366722,34.0349131028,108.756682821,417.999,394.273,-0.0,1.31962,1.96003,0.0,2,0,0,0
165566956,34.0349121416,108.756684346,418.015,394.303,-0.0,1.31955,1.96036,0.0,2,0,0,0
165767183,34.0349110587,108.756685746,418.051,394.353,-0.0,1.31949,1.9602,0.0,2,0,0,0
165967419,34.0349099419,108.756687024,418.102,394.417,-0.0,1.31942,1.96005,0.0,2,0,0,0
166167645,34.034908775,108.756688289,418.159,394.486,-0.0,1.31936,1.96038,0.0,2,0,0,0
166367875,34.0349075371,108.756689696,418.207,394.545,-0.0,1.31931,1.96023,0.0,2,0,0,0
166568110,34.0349062346,108.756691158,418.245,394.596,-0.0,1.31925,1.96008,0.0,2,0,0,0
166768338,34.0349049655,108.756692654,418.272,394.634,-0.0,1.31921,1.95993,0.0,2,0,0,0
166968567,34.0349037838,108.756694168,418.272,394.648,-0.0,1.31916,1.96026,0.0,2,0,0,0
167168798,34.0349026077,108.756695709,418.252,394.64,-0.0,1.31912,1.96011,0.0,2,0,0,0
167369028,34.0349014486,108.756697186,418.233,394.633,-0.0,1.31907,1.96044,0.0,2,0,0,0
167569261,34.034900274,108.756698472,418.223,394.634,-0.0,1.31902,1.96028,0.0,2,0,0,0
167769488,34.0348990441,108.756699669,418.21,394.631,-0.0,1.31897,1.96012,0.0,2,0,0,0
167969719,34.0348978023,108.756700855,418.197,394.628,-0.0,1.31893,1.95997,0.0,2,0,0,0
168169949,34.0348964722,108.756702166,418.177,394.617,-0.0,1.31889,1.96029,0.0,2,0,0,0
168370179,34.03489509,108.756703606,418.131,394.579,-0.0,1.31885,1.96014,0.0,2,0,0,0
168560398,34.0348937876,108.75670489,418.084,394.54,-0.0,1.32267,1.96072,0.0,2,0,0,0
168760628,34.0348923486,108.756706113,418.043,394.508,-0.0,1.32264,1.96106,0.0,2,0,0,0
168960858,34.034890899,108.756707267,418.011,394.483,-0.0,1.32261,1.96091,0.0,2,0,0,0
169171102,34.0348893165,108.756708304,417.971,394.451,-0.0,1.31872,1.96003,0.0,2,0,0,0
169371330,34.0348876861,108.75670916,417.922,394.41,-0.0,1.3187,1.96035,0.0,2,0,0,0
169561552,34.0348861526,108.756709893,417.87,394.368,-0.0,1.32252,1.96094,0.0,2,0,0,0
169761779,34.0348844923,108.756710611,417.837,394.343,-0.0,1.3185,1.95992,0.0,2,0,0,0
169962011,34.0348829503,108.756711345,417.839,394.354,-0.0,1.31851,1.96025,0.0,2,0,0,0
170162238,34.0348814163,108.756712002,417.852,394.375,-0.0,1.32253,1.96098,0.0,2,0,0,0
170362468,34.0348798151,108.756712677,417.864,394.396,-0.0,1.31855,1.95996,0.0,2,0,0,0
170562707,34.0348781527,108.756713295,417.878,394.418,-0.0,1.31859,1.95982,0.0,2,0,0,0
170762927,34.0348764485,108.75671388,417.9,394.451,-0.0,1.31865,1.96015,0.0,2,0,0,0
170963157,34.0348747026,108.756714437,417.952,394.512,-0.0,1.31868,1.96001,0.0,2,0,0,0
171163387,34.0348728772,108.756715102,417.989,394.559,-0.0,1.32274,1.96074,0.0,2,0,0,0
171363616,34.0348710561,108.756715729,418.019,394.598,-0.0,1.31873,1.95973,0.0,2,0,0,0
171563845,34.0348691695,108.756716217,418.035,394.624,-0.0,1.31875,1.96007,0.0,2,0,0,0
171764077,34.034867268,108.756716482,418.05,394.648,-0.0,1.31879,1.95993,0.0,2,0,0,0
171964304,34.0348653866,108.756716469,418.062,394.67,-0.0,1.31883,1.9598,0.0,2,0,0,0
172164533,34.0348635017,108.756716343,418.065,394.682,-0.0,1.32288,1.96101,0.0,2,0,0,0
172364762,34.0348616252,108.756716109,418.062,394.689,-0.0,1.31894,1.96,0.0,2,0,0,0
172565005,34.0348597725,108.756715815,418.053,394.69,-0.0,1.31903,1.95987,0.0,2,0,0,0
172765222,34.0348578648,108.756715492,418.028,394.675,-0.0,1.31913,1.9602,0.0,2,0,0,0
172965449,34.0348558787,108.756715197,417.992,394.651,-0.0,1.31925,1.96006,0.0,2,0,0,0
173165678,34.0348538323,108.756714864,417.953,394.623,-0.0,1.31934,1.95992,0.0,2,0,0,0
173365911,34.0348517803,108.756714577,417.91,394.591,-0.0,1.31946,1.95979,0.0,2,0,0,0
173566135,34.0348498072,108.756714345,417.878,394.57,-0.0,1.31955,1.96012,0.0,2,0,0,0
173766365,34.0348478838,108.756714223,417.86,394.563,-0.0,1.31965,1.95998,0.0,2,0,0,0
173966610,34.0348459278,108.756714096,417.863,394.574,-0.0,1.31974,1.95985,0.0,2,0,0,0
174166821,34.0348440642,108.756714039,417.873,394.593,-0.0,1.32387,1.96107,0.0,2,0,0,0
174367053,34.0348422882,108.756713997,417.902,394.631,-0.0,1.31992,1.96005,0.0,2,0,0,0
174567282,34.0348406732,108.756713992,417.945,394.682,-0.0,1.31999,1.95991,0.0,2,0,0,0
174767506,34.0348391583,108.756713998,417.979,394.723,-0.0,1.32008,1.96024,0.0,2,0,0,0
174967734,34.0348377274,108.756714082,418.018,394.769,-0.0,1.32016,1.9601,0.0,2,0,0,0
175167962,34.0348363908,108.756714187,418.049,394.808,-0.0,1.32428,1.96083,0.0,2,0,0,0
175368193,34.03483519,108.756714445,418.067,394.833,-0.0,1.32028,1.95982,0.0,2,0,0,0
175568418,34.0348340737,108.75671476,418.073,394.847,-0.0,1.32437,1.96103,0.0,2,0,0,0
175768646,34.0348331054,108.756715146,418.066,394.846,-0.0,1.32034,1.96001,0.0,2,0,0,0
175968874,34.0348323307,108.756715605,418.053,394.839,-0.0,1.32036,1.95987,0.0,2,0,0,0
176169102,34.0348316816,108.756716117,418.035,394.826,-0.0,1.32038,1.96021,0.0,2,0,0,0
176369330,34.0348312212,108.756716756,418.019,394.815,-0.0,1.32039,1.96006,0.0,2,0,0,0
176569562,34.0348309227,108.756717483,417.996,394.797,-0.0,1.32038,1.96039,0.0,2,0,0,0
176769785,34.0348307455,108.756718387,417.966,394.77,-0.0,1.32037,1.96023,0.0,2,0,0,0
176970013,34.0348307037,108.75671959,417.936,394.743,-0.0,1.32034,1.96007,0.0,2,0,0,0
177160235,34.0348306971,108.756720857,417.907,394.716,-0.0,1.32416,1.96114,0.0,2,0,0,0
177360459,34.0348308296,108.756722255,417.87,394.68,-0.0,1.32412,1.96098,0.0,2,0,0,0
177570695,34.0348312284,108.756723731,417.816,394.627,-0.0,1.32021,1.96008,0.0,2,0,0,0
177770922,34.0348318157,108.756725109,417.76,394.572,-0.0,1.32015,1.95993,0.0,2,0,0,0
177971149,34.0348327041,108.756726433,417.705,394.518,-0.0,1.32009,1.96026,0.0,2,0,0,0
178161366,34.0348337467,108.756727594,417.663,394.474,-0.0,1.32392,1.96085,0.0,2,0,0,0
178361593,34.0348349693,108.756728649,417.642,394.454,-0.0,1.32386,1.9607,0.0,2,0,0,0
178561821,34.0348362442,108.756729443,417.657,394.468,-0.0,1.31976,1.96017,0.0,2,0,0,0
178762047,34.034837523,108.75673008,417.672,394.483,-0.0,1.32381,1.9609,0.0,2,0,0,0
178972285,34.0348388288,108.756730646,417.694,394.504,-0.0,1.31993,1.96002,0.0,2,0,0,0
179162501,34.034839864,108.756730911,417.723,394.532,-0.0,1.32381,1.9611,0.0,2,0,0,0
179362728,34.0348408423,108.756731024,417.764,394.571,-0.0,1.31979,1.96008,0.0,2,0,0,0
179562956,34.0348417181,108.756731129,417.814,394.62,-0.0,1.31983,1.95994,0.0,2,0,0,0
179763181,34.0348425323,108.756731179,417.857,394.662,-0.0,1.32392,1.96066,0.0,2,0,0,0
179963408,34.0348433072,108.756731111,417.873,394.678,-0.0,1.32394,1.961,0.0,2,0,0,0
180163635,34.034844101,108.756730991,417.875,394.678,-0.0,1.32398,1.96085,0.0,2,0,0,0
180363862,34.0348446654,108.756730805,417.862,394.662,-0.0,1.31998,1.95984,0.0,2,0,0,0
180564090,34.0348450793,108.756730586,417.831,394.628,-0.0,1.32003,1.96017,0.0,2,0,0,0
180764316,34.0348453484,108.756730372,417.778,394.57,-0.0,1.32008,1.96003,0.0,2,0,0,0
180964546,34.0348455482,108.756730113,417.706,394.494,-0.0,1.32013,1.95989,0.0,2,0,0,0
181164769,34.0348457404,108.756729883,417.622,394.403,-0.0,1.32424,1.96061,0.0,2,0,0,0
181364996,34.0348459365,108.756729704,417.538,394.314,-0.0,1.32022,1.96009,0.0,2,0,0,0
181565235,34.0348461053,108.756729395,417.465,394.234,-0.0,1.32434,1.96081,0.0,2,0,0,0
181765452,34.0348462628,108.756728983,417.372,394.133,-0.0,1.32439,1.96117,0.0,2,0,0,0
181965676,34.0348465017,108.756728646,417.261,394.013,-0.0,1.3203,1.96014,0.0,2,0,0,0
182165904,34.0348466619,108.75672833,417.122,393.864,-0.0,1.32442,1.96086,0.0,2,0,0,0
182366133,34.0348467301,108.756728077,416.974,393.706,-0.0,1.32439,1.96071,0.0,2,0,0,0
182566356,34.0348466751,108.756727714,416.823,393.543,-0.0,1.32432,1.96106,0.0,2,0,0,0
182766583,34.0348465341,108.756727412,416.678,393.388,-0.0,1.32007,1.96005,0.0,2,0,0,0
182966809,34.0348463665,108.756727108,416.548,393.246,-0.0,1.31998,1.95991,0.0,2,0,0,0
183167039,34.0348462273,108.75672675,416.42,393.104,-0.0,1.31987,1.96024,0.0,2,0,0,0
183367262,34.0348460883,108.75672644,416.287,392.958,-0.0,1.31976,1.9601,0.0,2,0,0,0
183567489,34.0348458932,108.756726224,416.167,392.825,-0.0,1.31964,1.95994,0.0,2,0,0,0
183767716,34.0348456413,108.756726043,416.065,392.711,-0.0,1.31953,1.96027,0.0,2,0,0,0
183967942,34.0348454608,108.756725872,415.988,392.62,-0.0,1.31941,1.96012,0.0,2,0,0,0
184168169,34.0348453294,108.756725786,415.942,392.561,-0.0,1.31931,1.95997,0.0,2,0,0,0
184368402,34.0348451138,108.756725724,415.901,392.507,-0.0,1.3192,1.96031,0.0,2,0,0,0
184568622,34.0348449007,108.756725789,415.874,392.466,-0.0,1.31909,1.96016,0.0,2,0,0,0
184768849,34.0348448148,108.756725901,415.858,392.438,-0.0,1.31898,1.96001,0.0,2,0,0,0
184969076,34.0348447923,108.756725942,415.856,392.423,-0.0,1.31887,1.95987,0.0,2,0,0,0
185169302,34.0348448232,108.756725941,415.866,392.419,-0.0,1.31878,1.9602,0.0,2,0,0,0
185369529,34.0348449467,108.756725974,415.874,392.415,-0.0,1.31871,1.96005,0.0,2,0,0,0
185569757,34.0348451066,108.756726128,415.882,392.409,-0.0,1.31863,1.9599,0.0,2,0,0,0
185759971,34.034845315,108.756726331,415.888,392.402,-0.0,1.32244,1.96097,0.0,2,0,0,0
185970209,34.0348454915,108.756726483,415.907,392.408,-0.0,1.31852,1.96008,0.0,2,0,0,0
186170436,34.0348455938,108.756726637,415.907,392.395,-0.0,1.31846,1.95994,0.0,2,0,0,0
186370667,34.0348456419,108.75672672,415.88,392.356,-0.0,1.3184,1.96027,0.0,2,0,0,0
186570891,34.0348457748,108.756726869,415.829,392.293,-0.0,1.31835,1.96013,0.0,2,0,0,0
186761111,34.0348459075,108.756726951,415.768,392.222,-0.0,1.32213,1.96072,0.0,2,0,0,0
186961332,34.0348459833,108.756726927,415.7,392.142,-0.0,1.32207,1.96107,0.0,2,0,0,0
187161558,34.0348459838,108.75672702,415.62,392.05,-0.0,1.32201,1.96091,0.0,2,0,0,0
187371797,34.0348457431,108.756726898,415.551,391.97,-0.0,1.31817,1.96003,0.0,2,0,0,0
187562023,34.0348453412,108.756726741,415.496,391.902,-0.0,1.32196,1.96111,0.0,2,0,0,0
187762242,34.0348449129,108.756726563,415.462,391.855,-0.0,1.31792,1.96009,0.0,2,0,0,0
187962467,34.0348447312,108.756726435,415.442,391.823,-0.0,1.3179,1.95994,0.0,2,0,0,0
188162693,34.0348448287,108.756726218,415.426,391.794,-0.0,1.32191,1.96066,0.0,2,0,0,0
188362923,34.0348450531,108.756726073,415.405,391.76,-0.0,1.32188,1.96101,0.0,2,0,0,0
188563160,34.034845115,108.756726248,415.373,391.716,-0.0,1.32184,1.96086,0.0,2,0,0,0
188763373,34.0348450721,108.756726302,415.34,391.671,-0.0,1.32179,1.96121,0.0,2,0,0,0
188963600,34.0348450507,108.756726295,415.314,391.633,-0.0,1.32175,1.96105,0.0,2,0,0,0
189163827,34.0348450511,108.756726329,415.294,391.603,-0.0,1.32171,1.96089,0.0,2,0,0,0
189364053,34.0348450862,108.756726454,415.282,391.581,-0.0,1.31769,1.96035,0.0,2,0,0,0
189564283,34.0348450683,108.756726534,415.271,391.558,-0.0,1.32166,1.96107,0.0,2,0,0,0
189764509,34.0348451609,108.756726471,415.261,391.54,-0.0,1.31769,1.96005,0.0,2,0,0,0
189964734,34.0348452479,108.756726397,415.25,391.518,-0.0,1.31772,1.95991,0.0,2,0,0,0
190164961,34.0348452456,108.756726264,415.248,391.505,-0.0,1.31774,1.96024,0.0,2,0,0,0
190365194,34.0348452797,108.756726176,415.246,391.492,-0.0,1.31777,1.9601,0.0,2,0,0,0
190565415,34.0348453009,108.756726174,415.24,391.474,-0.0,1.3178,1.95996,0.0,2,0,0,0
190765642,34.0348453063,108.756726195,415.233,391.456,-0.0,1.31781,1.96029,0.0,2,0,0,0
190965869,34.0348453326,108.756726311,415.227,391.436,-0.0,1.31782,1.96015,0.0,2,0,0,0
191166096,34.0348453392,108.756726487,415.219,391.416,-0.0,1.31782,1.96,0.0,2,0,0,0
191366323,34.0348453651,108.756726657,415.216,391.399,-0.0,1.31783,1.95986,0.0,2,0,0,0
191566550,34.0348453922,108.75672679,415.209,391.379,-0.0,1.31783,1.96019,0.0,2,0,0,0
191766778,34.0348453814,108.756726929,415.197,391.354,-0.0,1.31783,1.96005,415.093,2,0,1,0
191967004,34.0348453766,108.756727075,415.184,391.328,-0.0,1.31785,1.95991,415.084,2,0,1,0
192167238,34.0348453403,108.75672716,415.175,391.306,-0.0,1.31787,1.96025,415.077,2,0,1,0
