timestamp,timestamp_sample,accel_device_id,gyro_device_id,delta_angle[0],delta_angle[1],delta_angle[2],delta_velocity[0],delta_velocity[1],delta_velocity[2],delta_angle_dt,delta_velocity_dt,delta_velocity_clipping
141099746,141099398,3670026,3670026,7.03738e-06,5.12353e-05,-0.000156621,-0.00314803,-0.00303593,-0.0483917,4978,4978,0
141104706,141104354,3670026,3670026,2.98645e-05,-1.66506e-06,-0.000357309,-0.000884694,-0.000935084,-0.0477765,4956,4956,0
141601358,141601038,3670026,3670026,-0.000658163,-0.000454723,0.000317446,-0.00219976,-0.00828283,-0.0467535,4966,4966,0
142107892,142107497,3670026,3670026,0.000387332,0.000142103,0.000751744,-0.001392,0.00325545,-0.0508109,4968,4968,0
142604429,142604102,3670026,3670026,-6.50424e-06,-9.13726e-05,-0.000776497,-0.00220441,0.00085658,-0.0468361,4966,4966,0
143106000,143105674,3670026,3670026,-0.00127656,0.00036664,-0.000387341,-0.00552987,0.00367159,-0.0470656,4952,4952,0
143602609,143602280,3670026,3670026,0.00261621,-0.00134189,-0.000260444,0.00118104,-0.00228376,-0.0420596,4967,4967,0
144104201,144103851,3670026,3670026,0.00170868,-0.00158812,-0.000419785,0.0122157,-0.0058376,-0.0412447,4966,4966,0
144600800,144600461,3670026,3670026,0.000442711,-0.000584251,-0.000752198,-0.00117689,-0.00714202,-0.0501734,4969,4969,0
145102562,145102198,3670026,3670026,0.000672676,-0.00176735,-0.000608871,0.0074658,-0.0123349,-0.036166,4963,4963,0
145603977,145603604,3670026,3670026,-0.000332366,0.000448261,0.00016178,0.00145741,0.00370804,-0.0461153,4951,4951,0
146105545,146105174,3670026,3670026,0.00100382,7.428e-05,-0.000842181,-0.00785082,-0.000548171,-0.0500707,4966,4966,0
146607185,146606748,3670026,3670026,7.39183e-06,-0.000422663,0.00108605,0.000959195,-0.00297709,-0.0555772,4968,4968,0
147103741,147103353,3670026,3670026,0.000540113,5.32429e-05,-0.00107604,0.00498344,-0.0180982,-0.0545858,4967,4967,0
147600308,147599959,3670026,3670026,0.00157816,-0.00123417,-0.00123241,0.00523039,-0.0203863,-0.0389231,4966,4966,0
148101922,148101531,3670026,3670026,0.00128615,-0.000561242,-0.00151035,0.000202681,-0.0285894,-0.0481373,4966,4966,0
148603624,148603257,3670026,3670026,-6.4968e-05,-0.000386065,-0.000523144,-0.00653695,-0.00592191,-0.0527072,4987,4987,0
149105093,149104676,3670026,3670026,0.000983892,-0.000820882,-0.00111859,-0.00114836,-0.0169261,-0.047522,4966,4966,0
149606626,149606250,3670026,3670026,-0.00289992,0.000499564,-0.00381968,-0.00125548,-0.00515801,-0.0492704,4967,4967,0
150103176,150102855,3670026,3670026,0.000231655,-3.50185e-05,-0.00413816,-0.00801256,0.00502727,-0.0556113,4967,4967,0
150604756,150604427,3670026,3670026,-9.45192e-05,-0.00031863,-0.00376537,0.0047504,0.00437359,-0.0371001,4966,4966,0
151101427,151101034,3670026,3670026,-0.000705361,0.000800146,-0.0032982,0.00558628,0.0156337,-0.0389093,4965,4965,0
151602962,151602606,3670026,3670026,0.00138407,-0.000404869,-0.00411522,-0.00140936,-0.00287541,-0.0491033,4966,4966,0
152104608,152104280,3670026,3670026,0.000970619,0.000554266,0.00175355,-0.00025368,0.0263659,-0.0465637,4990,4990,0
152606125,152605750,3670026,3670026,-0.00173452,0.000901446,0.00261242,-0.00945008,0.00727539,-0.0565675,4966,4966,0
153102678,153102357,3670026,3670026,-0.000656839,0.00189491,0.00520867,-0.00680131,0.00514531,-0.0547775,4966,4966,0
153604264,153603930,3670026,3670026,-0.00116118,-0.00130346,0.00378101,-0.00504719,-0.00527519,-0.0504444,4964,4964,0
154105829,154105504,3670026,3670026,0.00138589,-0.000123537,0.00290763,0.00859999,-0.0274572,-0.0364195,4920,4920,0
154602452,154602109,3670026,3670026,-0.00149606,0.000749345,0.0051252,-0.000724868,0.0107901,-0.0478018,4965,4965,0
155104022,155103681,3670026,3670026,-0.000899279,0.000445801,0.00382117,-0.00334302,0.00665087,-0.0490951,4966,4966,0
155605795,155605425,3670026,3670026,-0.000846034,0.000289839,0.000400379,-0.000988752,0.00105091,-0.0493516,4983,4983,0
156102254,156101872,3670026,3670026,-0.000713966,0.00062429,-0.000118652,-0.00563701,0.00968724,-0.0518271,4975,4975,0
156603857,156603433,3670026,3670026,0.00174746,-0.000328744,-0.000424404,0.01076,-0.00859352,-0.0336459,4967,4967,0
157105348,157105008,3670026,3670026,0.000173881,-0.000326759,-0.00036128,-0.0024722,0.0105938,-0.0484335,4969,4969,0
157606952,157606581,3670026,3670026,0.00201031,-0.000449971,-0.00049254,0.00685915,-0.00509256,-0.0373107,4934,4934,0
158103586,158103184,3670026,3670026,0.00187824,-0.000644817,-0.000719937,0.00243176,-0.000923065,-0.0436652,4966,4966,0
158605102,158604757,3670026,3670026,0.000413137,0.000444872,0.000209832,0.00303965,0.00552413,-0.0380563,4961,4961,0
159101852,159101453,3670026,3670026,0.000219499,-0.000139472,-0.000632139,0.000639299,-0.0109164,-0.0416584,4981,4981,0
159603268,159602936,3670026,3670026,0.000498564,-0.000701703,-0.000199058,0.00519758,0.00829814,-0.0401125,4966,4966,0
160104929,160104509,3670026,3670026,0.000197896,-0.000689407,-0.000680102,-0.00849383,-0.0205729,-0.0536548,4966,4966,0
160606407,160606081,3670026,3670026,-0.00152185,0.00103038,0.00165016,-0.0111763,0.0246379,-0.05674,4964,4964,0
161103058,161102731,3670026,3670026,-0.00044474,-0.000162227,-0.000174385,0.00691791,-0.00118608,-0.0369473,4981,4981,0
161604657,161604261,3670026,3670026,-0.000375629,-4.12704e-05,0.000662204,0.00362701,-0.00551428,-0.0399203,4965,4965,0
162101212,162100868,3670026,3670026,0.000159706,-0.000513584,0.00024299,0.00431606,-0.0084396,-0.0400605,4965,4965,0
162602861,162602538,3670026,3670026,0.00111408,-0.000461102,-0.000819742,-0.00286294,-0.0110952,-0.0497728,4986,4986,0
163104396,163104020,3670026,3670026,-0.000752512,0.000440396,0.000325381,-0.00922995,-0.00546065,-0.0566724,4969,4969,0
163605969,163605586,3670026,3670026,-0.000997919,0.000231857,0.000495117,-0.000173905,-0.000849157,-0.0487081,4966,4966,0
164102519,164102193,3670026,3670026,1.2519e-05,-0.000170095,-0.00107116,-0.00380604,-0.0181102,-0.0496274,4946,4946,0
164604142,164603768,3670026,3670026,0.000476174,-0.000198778,-0.00017241,0.006376,-0.0165079,-0.0346799,4968,4968,0
165100767,165100374,3670026,3670026,0.00148857,-0.000613776,-0.00101519,-0.00486977,-0.0134192,-0.0509447,4968,4968,0
165602299,165601945,3670026,3670026,0.00071008,0.000129016,-0.000667189,-0.00313805,-0.0114013,-0.0485343,4966,4966,0
166104021,166103622,3670026,3670026,-0.001013,-0.000246709,-9.76e-05,-0.00457964,-0.00277264,-0.0514468,4980,4980,0
166605412,166605089,3670026,3670026,0.000933709,-0.00102218,-0.00126369,0.00429313,-0.027713,-0.0452078,4933,4933,0
167102079,167101698,3670026,3670026,-0.000818876,0.00016609,0.000346674,-0.00889255,-0.0127064,-0.0577693,4967,4967,0
167603599,167603272,3670026,3670026,-6.92846e-05,0.000106664,0.000734364,-0.0001874,0.0197651,-0.0461439,4968,4968,0
168100206,168099877,3670026,3670026,-0.000187664,0.0008698,0.000971217,-0.0073273,0.0169131,-0.0498278,4964,4964,0
168601798,168601451,3670026,3670026,0.00190333,-4.97146e-05,-0.00080729,0.0128451,-0.00804607,-0.0316658,4966,4966,0
169103372,169103023,3670026,3670026,-0.00147563,0.000378986,0.00063049,-0.00798817,-0.0100287,-0.0573581,4965,4965,0
169605189,169604775,3670026,3670026,-0.000869984,-0.000101849,4.48153e-05,-0.00934258,-0.010138,-0.0585508,4997,4997,0
170101570,170101205,3670026,3670026,-0.00165617,0.000247505,0.00062751,-0.00665859,0.00449707,-0.0483412,4964,4964,0
170603157,170602776,3670026,3670026,-0.000378908,-0.000313367,9.57117e-05,-0.00281967,-0.0168575,-0.0549403,4965,4965,0
171104789,171104352,3670026,3670026,0.00108051,0.000564517,-0.000348694,-0.0034009,-0.000136503,-0.0478479,4968,4968,0
171606313,171605922,3670026,3670026,0.00018381,3.50354e-05,-0.00103174,-0.00230459,0.0031755,-0.0467753,4959,4959,0
172102918,172102572,3670026,3670026,0.000940397,0.000181287,-0.000640135,-0.00671995,-0.0220634,-0.0539478,5009,5009,0
172604493,172604102,3670026,3670026,-0.000351082,-4.00053e-05,0.000218532,-0.00533314,-0.00851545,-0.05608,4957,4957,0
173101241,173100860,3670026,3670026,-0.000414001,-0.00025225,-0.000165876,8.85308e-05,0.00694458,-0.0417377,4981,4981,0
173602703,173602282,3670026,3670026,0.000305895,-0.000460292,-0.00032255,0.00615896,-0.00379261,-0.0390124,4966,4966,0
174104294,174103856,3670026,3670026,0.000473418,-0.000628741,2.3263e-05,0.00423202,0.00555772,-0.0413154,4966,4966,0
174605777,174605455,3670026,3670026,-0.00092512,0.000372831,0.000317795,-0.0153222,0.00458542,-0.0621632,4992,4992,0
175107331,175107002,3670026,3670026,0.000199062,0.00033257,-0.000144862,-0.00601589,-0.011314,-0.0513192,4966,4966,0
175603958,175603609,3670026,3670026,-0.00184407,5.68738e-05,0.000202883,-0.00762161,-0.00654151,-0.0560667,4965,4965,0
176105539,176105186,3670026,3670026,2.28683e-05,0.000473415,0.00104445,-0.00346454,0.00504966,-0.0466169,4970,4970,0
176602373,176601948,3670026,3670026,-0.000493778,0.000633828,0.000908205,-0.00595079,0.0075424,-0.0526329,4986,4986,0
177103731,177103361,3670026,3670026,-0.000270053,-9.74089e-05,0.000450449,0.00517722,0.00404161,-0.0370685,4927,4927,0
177605366,177604937,3670026,3670026,0.000421755,9.04368e-06,-1.32937e-05,0.00329943,0.00484832,-0.0392473,4967,4967,0
178106874,178106509,3670026,3670026,0.000594627,0.000191569,-0.000344213,-0.00601391,-0.0257669,-0.0553069,4965,4965,0
178603443,178603116,3670026,3670026,0.000975233,2.61005e-05,0.000405986,0.0122077,-0.00243265,-0.0332377,4964,4964,0
179100070,179099723,3670026,3670026,-0.00139975,-0.00023872,0.000327223,-0.0120919,0.0124987,-0.0578187,4966,4966,0
179601656,179601296,3670026,3670026,0.000909661,0.000148695,-0.000116977,-0.00415215,0.00202715,-0.051832,4944,4944,0
180103465,180103037,3670026,3670026,0.000581807,-0.000315107,-0.000655711,-0.00715831,-0.0162478,-0.0549802,4990,4990,0
180604857,180604443,3670026,3670026,-0.00104356,0.000133386,0.000169761,-0.00805172,-0.0120046,-0.0561819,4966,4966,0
181106433,181106020,3670026,3670026,0.00185108,-0.000126272,-0.000368899,0.00295215,0.00301568,-0.043186,4964,4964,0
181603005,181602625,3670026,3670026,-0.00183053,0.000687744,0.00138266,-0.0115016,0.00939645,-0.0584325,4968,4968,0
182104634,182104205,3670026,3670026,-0.00117858,0.000716889,0.000839994,-0.0116566,0.0160299,-0.0580595,4971,4971,0
182601203,182600804,3670026,3670026,-0.000849083,-0.000222869,-8.73433e-05,0.00324666,0.00872406,-0.0442837,4966,4966,0
183102728,183102378,3670026,3670026,-0.000375456,3.42067e-05,0.000692807,0.00234358,0.0103801,-0.0376532,4967,4967,0
183604394,183604070,3670026,3670026,0.00124177,2.23626e-05,-0.000150239,0.00820829,-0.00162423,-0.0349588,4989,4989,0
184105845,184105520,3670026,3670026,-0.00144875,0.000877812,0.000830197,-0.0139282,0.0269582,-0.0570559,4962,4962,0
184602490,184602169,3670026,3670026,-0.00097277,0.000371413,0.000877443,-0.00211341,-1.0798e-05,-0.0495696,5003,5003,0
185104036,185103707,3670026,3670026,0.000675598,-0.000321204,-0.000826453,0.00278673,-0.0114424,-0.0406044,4968,4968,0
185605709,185605279,3670026,3670026,0.000172005,-8.49604e-05,0.000820413,-0.00113096,0.0220588,-0.0452777,4963,4963,0
186102236,186101885,3670026,3670026,0.000294567,-0.000266258,-0.000577299,-0.00354005,0.00506436,-0.0437295,4963,4963,0
186603797,186603458,3670026,3670026,0.000102799,0.00019894,-0.000870013,-0.000546143,-0.0184458,-0.0441599,4966,4966,0
187105597,187105226,3670026,3670026,0.000364418,-0.000236987,0.000801383,0.00494594,-0.00702885,-0.0378718,4986,4986,0
187602060,187601639,3670026,3670026,0.0015925,-0.000106527,-0.000765871,0.0118273,-0.00916481,-0.032782,4966,4966,0
188103631,188103214,3670026,3670026,-0.00289661,0.000641483,0.00122625,-0.0111414,0.0212169,-0.0529672,4967,4967,0
188605111,188604786,3670026,3670026,0.00113559,-9.26247e-05,-0.000547005,0.00574323,-0.022848,-0.0409104,4967,4967,0
189101769,189101393,3670026,3670026,-0.000932231,0.000134302,0.000288723,0.00119452,0.00401416,-0.0402762,4965,4965,0
189603356,189602967,3670026,3670026,6.67277e-05,-0.000233886,0.000616029,0.00931318,-0.00662908,-0.0361562,4965,4965,0
190104886,190104540,3670026,3670026,-0.00153385,-0.00023955,0.000727208,-0.00142294,0.000920151,-0.0459515,4966,4966,0
190601638,190601313,3670026,3670026,-0.00140028,0.000173009,-4.03486e-05,-0.00499416,-0.0123455,-0.0581971,4980,4980,0
191103105,191102730,3670026,3670026,0.000614721,-0.000400388,-5.75687e-05,0.00226902,0.00765664,-0.0443903,4974,4974,0
191604718,191604345,3670026,3670026,0.000423054,-0.000516733,-0.00070099,-0.00086983,0.00245069,-0.0461427,5017,5017,0
192106187,192105868,3670026,3670026,0.000394377,4.54669e-06,9.82065e-05,-0.0011367,-0.0144428,-0.0511691,4964,4964,0
192607861,192607442,3670026,3670026,-0.00119923,-0.000648375,5.89139e-05,-0.00627184,0.00499279,-0.0528418,4967,4967,0
193104434,193104049,3670026,3670026,-0.00173934,0.000307484,0.000564963,-0.0124195,0.00852724,-0.0573259,4967,4967,0
193601048,193600656,3670026,3670026,5.13169e-05,-0.000627313,-0.000894016,0.00208235,-0.0282638,-0.0455763,4966,4966,0
194102787,194102358,3670026,3670026,0.00164241,-1.94998e-05,-0.00100926,0.011075,-0.00522928,-0.0335689,4996,4996,0
194604131,194603805,3670026,3670026,0.000155196,-0.000467278,-0.000371897,0.00520327,-0.0107315,-0.0396499,4965,4965,0
195105705,195105378,3670026,3670026,-0.000786663,0.000559017,0.00179369,-0.00626463,0.0299278,-0.0504891,4967,4967,0
195607292,195606950,3670026,3670026,-0.000657113,-0.000180303,0.000106486,-0.00631902,-0.0151108,-0.0586483,4966,4966,0
196103943,196103560,3670026,3670026,-0.000503785,0.000100208,0.000830158,0.00393473,-0.00119207,-0.0408319,4968,4968,0
196600551,196600165,3670026,3670026,0.00135233,-0.000269306,-0.00139398,0.0101538,-0.0347682,-0.0365812,4960,4960,0
197102089,197101741,3670026,3670026,-0.00102456,0.000307407,0.000542639,0.000651238,-0.00141541,-0.0447716,4968,4968,0
197603760,197603438,3670026,3670026,0.00018127,0.000435276,0.00010299,-0.00845808,-0.000152211,-0.0578806,4988,4988,0
198105212,198104886,3670026,3670026,0.000322651,-0.000888398,-0.001028,0.00173715,-0.0189283,-0.0463458,4965,4965,0
198606786,198606460,3670026,3670026,0.00176554,-0.000306393,-0.000785821,0.0115604,-0.0223198,-0.0350946,4967,4967,0
199103391,199103067,3670026,3670026,-0.000274782,-0.000268475,0.000146163,-0.00268665,-0.014375,-0.0487042,4966,4966,0
199604967,199604641,3670026,3670026,0.000202135,0.000338664,0.000459542,0.00316941,0.0124307,-0.0404424,4967,4967,0
200101697,200101253,3670026,3670026,0.00146005,-0.000252051,-0.000976005,-0.0073772,-0.0138747,-0.052681,4970,4970,0
200603167,200602822,3670026,3670026,0.000309562,-0.000327552,-0.000530343,-0.000260607,0.00724319,-0.0446275,4966,4966,0
201104893,201104570,3670026,3670026,0.000453291,-7.45872e-05,-2.23581e-05,0.000795504,-0.0161356,-0.0456013,5036,5036,0
201606355,201605974,3670026,3670026,-0.00196782,0.000533697,0.00151747,-0.0100867,0.027861,-0.0528054,4971,4971,0
202102997,202102576,3670026,3670026,-7.19178e-05,-0.000171423,-0.000790852,-0.000485309,-0.0101008,-0.044349,4966,4966,0
202604476,202604150,3670026,3670026,-0.000892588,0.000664508,0.00120978,-0.00704651,0.0165845,-0.0513589,4964,4964,0
203106091,203105765,3670026,3670026,0.00196507,-0.000165384,-0.000816039,0.00226221,-0.0114151,-0.0433546,5007,5007,0
203602699,203602331,3670026,3670026,0.000301024,0.000130282,0.000181111,-0.00332164,-0.0134532,-0.0523248,4966,4966,0
204104268,204103905,3670026,3670026,-0.000939656,-0.000433413,-9.32588e-05,0.00441001,-0.000641118,-0.0397798,4966,4966,0
204605826,204605479,3670026,3670026,-7.33589e-05,0.000401648,0.000795254,0.000406005,0.00234459,-0.0459987,4967,4967,0
205102530,205102210,3670026,3670026,0.00060122,-0.00014092,-0.000373385,0.00936781,-0.0300838,-0.0355369,5036,5036,0
205604031,205603660,3670026,3670026,-0.00156963,0.000516063,0.0010513,-0.0183456,0.0254956,-0.0631606,4966,4966,0
206105562,206105234,3670026,3670026,0.000347115,-0.000369625,-0.00127243,0.00333555,-0.0324603,-0.0428453,4966,4966,0
206607183,206606807,3670026,3670026,-0.000547508,0.00050871,0.000694532,-0.00619995,-0.0164607,-0.0532875,4966,4966,0
207103870,207103415,3670026,3670026,-0.00122534,-0.000334401,0.000216455,-0.00242596,0.00724075,-0.0469358,4966,4966,0
207605352,207604988,3670026,3670026,0.000406944,-0.000376105,-0.000901141,-0.00541744,-0.0347501,-0.0549627,4966,4966,0
208101986,208101642,3670026,3670026,4.65026e-05,-0.000369685,-0.000482492,-0.0118862,-0.00379418,-0.0611567,5012,5012,0
208603615,208603247,3670026,3670026,0.00133124,-0.000558453,-0.000469205,0.00904529,-0.0130209,-0.034843,4990,4990,0
209105077,209104754,3670026,3670026,-0.00041035,0.000387571,0.000450455,-0.00704556,0.0144865,-0.0549516,4979,4979,0
209606704,209606318,3670026,3670026,0.000800509,1.23266e-07,-0.000441643,0.00246941,0.0166052,-0.0360205,4966,4966,0
210103294,210102925,3670026,3670026,0.00105176,-0.000307447,-0.000120624,0.00703132,-0.010625,-0.0328205,4947,4947,0
210604870,210604498,3670026,3670026,-0.00117493,0.000203451,0.00110254,-0.0122907,0.0153163,-0.0600747,4966,4966,0
211101451,211101106,3670026,3670026,-0.000235422,0.00010329,0.000316072,0.00236975,-0.0138004,-0.0431674,4966,4966,0
211603030,211602680,3670026,3670026,0.000141802,0.000512844,0.000227111,-0.00136082,-0.016866,-0.051042,4966,4966,0
212104714,212104333,3670026,3670026,-0.00050024,0.000457247,0.000679933,-0.00981777,-0.00180618,-0.0555248,4984,4984,0
212606158,212605828,3670026,3670026,-0.000863041,0.000226561,5.23547e-07,-0.0107693,-0.0165499,-0.0570452,4966,4966,0
213102758,213102436,3670026,3670026,-0.0015563,0.000599215,0.000752989,-0.0147395,0.0234805,-0.0618309,4962,4962,0
213604389,213604008,3670026,3670026,0.00175013,-0.000830978,-0.000762577,0.00953389,-0.0294846,-0.0382689,4966,4966,0
214101058,214100616,3670026,3670026,-0.000194369,-0.000127596,-0.000576818,-0.00800867,-0.00737422,-0.0565249,4965,4965,0
214602549,214602199,3670026,3670026,0.00119107,-0.000262235,-0.000147229,-0.00208866,-0.0164809,-0.0485738,4975,4975,0
215104155,215103764,3670026,3670026,4.99293e-05,0.000206049,-0.000551767,0.00158066,0.00747812,-0.0422998,4967,4967,0
215605842,215605432,3670026,3670026,-0.000778919,-9.79512e-06,0.000831832,-0.00835733,-0.00386737,-0.0551874,4994,4994,0
216102340,216101947,3670026,3670026,9.91134e-05,-0.000126222,6.31937e-05,-0.00347133,-0.00316405,-0.0517125,4968,4968,0
216603847,216603519,3670026,3670026,-0.00117161,-0.000128417,0.000679442,-0.0111654,0.0144221,-0.0597551,4967,4967,0
217100448,217100126,3670026,3670026,-0.0017332,-0.000252843,0.000998189,-0.00495115,0.0216564,-0.0502267,4966,4966,0
217602082,217601700,3670026,3670026,0.000182703,0.000457855,0.000328522,-0.00580147,-0.00928211,-0.0546587,4966,4966,0
218103618,218103274,3670026,3670026,0.000626778,-0.00049282,-0.000630347,-0.0061496,0.00349757,-0.0519153,4966,4966,0
218605228,218604886,3670026,3670026,0.000119184,-0.000351345,0.00015398,0.00511822,0.0142443,-0.0399488,4993,4993,0
219101899,219101532,3670026,3670026,6.01043e-05,-0.000103415,-0.000289701,0.00104023,0.018226,-0.0413368,4990,4990,0
219603408,219603029,3670026,3670026,-0.000388457,0.000394652,-0.000297489,-0.0133423,-0.0194194,-0.0621081,4966,4966,0
220104929,220104603,3670026,3670026,5.75526e-06,0.000252438,8.39927e-05,-0.00118087,0.00960521,-0.0442366,4966,4966,0
220606587,220606176,3670026,3670026,0.000559268,0.000164448,0.000149976,0.00026936,0.00504773,-0.0458959,4965,4965,0
221103109,221102784,3670026,3670026,0.0016792,-0.000884672,-0.000893835,0.0096634,-0.0165441,-0.0362591,4966,4966,0
221604742,221604359,3670026,3670026,-0.000478475,0.00022805,-4.25371e-05,-0.00166411,0.00089268,-0.0439975,4966,4966,0
222101332,222100987,3670026,3670026,-6.77116e-05,-0.000104001,-0.000234919,-0.00737416,-0.0148637,-0.0565665,4989,4989,0
222603031,222602619,3670026,3670026,0.00208839,-1.53597e-05,-0.000416613,0.00227391,-0.0165834,-0.0476601,4988,4988,0
223104487,223104113,3670026,3670026,0.000982073,-0.00085514,-0.00132565,3.9155e-05,-0.0138047,-0.0459497,4967,4967,0
223606011,223605686,3670026,3670026,0.00059162,-0.000236936,-0.00031435,0.00510269,0.011417,-0.0353645,4966,4966,0
224102666,224102294,3670026,3670026,-8.00832e-05,0.000205546,1.618e-05,-0.00638808,-0.00340029,-0.0547267,4966,4966,0
224604291,224603868,3670026,3670026,0.00181651,-0.000555238,-0.00112671,0.00510496,-0.0109356,-0.0395569,4967,4967,0
225100819,225100475,3670026,3670026,0.000708561,-0.000397711,-0.000813507,-0.0019832,0.00517525,-0.046648,4966,4966,0
225602400,225602050,3670026,3670026,-6.16739e-05,0.000172076,0.000487348,-0.00115768,-0.00209643,-0.0426936,4967,4967,0
226104222,226103716,3670026,3670026,-8.60084e-05,0.000201369,0.00100163,-0.00416146,0.0236409,-0.050585,4995,4995,0
226605621,226605201,3670026,3670026,-0.000705263,7.42005e-05,-0.000612387,-0.00890222,-0.0146453,-0.0576271,4970,4970,0
227107103,227106770,3670026,3670026,0.000422306,0.000247694,-8.39693e-05,0.0043055,0.0116254,-0.0368965,4966,4966,0
227603703,227603379,3670026,3670026,0.0012178,0.000157835,-0.000282034,0.0010354,0.00434635,-0.0447493,4967,4967,0
228100371,228099988,3670026,3670026,-0.000435613,-8.98136e-05,0.000468377,0.00438763,0.00330418,-0.0401018,4968,4968,0
228601915,228601559,3670026,3670026,0.00199378,-0.000245962,-0.000914497,0.0027335,-0.0177812,-0.0427337,4966,4966,0
229103515,229103173,3670026,3670026,-0.00121195,0.000278295,0.000125262,-0.0151099,0.0118796,-0.060902,4940,4940,0
229605229,229604803,3670026,3670026,-0.00135454,3.23569e-05,0.000907305,-0.00592021,0.0213458,-0.0481419,4990,4990,0
230106706,230106280,3670026,3670026,0.000800067,-0.0002061,-0.00099895,-0.00469696,-0.0222765,-0.0533776,4965,4965,0
230603223,230602894,3670026,3670026,-0.000522753,-0.000307339,-0.000596106,-0.00708616,-0.0201387,-0.0547159,4916,4916,0
231104835,231104462,3670026,3670026,0.000457334,-0.000348823,-9.21268e-05,0.00616496,-0.0166373,-0.038141,4967,4967,0
231601400,231601070,3670026,3670026,-9.08794e-05,-0.000232728,-0.000162247,0.00269137,-0.00680713,-0.043171,4967,4967,0
232103047,232102693,3670026,3670026,0.00161964,0.000173795,-0.000720722,6.15973e-06,-0.0197898,-0.0507685,5016,5016,0
232604603,232604267,3670026,3670026,0.00168886,-0.000249598,-0.000734363,-0.00451279,-0.00940824,-0.0512474,4998,4998,0
233106315,233105895,3670026,3670026,0.00027719,-0.000167115,0.000340816,0.00334325,0.0152399,-0.0387481,4981,4981,0
233602769,233602398,3670026,3670026,0.000746117,-8.78504e-05,-0.000549285,0.00823436,-0.000962701,-0.0337409,4967,4967,0
234104312,234103976,3670026,3670026,-0.00129777,0.00035673,0.000538265,-0.0058981,-0.00276004,-0.0564258,4970,4970,0
234605911,234605546,3670026,3670026,0.00171564,-0.000234658,-0.00072059,0.00393223,-0.0173201,-0.0446354,4967,4967,0
235102651,235102153,3670026,3670026,-0.00124814,6.78625e-05,6.52416e-05,-0.0065333,-0.0118339,-0.0564348,4966,4966,0
235604121,235603726,3670026,3670026,-0.000341261,-0.000406206,-0.000595286,-0.00169412,-0.0311898,-0.0487714,4965,4965,0
236105661,236105300,3670026,3670026,0.0014937,-0.000181153,-0.0013014,0.00177696,-0.00640265,-0.0411484,4966,4966,0
236602318,236601991,3670026,3670026,0.000550734,-0.000313734,-0.000990524,-0.00264461,-0.0330858,-0.0543518,4967,4967,0
237103872,237103523,3670026,3670026,0.000160134,-0.000314554,-0.0003572,-0.00288923,0.00564737,-0.0432162,5009,5009,0
237605445,237605061,3670026,3670026,-0.00103404,-0.000104716,0.000372997,-0.00131863,-0.0191648,-0.0511753,4972,4972,0
238102030,238101662,3670026,3670026,-0.000626768,3.49722e-05,0.000766691,-0.0090186,0.000172267,-0.0577319,4966,4966,0
238603559,238603236,3670026,3670026,-0.000397188,-0.000274796,-0.000690886,-0.00825229,-0.0122242,-0.0527443,4966,4966,0
239105170,239104812,3670026,3670026,0.000373745,-6.85644e-06,0.00015971,-0.000472075,0.0224075,-0.0423914,4940,4940,0
239601800,239601460,3670026,3670026,0.00127231,-0.000651944,-0.00102237,0.00245955,-0.0209032,-0.0486297,4982,4982,0
240103459,240103090,3670026,3670026,0.000482922,7.86904e-07,0.000606771,0.00144689,0.0076163,-0.0408182,4991,4991,0
240604948,240604567,3670026,3670026,0.000165749,-0.000223827,-0.000303386,-0.00382588,-0.0207018,-0.0558986,4960,4960,0
241106466,241106138,3670026,3670026,-0.000642136,0.0003042,0.000263715,0.0045807,5.54251e-05,-0.0387985,4966,4966,0
241603115,241602746,3670026,3670026,-0.000235094,-0.00046261,0.00016749,0.00382827,-0.00750723,-0.0425396,4965,4965,0
242104648,242104319,3670026,3670026,0.00118579,-0.000170749,-0.000787191,0.00145167,-0.0125128,-0.0462236,4945,4945,0
242601316,242600928,3670026,3670026,-0.000690903,0.000403542,0.00036484,-0.00612151,0.00296538,-0.054453,4967,4967,0
243102894,243102551,3670026,3670026,0.00116985,-0.000171702,-0.000573905,-0.00075274,0.000465235,-0.0449967,4992,4992,0
243604598,243604234,3670026,3670026,0.00168298,-5.25351e-05,-0.000588497,0.00109452,0.00144478,-0.0412332,4989,4989,0
244106064,244105648,3670026,3670026,-7.36027e-06,-2.30184e-05,-0.000722844,0.00117127,0.00554446,-0.0438198,4966,4966,0
244602581,244602255,3670026,3670026,0.000196429,0.000694705,0.000544346,-0.0087681,0.0104999,-0.0558439,4966,4966,0
245104213,245103830,3670026,3670026,0.000534705,0.000546159,-0.000641692,-0.00450092,0.000219542,-0.0510804,4968,4968,0
245600804,245600436,3670026,3670026,-0.00153537,3.62845e-05,0.000387525,-0.00549743,-0.000132179,-0.0556575,4966,4966,0
246102446,246102010,3670026,3670026,0.00191291,-0.000239773,-0.000641274,0.000319262,-0.0130024,-0.0482497,4966,4966,0
246603928,246603584,3670026,3670026,-0.00028687,-0.000310858,-0.000582479,-0.00532698,0.00422274,-0.0508754,4967,4967,0
247105670,247105307,3670026,3670026,-0.000240877,0.000496164,0.000372226,-0.00850136,0.0136956,-0.0577913,4977,4977,0
247602085,247601764,3670026,3670026,0.0019263,-0.000748302,-0.000524486,0.00675704,-0.0237592,-0.0418818,4962,4962,0
248103721,248103338,3670026,3670026,0.000493003,-0.000211828,-0.0010956,-0.00504526,-0.00835507,-0.0515832,4966,4966,0
248600383,248599947,3670026,3670026,-0.000459632,0.000348327,0.000275516,-0.00131762,0.000181897,-0.0479903,4968,4968,0
249101892,249101522,3670026,3670026,0.000215835,-8.51161e-05,-0.000426874,0.00746547,-0.0115669,-0.0394866,4969,4969,0
249603482,249603093,3670026,3670026,-0.000177552,-0.000308095,-0.00100654,-0.00494471,-0.0213382,-0.0531675,4967,4967,0
250105066,250104666,3670026,3670026,0.000525869,-0.000297436,-0.000846429,-0.0071333,-0.0141644,-0.057476,4917,4917,0
250601734,250601366,3670026,3670026,-0.000864369,-6.19718e-05,0.000452549,-0.00465065,0.00558198,-0.0505562,4924,4924,0
251103296,251102847,3670026,3670026,-0.000322988,0.000170538,-6.56112e-05,-0.00938265,-0.0250961,-0.0575319,4959,4959,0
251604741,251604416,3670026,3670026,0.00107755,0.000172721,-0.00087467,0.000462222,-0.000687646,-0.0449824,4924,4924,0
252101355,252101028,3670026,3670026,-0.000660276,4.61653e-05,5.92052e-05,-0.00548051,-0.00938722,-0.0555909,4966,4966,0
252602971,252602601,3670026,3670026,0.00042381,-0.000430915,-0.000477031,-0.00769756,0.00658597,-0.0551996,4959,4959,0
253104518,253104175,3670026,3670026,-0.000989456,-0.00016018,0.000445983,-0.00427799,0.0031908,-0.055357,4965,4965,0
253601129,253600782,3670026,3670026,0.000864825,-0.000661107,-0.00148578,0.00429123,-0.0329316,-0.0448864,4966,4966,0
254102870,254102458,3670026,3670026,-3.21525e-05,0.00040565,7.04005e-05,-0.0104897,0.0101329,-0.0593149,4992,4992,0
254604306,254603975,3670026,3670026,-0.0013421,-4.08957e-05,-0.00428888,-0.000990615,0.0142951,-0.0396698,4999,4999,0
255105829,255105507,3670026,3670026,0.00290524,-0.000911438,-0.00516934,0.00180065,-0.0140406,-0.0448594,4969,4969,0
255602524,255602113,3670026,3670026,0.000762582,-0.000845533,-0.00455806,0.0135475,-0.0227503,-0.0336803,4961,4961,0
256104060,256103683,3670026,3670026,0.000991569,5.19724e-05,-0.00172086,-0.00673232,-0.00642391,-0.0555662,4966,4966,0
256600635,256600292,3670026,3670026,-0.000966601,0.000249187,0.00179876,-0.00881529,0.018446,-0.0547725,4962,4962,0
257102230,257101864,3670026,3670026,-0.00119035,0.00102136,0.00112963,-0.0102468,0.000443659,-0.0570296,4966,4966,0
257603912,257603543,3670026,3670026,-0.00060561,-0.000223353,0.000760601,-0.000166602,0.00360993,-0.0462363,4989,4989,0
258105395,258105017,3670026,3670026,0.000816215,-0.000540775,-0.000267163,0.0144431,-0.0199797,-0.0316239,4972,4972,0
258606953,258606584,3670026,3670026,0.000149581,0.000390613,0.000330511,-0.00894855,0.00451019,-0.0520308,4966,4966,0
259103573,259103197,3670026,3670026,3.69628e-05,0.000195373,0.000279586,-0.00213347,-0.0137815,-0.0514891,4971,4971,0
259600125,259599802,3670026,3670026,-0.00149305,0.000757291,0.00132919,-0.0121076,0.02061,-0.0574413,4938,4938,0
260101722,260101373,3670026,3670026,-0.000428855,0.000418933,0.000502227,-0.00344189,0.000760108,-0.0530164,4966,4966,0
260603396,260602951,3670026,3670026,0.00120218,-0.000218135,-0.000372669,-0.00148362,-0.00807961,-0.0520496,4965,4965,0
261105115,261104652,3670026,3670026,0.00105898,-0.000127087,-0.000405679,0.00734954,-0.0219384,-0.0381513,5004,5004,0
261606478,261606091,3670026,3670026,0.00113868,-0.000108202,4.53271e-05,-0.00340512,-0.00765191,-0.0520956,4963,4963,0
262103032,262102710,3670026,3670026,-0.00154134,-9.1105e-07,0.000639842,-0.00466537,-0.00459309,-0.0526626,4926,4926,0
262604647,262604274,3670026,3670026,-0.000515955,0.000543635,0.000394778,-0.00864548,0.00195205,-0.0576712,4965,4965,0
263101213,263100881,3670026,3670026,0.000395141,-5.09922e-05,-0.000876178,-0.000746759,-0.00265898,-0.045448,4966,4966,0
263602794,263602454,3670026,3670026,0.000791021,-0.000548384,-0.000256766,0.000846875,0.0153298,-0.0408463,4966,4966,0
264104417,264104030,3670026,3670026,0.00122046,0.000122184,0.000300372,0.0061037,0.0136853,-0.0384191,4963,4963,0
264606145,264605770,3670026,3670026,7.78898e-05,0.000149646,0.000350651,-0.0109133,-0.00168998,-0.0609439,5034,5034,0
265102578,265102209,3670026,3670026,-0.00154513,0.000370288,0.000937513,-0.00806421,0.00380998,-0.055387,4966,4966,0
265604160,265603782,3670026,3670026,0.000763881,0.000126507,-0.000422615,0.00105387,-0.0045286,-0.0435884,4966,4966,0
266105681,266105355,3670026,3670026,0.000756165,-0.000333989,-0.000866699,0.00205672,-0.026464,-0.0440798,4966,4966,0
266602303,266601971,3670026,3670026,0.00123293,4.10853e-05,-0.000428403,0.00166059,-0.0184515,-0.0448421,4927,4927,0
267103924,267103536,3670026,3670026,0.00165106,0.000119861,-0.00101887,0.00659198,-0.00865361,-0.0373052,4965,4965,0
267605492,267605109,3670026,3670026,-0.00115081,-0.000409794,0.000145429,0.0034401,0.0111772,-0.0422278,4966,4966,0
268102239,268101830,3670026,3670026,0.000919128,-0.000765909,-0.000559631,0.0044555,-0.00779017,-0.0403903,4941,4941,0
268603677,268603292,3670026,3670026,0.000587702,-0.000423434,-0.00042206,-0.00285383,0.00911699,-0.0441385,4968,4968,0
269105217,269104889,3670026,3670026,-0.0017175,0.000375758,0.000612825,-0.011245,0.0111472,-0.0620442,4992,4992,0
269601797,269601472,3670026,3670026,-0.000463194,-0.000578544,-0.000331951,0.00168643,-0.00219805,-0.0431598,4960,4960,0
270103438,270103045,3670026,3670026,0.000405329,-0.000291985,-0.000547503,0.00785196,-0.00416553,-0.0348673,4967,4967,0
270604978,270604626,3670026,3670026,-0.00123324,0.00031693,0.000719619,6.79176e-06,0.0220275,-0.0446064,4953,4953,0
271101614,271101224,3670026,3670026,-0.000202688,-9.06866e-05,-0.000614667,-0.00361223,-0.0206262,-0.0550938,4962,4962,0
271603286,271602912,3670026,3670026,-4.28579e-05,0.000724878,0.000525341,0.000786479,0.0160344,-0.0431305,4992,4992,0
272104799,272104369,3670026,3670026,0.000822662,-0.000711679,-0.000916656,0.0047975,-0.0311156,-0.040969,4964,4964,0
272606307,272605982,3670026,3670026,-0.000658942,4.65213e-05,0.00047025,0.000318082,-0.00799826,-0.0486462,4994,4994,0
273107954,273107528,3670026,3670026,-0.000305601,0.000245603,0.000489524,-0.00556288,-0.015364,-0.0553718,4975,4975,0
273604504,273604126,3670026,3670026,-0.00229204,0.000145774,0.00114329,-0.0146674,0.0103521,-0.0629014,4958,4958,0
274101080,274100733,3670026,3670026,-0.000968769,0.000261396,0.000409121,-0.00525299,0.00719765,-0.0510529,4954,4954,0
274602694,274602306,3670026,3670026,-0.00111212,0.000430848,5.38219e-06,-0.0142646,0.00377423,-0.0625651,4964,4964,0
275104378,275104002,3670026,3670026,0.000596257,0.00037681,2.97781e-05,-0.00387379,-0.0171897,-0.0558412,4992,4992,0
275605778,275605456,3670026,3670026,0.000484343,-0.000542825,-0.00104537,-0.00768502,-0.0216566,-0.0571437,4969,4969,0
276107396,276107068,3670026,3670026,-0.000430172,0.000149307,-0.000374116,-0.0100213,-0.0147273,-0.0593538,4986,4986,0
276604016,276603647,3670026,3670026,0.000126373,-0.000865451,-0.000449927,0.00639275,-0.00706929,-0.0400242,4977,4977,0
277100615,277100241,3670026,3670026,-0.00193415,0.000345127,0.00082779,-0.003892,0.0246033,-0.049513,4965,4965,0
277602163,277601814,3670026,3670026,-6.69152e-05,-0.000757283,-0.000652544,0.00453269,-0.00659872,-0.0424416,4965,4965,0
278103768,278103387,3670026,3670026,-0.000744081,-0.000232891,7.73927e-05,-0.0129404,-0.00576618,-0.0637518,4966,4966,0
278605453,278605082,3670026,3670026,-0.0017411,0.000818716,0.00143206,-0.0134492,0.0272736,-0.0575467,4985,4985,0
279106931,279106553,3670026,3670026,0.000901622,-0.000136691,-0.000611492,-0.00180748,-0.000118783,-0.050243,4985,4985,0
279603521,279603142,3670026,3670026,-0.00213135,0.000603312,0.00140015,-0.0174319,0.0280485,-0.0582236,4966,4966,0
280105113,280104715,3670026,3670026,-0.00153664,0.000621954,0.00043574,-0.00679768,-0.000331271,-0.0571431,4967,4967,0
280601688,280601362,3670026,3670026,0.000300965,-0.000202915,-0.000666518,0.00139802,-0.00523721,-0.0444066,5006,5006,0
281103285,281102895,3670026,3670026,0.00223521,-0.000435726,-0.000579054,0.00857692,-0.0100765,-0.0385473,4965,4965,0
281604858,281604469,3670026,3670026,0.0002539,-0.000451168,-0.000987353,-0.00236222,-0.00451897,-0.0479557,4967,4967,0
282106591,282106174,3670026,3670026,-0.000708595,0.000129792,0.00024703,-0.00353905,0.0174084,-0.0467677,4993,4993,0
282603088,282602650,3670026,3670026,0.000425891,4.47706e-05,-0.000562572,-9.24345e-05,-0.00562359,-0.0446277,4967,4967,0
283104603,283104231,3670026,3670026,0.000502983,-0.000384405,-0.000406676,0.00499575,-0.0155125,-0.0402419,4958,4958,0
283606218,283605799,3670026,3670026,-0.000399823,-0.000253374,-0.00017772,-0.00864924,-0.012241,-0.0574472,4968,4968,0
284102816,284102403,3670026,3670026,-0.000406007,-0.000132973,-9.46378e-08,-0.00273422,-0.0193216,-0.0536947,4966,4966,0
284604366,284603976,3670026,3670026,0.000716334,-0.000552535,-0.00102203,0.0130895,-0.0243448,-0.0341487,4966,4966,0
285105897,285105550,3670026,3670026,-0.000264795,-2.65224e-05,0.000116994,-0.000883508,0.0162727,-0.0420806,4966,4966,0
285602659,285602327,3670026,3670026,-0.000434771,0.000364933,0.000365498,-0.00414614,0.01764,-0.04866,4999,4999,0
286104055,286103731,3670026,3670026,-0.000658452,-0.000112315,-0.000732731,-0.0113108,-0.00715006,-0.0599512,4967,4967,0
286605677,286605307,3670026,3670026,0.000156025,-0.000658663,-0.000297995,0.00702095,-0.0014821,-0.0375151,4932,4932,0
287107254,287106876,3670026,3670026,0.000686462,-0.000289638,-0.000597169,-0.00374129,-0.0126697,-0.0526818,4964,4964,0
287603860,287603484,3670026,3670026,3.06171e-05,0.000311881,0.000659418,0.00688476,0.0104679,-0.0363248,4965,4965,0
288105422,288105057,3670026,3670026,0.000506717,-0.000200588,0.000230455,0.00267548,-0.00703834,-0.0456708,4963,4963,0
288602012,288601665,3670026,3670026,-0.000917947,-0.000103393,0.000364328,-0.0025293,0.0078143,-0.0489522,4967,4967,0
289103691,289103367,3670026,3670026,-0.00117041,0.00043379,0.00122087,-0.00688721,0.000649065,-0.0568213,4988,4988,0
289605140,289604817,3670026,3670026,0.000784691,-0.000491387,-0.000816817,0.0104899,-0.0170077,-0.0382022,4972,4972,0
290106710,290106384,3670026,3670026,-0.000635158,-0.000183589,-0.00041662,-0.00530562,-0.00564201,-0.0535286,4965,4965,0
290603322,290602992,3670026,3670026,-0.000225977,0.000158528,0.000316321,-0.00665148,-0.00237806,-0.058216,4966,4966,0
291104891,291104565,3670026,3670026,6.65104e-05,-0.000548549,-0.00113602,0.00166615,-0.0284467,-0.0448394,4937,4937,0
291601578,291601181,3670026,3670026,7.80845e-05,-0.000533379,0.000123273,0.00229488,-0.00811736,-0.0439476,4973,4973,0
292103139,292102746,3670026,3670026,0.000242856,9.57122e-05,1.62078e-05,5.82637e-05,0.0137857,-0.0415945,4966,4966,0
292604861,292604450,3670026,3670026,-9.58269e-05,0.000681795,0.000874565,-0.00946666,0.0209723,-0.0539138,4993,4993,0
293106324,293105892,3670026,3670026,-7.09367e-05,0.000381607,-0.000335823,0.00197437,-0.00489121,-0.0404928,4966,4966,0
293602877,293602500,3670026,3670026,0.00174512,-7.34373e-05,-0.000898319,0.00475077,-0.0158581,-0.0384322,4967,4967,0
294104453,294104075,3670026,3670026,-0.000577427,0.000311513,0.00122042,0.00127449,0.00809216,-0.0456077,4965,4965,0
294601116,294600680,3670026,3670026,0.00102073,-0.000172164,-0.000495369,0.00765822,-0.00896752,-0.0341582,4966,4966,0
295102614,295102256,3670026,3670026,0.000123466,-0.000445351,-0.000495265,0.00646351,-0.0147763,-0.0390165,4969,4969,0
295604216,295603827,3670026,3670026,0.00149902,-0.000260155,-0.000313838,0.00846159,0.00871129,-0.0354563,4967,4967,0
296105949,296105533,3670026,3670026,-0.000415647,-0.000285529,-0.000249132,0.000633518,0.0034091,-0.0437982,4989,4989,0
296602385,296602018,3670026,3670026,-0.000223525,-0.00058211,-0.000208155,0.00306966,-0.00319479,-0.041478,4976,4976,0
297103940,297103612,3670026,3670026,-0.00213014,0.00063018,0.00123772,-0.0117661,0.0124702,-0.0564604,4995,4995,0
297600566,297600188,3670026,3670026,3.95065e-05,0.000614407,0.000671338,-0.00925959,0.0187054,-0.0571829,4966,4966,0
298102083,298101761,3670026,3670026,6.82107e-05,-2.05195e-05,0.00070108,0.000506469,0.0279944,-0.039424,4966,4966,0
298603723,298603337,3670026,3670026,-0.000527132,-7.28227e-05,-5.22064e-05,-0.00516102,-0.0253383,-0.0551187,4962,4962,0
299105306,299104909,3670026,3670026,0.00153885,-0.000203439,-0.00147161,0.00049717,-0.0228014,-0.0499211,4967,4967,0
299602049,299601646,3670026,3670026,0.000114896,0.000105421,-0.000718159,0.00504554,0.00834645,-0.0398384,4942,4942,0
300103417,300103089,3670026,3670026,-0.00119201,-0.000103856,0.00084717,-0.00206816,0.0167611,-0.0470682,4967,4967,0
300605066,300604661,3670026,3670026,-0.00220537,0.00101506,-0.00226058,-0.0138729,-0.00403932,-0.0619424,4916,4916,0
301106649,301106235,3670026,3670026,-0.00113562,0.000732398,-0.00357733,-0.00751279,-0.00633118,-0.0577272,4965,4965,0
301603265,301602842,3670026,3670026,0.00145415,-0.000449379,-0.00424912,0.000872067,0.00124619,-0.0447712,4959,4959,0
302104778,302104423,3670026,3670026,0.000632777,-0.000649445,-0.00454493,0.00715664,-0.0140221,-0.0388569,4974,4974,0
302601410,302601022,3670026,3670026,-0.000464978,0.000636442,-0.000859422,-0.0106453,0.00730582,-0.0550261,4966,4966,0
303103152,303102740,3670026,3670026,-0.000796725,6.60808e-05,0.000967586,-0.0114903,-0.00797793,-0.0617368,4941,4941,0
303604564,303604233,3670026,3670026,-0.000102242,-0.00011334,0.000336711,0.00249817,0.014381,-0.0416719,5021,5021,0
304106112,304105742,3670026,3670026,-0.000256957,0.0005522,-8.06517e-06,-0.0074397,-0.0158413,-0.0548589,4966,4966,0
304607690,304607315,3670026,3670026,-0.00123994,0.000376838,0.000640707,-0.00651407,0.0141718,-0.0519968,4966,4966,0
305104298,305103922,3670026,3670026,-0.000253984,0.000486116,0.000271169,-0.00627319,-0.00147407,-0.0539999,4965,4965,0
305600883,305600530,3670026,3670026,-0.000195331,-0.000476769,-0.000261673,0.00608776,-0.000610466,-0.0388076,4966,4966,0
306102445,306102103,3670026,3670026,1.91023e-05,0.000594254,0.000526556,-0.00316485,0.0194411,-0.0520897,4966,4966,0
306604127,306603804,3670026,3670026,-0.0012874,1.54533e-05,0.000725855,-0.00692533,-0.0026749,-0.0566327,4935,4935,0
307105602,307105278,3670026,3670026,-0.00161908,0.000788295,0.00133055,-0.0133143,0.0227313,-0.0584336,4994,4994,0
307607213,307606863,3670026,3670026,-0.000423212,-0.000106794,-0.00028225,-0.0103019,0.000539141,-0.0613757,5006,5006,0
308103754,308103430,3670026,3670026,0.00160813,-3.7683e-05,-0.000237341,0.0145168,-0.00344226,-0.031791,4965,4965,0
308600358,308600037,3670026,3670026,-0.000350539,2.33368e-05,-0.000356661,-0.00689345,-0.0145459,-0.0594443,4966,4966,0
309101980,309101610,3670026,3670026,-0.00119861,0.000402795,0.00031038,-0.0141168,0.00842861,-0.0597022,4966,4966,0
309603522,309603183,3670026,3670026,-0.00108255,-0.000367131,6.19737e-05,0.00148718,0.00997007,-0.0420446,4924,4924,0
310105284,310104902,3670026,3670026,-3.54812e-05,-0.000918695,-0.000443033,0.000752579,0.000236868,-0.0438936,4987,4987,0
310606683,310606355,3670026,3670026,0.00102518,-0.000615018,-0.000461447,0.00646675,-0.0215952,-0.0390481,4983,4983,0
311103314,311102936,3670026,3670026,-0.00129384,0.000394652,0.000849339,-0.00841656,0.02346,-0.0512311,4964,4964,0
311604952,311604512,3670026,3670026,-0.000477811,-8.67006e-05,-0.000459053,0.00172113,0.000328855,-0.0416022,4968,4968,0
312101563,312101118,3670026,3670026,0.000212885,0.000443726,0.000147029,-0.00557616,-0.000684928,-0.0564446,4968,4968,0
312603055,312602691,3670026,3670026,-0.001296,-0.000126827,-0.000177271,-0.0108902,0.00175754,-0.0572966,4967,4967,0
313104648,313104264,3670026,3670026,0.000864027,-0.000901501,-0.00141075,0.00389986,-0.0356109,-0.0458659,4967,4967,0
313606365,313605983,3670026,3670026,0.00126193,0.000101912,-0.000368791,0.00621484,-0.00929714,-0.0378976,4992,4992,0
314102829,314102502,3670026,3670026,0.0011503,-0.000403975,-0.000746865,0.00535367,-0.0252293,-0.0466091,4988,4988,0
314604350,314604017,3670026,3670026,0.00162196,-0.000291875,-0.000465432,0.00316799,-0.00483673,-0.0417818,4967,4967,0
315105964,315105589,3670026,3670026,-0.00140664,0.000291716,0.00019078,-0.00658391,0.00640743,-0.0459243,4966,4966,0
315602584,315602197,3670026,3670026,-0.000473265,-0.000509086,-0.00100637,-0.0117643,-0.00350025,-0.0569108,4953,4953,0
316104132,316103770,3670026,3670026,0.000979348,-0.000219183,-0.000510785,-0.00259684,-0.00536128,-0.0492315,4966,4966,0
316605698,316605342,3670026,3670026,0.00176504,-0.000548551,-0.000660414,0.00316598,0.0104845,-0.0412329,4966,4966,0
317102405,317102083,3670026,3670026,-0.000533368,0.000788242,-0.000142627,-0.0126663,-0.00617585,-0.0633854,4988,4988,0
317603913,317603544,3670026,3670026,0.0001556,-0.000215949,6.20575e-05,-0.00577951,-0.00640684,-0.0548592,4983,4983,0
318105511,318105096,3670026,3670026,-0.000261774,-0.000521353,-0.000331682,-0.00361208,0.000135984,-0.0477151,4959,4959,0
318607129,318606668,3670026,3670026,0.00153003,-0.000464041,-0.000457794,0.0123905,-0.0143219,-0.0357158,4965,4965,0
319103598,319103276,3670026,3670026,0.000191927,-0.000662931,-0.000622996,-0.00188153,-0.0125727,-0.0481474,4966,4966,0
319605213,319604849,3670026,3670026,-9.99805e-05,-0.000500702,-0.000163933,0.00221938,-0.0193054,-0.0427989,4966,4966,0
320101840,320101456,3670026,3670026,0.000393018,-0.000802841,-0.0010677,0.00540887,-0.0161408,-0.0431135,4966,4966,0
320603535,320603166,3670026,3670026,0.000221566,-0.000267701,-0.000637185,0.00449355,-0.0246143,-0.0421782,4989,4989,0
321104946,321104622,3670026,3670026,0.000104483,0.000319897,0.00028852,-0.00966012,-0.0153014,-0.0567372,4922,4922,0
321606497,321606175,3670026,3670026,0.00150591,-0.000257603,-0.000783259,0.00326573,-0.0238754,-0.0431697,4966,4966,0
322103104,322102782,3670026,3670026,0.00177069,-5.64326e-05,-0.000406257,-0.00151345,-0.00963917,-0.0481955,4966,4966,0
322604687,322604360,3670026,3670026,0.00016901,-0.00041282,-0.000625205,-0.00409492,-0.00289485,-0.0486163,4971,4971,0
323101426,323101001,3670026,3670026,0.000413634,0.00045073,-0.000552975,-0.00690115,-0.0262841,-0.0572548,4998,4998,0
323602885,323602536,3670026,3670026,0.000447426,-0.000685637,-0.000930589,0.00729449,-0.0292158,-0.0414338,4967,4967,0
324104620,324104252,3670026,3670026,-0.00149586,-3.56825e-05,0.000876128,-0.00781481,0.010008,-0.049544,4980,4980,0
324606005,324605682,3670026,3670026,-0.00168113,0.000422041,0.00117468,-0.00220637,0.0135436,-0.0488373,4966,4966,0
325102614,325102288,3670026,3670026,-0.000983883,-7.80397e-05,0.000220714,-0.00312958,0.00696862,-0.0454944,4966,4966,0
325604253,325603861,3670026,3670026,-0.00140246,7.44612e-05,0.000238897,-0.0130573,-0.005977,-0.061519,4966,4966,0
326100836,326100468,3670026,3670026,-0.000403538,0.000258327,-0.000138449,-0.00130419,0.000974896,-0.0437745,4966,4966,0
326602474,326602090,3670026,3670026,-0.000652527,0.000454895,0.00118144,-0.00243445,0.0178555,-0.0492528,4999,4999,0
327103957,327103615,3670026,3670026,0.000521685,0.000509873,0.000375054,-0.0102809,0.0163742,-0.0569081,4965,4965,0
327605788,327605342,3670026,3670026,0.000584305,6.42622e-06,-0.000399451,-0.00723048,0.00467989,-0.0582989,4993,4993,0
328102172,328101794,3670026,3670026,0.000416296,-0.000138854,-5.6979e-05,0.00782041,-0.00226117,-0.0371435,4966,4966,0
328603791,328603367,3670026,3670026,-0.000226628,-0.000488782,-2.2703e-05,0.00392338,0.0145319,-0.039357,4966,4966,0
329100365,329099977,3670026,3670026,0.000859913,0.000173261,-0.000317963,0.00452432,-0.00463678,-0.0350605,4953,4953,0
329601872,329601550,3670026,3670026,-0.00176857,0.000259546,0.0007267,-0.015475,0.0146659,-0.0602951,4935,4935,0
330103477,330103120,3670026,3670026,0.00106569,-6.58624e-05,-0.000952343,-0.00680763,-0.0122838,-0.0555836,4964,4964,0
330605036,330604693,3670026,3670026,0.00134909,5.03357e-05,-0.000604441,0.0115253,-0.0270654,-0.035475,4966,4966,0
331101763,331101438,3670026,3670026,-0.000924369,0.000464315,0.00101294,-0.012188,0.0368209,-0.0559948,4988,4988,0
331603244,331602908,3670026,3670026,-0.000175398,0.000433772,0.000297043,0.00551057,0.00644635,-0.0390849,4961,4961,0
332104769,332104447,3670026,3670026,0.000861053,-0.00052228,-0.00106066,0.00461184,-0.0242143,-0.0422592,4966,4966,0
332606348,332606021,3670026,3670026,-0.000303696,-0.000116585,-7.00521e-05,-0.00367856,-0.0162331,-0.0515606,4968,4968,0
333102966,333102626,3670026,3670026,-0.000322578,-0.000244031,-0.000797761,-0.00803945,-0.00511265,-0.0538247,4964,4964,0
333604561,333604204,3670026,3670026,0.000573362,-0.000462645,-0.000252867,0.00111733,0.0178624,-0.04212,4971,4971,0
334101169,334100829,3670026,3670026,-3.16173e-06,0.000109152,0.000312857,0.00912287,0.00514019,-0.0348891,4987,4987,0
334602937,334602571,3670026,3670026,0.00223575,-0.000213903,-0.000745047,-0.000417492,-0.0189222,-0.0460846,5039,5039,0
335104384,335104006,3670026,3670026,0.000766355,-0.000293659,-0.000432841,0.00872858,-0.00454134,-0.0344147,4998,4998,0
335605935,335605525,3670026,3670026,0.00111928,-0.000773572,-0.00025573,0.0184595,-0.0219022,-0.0289705,4966,4966,0
336102498,336102131,3670026,3670026,0.000233334,-0.000382084,-0.000839512,-0.00337449,-0.020538,-0.051559,4963,4963,0
336604083,336603704,3670026,3670026,-0.000633715,0.000197327,0.000271529,0.00266198,-0.00156627,-0.0411231,4966,4966,0
337100758,337100314,3670026,3670026,-0.000389111,-0.000277593,0.000153561,-0.00739178,0.00852923,-0.0535774,4926,4926,0
337602243,337601886,3670026,3670026,-0.00148273,0.000985797,0.00119463,-0.0148254,0.0276675,-0.0620044,4968,4968,0
338104021,338103608,3670026,3670026,-0.00114585,0.000112733,0.000902036,-0.00459806,0.0271282,-0.0461941,4990,4990,0
338605450,338605069,3670026,3670026,-0.00130704,3.4248e-05,0.00111935,-0.0108931,0.00491074,-0.0562172,4986,4986,0
339106929,339106603,3670026,3670026,0.000302216,-0.000110877,-0.000778603,-0.00546562,-0.0135978,-0.0522182,4966,4966,0
339603585,339603211,3670026,3670026,-0.000822572,-6.99624e-05,0.000523718,-0.000994147,-0.00584135,-0.0472815,4967,4967,0
340100146,340099817,3670026,3670026,-0.000911129,0.000164226,0.000573012,-0.0124905,0.00755094,-0.0615771,4966,4966,0
340601750,340601390,3670026,3670026,-0.00163411,0.000616732,0.00116047,-0.0166437,0.0323277,-0.0602489,4966,4966,0
341103352,341102963,3670026,3670026,-0.00097427,-0.000724625,0.000366852,-0.00433041,0.00111256,-0.0513759,4967,4967,0
341605069,341604691,3670026,3670026,0.000787459,-0.000232616,-0.000414146,0.00544855,-0.0145544,-0.0391714,4988,4988,0
342106430,342106109,3670026,3670026,0.000500671,0.0001386,-0.000651424,-0.009943,-0.00178562,-0.0536646,4969,4969,0
342603044,342602716,3670026,3670026,0.000277164,0.000141406,0.000546886,0.0102996,-0.0129273,-0.0351826,4967,4967,0
343104651,343104291,3670026,3670026,0.000210902,5.12075e-05,-0.000179129,0.00413521,-0.00600861,-0.0395152,4969,4969,0
343601281,343600898,3670026,3670026,-0.000772224,0.000311023,0.000889748,0.00299951,-0.00200867,-0.0441886,4921,4921,0
344102897,344102471,3670026,3670026,-0.000782598,-0.000375423,0.000242758,0.00284681,-0.0103625,-0.0388478,4966,4966,0
344604423,344604041,3670026,3670026,0.000696982,-0.00020199,-9.16896e-05,0.00388548,-0.00789825,-0.0402471,4966,4966,0
345106217,345105781,3670026,3670026,0.000384734,-3.22204e-06,0.000287023,0.00477211,0.0124723,-0.0385544,4990,4990,0
345602642,345602225,3670026,3670026,-0.000843339,0.000411217,0.000123294,-0.0111588,-0.0213681,-0.0611388,4922,4922,0
346104230,346103794,3670026,3670026,-0.000758992,0.000231697,0.000620793,-0.0100094,0.00562639,-0.0575885,4967,4967,0
346605735,346605366,3670026,3670026,-0.00163401,0.000166587,0.000350483,-0.0138425,0.0167901,-0.060166,4966,4966,0
347102354,347101973,3670026,3670026,0.00122587,-0.00043164,-0.000742295,0.00236682,0.00433369,-0.0397134,4966,4966,0
347603935,347603545,3670026,3670026,-0.000551535,-0.000272905,-0.000289073,-0.00316619,0.00510606,-0.0491985,4965,4965,0
348105470,348105119,3670026,3670026,0.000952122,-0.000374194,-0.00109405,-0.00665211,-0.0142971,-0.0542465,4965,4965,0
348602299,348601877,3670026,3670026,0.000227087,-0.000364912,-0.000114104,0.00507121,0.000995048,-0.0398986,4996,4996,0
349103659,349103335,3670026,3670026,0.000914224,0.000151512,-0.000672199,0.00265001,0.00187005,-0.0399952,5000,5000,0
349605266,349604871,3670026,3670026,-9.76317e-05,5.19126e-05,6.63434e-05,0.00680901,-0.0185889,-0.0382537,4963,4963,0
350101883,350101478,3670026,3670026,0.00161641,-0.000457089,-0.000723634,0.00500871,-0.0229607,-0.0437867,4966,4966,0
350603382,350603055,3670026,3670026,0.000151411,-0.000619675,-0.000847884,0.00020545,-0.0106859,-0.0474444,4947,4947,0
351104946,351104623,3670026,3670026,0.00112136,-0.000320179,-0.000983811,0.0020524,-0.0113455,-0.0468485,4966,4966,0
351601660,351601230,3670026,3670026,-0.000613572,0.000283079,0.000671033,-0.00245864,0.0128136,-0.0457179,4966,4966,0
352103154,352102805,3670026,3670026,0.00102096,-0.000592478,-0.000391787,0.00669142,-0.0137867,-0.0387826,4966,4966,0
352604851,352604486,3670026,3670026,-0.00033986,-0.000258971,-0.000924707,-0.0108033,-0.00580795,-0.0563726,4988,4988,0
353106278,353105949,3670026,3670026,-0.00147981,-5.33182e-05,0.000655788,-0.00643822,0.000595472,-0.0556271,4967,4967,0
353607900,353607521,3670026,3670026,0.000642422,-0.000378689,-0.000331276,0.00441391,0.0108304,-0.0391376,4966,4966,0
354104513,354104129,3670026,3670026,-0.00135066,0.000657056,0.00117521,-0.0119016,0.0313739,-0.0528075,4967,4967,0
354601108,354600734,3670026,3670026,0.000937467,-0.000174563,-0.000578453,-0.00466825,0.00137,-0.051499,4966,4966,0
355102701,355102307,3670026,3670026,0.000120024,0.000278923,-0.000170927,-0.00277475,-0.0174918,-0.0536591,4965,4965,0
355604223,355603880,3670026,3670026,0.00104442,-5.58472e-05,-0.000324702,-0.00907341,-0.000282472,-0.058792,4959,4959,0
356105892,356105570,3670026,3670026,-0.0011788,0.000903797,0.000340197,-0.00913879,-0.000574459,-0.057028,4994,4994,0
356607351,356607022,3670026,3670026,-0.000512835,-0.000334733,0.000123084,-0.00350907,-0.0049894,-0.0535352,4966,4966,0
357104012,357103632,3670026,3670026,0.00119093,-0.000375189,-0.00107687,0.00669788,-0.0295166,-0.0407309,4966,4966,0
357600560,357600239,3670026,3670026,-0.000859027,0.000803441,0.0010544,-0.00268776,0.0139762,-0.0445444,4966,4966,0
358102182,358101812,3670026,3670026,-0.00133684,0.000177021,0.000584047,-0.00437913,-0.00623542,-0.0505744,4966,4966,0
358603779,358603384,3670026,3670026,-0.000300078,0.000368828,0.000482741,-0.00814434,0.0120422,-0.0573362,4965,4965,0
359105327,359104963,3670026,3670026,0.00048341,-7.01888e-05,-0.000320101,-0.000303959,-0.0257837,-0.0482685,4964,4964,0
359602072,359601698,3670026,3670026,-0.000198611,0.000155136,0.000901281,-0.00265473,-0.00175578,-0.0474878,4966,4966,0
360103462,360103141,3670026,3670026,-0.000877559,-0.000116101,-0.000574151,-0.00820788,-0.0126408,-0.0571347,4968,4968,0
360605041,360604709,3670026,3670026,0.00118055,0.000237434,-0.000350403,-0.00803663,-0.00572285,-0.0526077,4966,4966,0
361101644,361101322,3670026,3670026,2.4319e-05,0.000182852,0.000937718,-0.00197658,0.00207933,-0.0509682,4972,4972,0
361603263,361602888,3670026,3670026,-0.000609036,2.39033e-05,-0.000362916,-0.0128498,0.00892565,-0.0598812,4963,4963,0
362104898,362104461,3670026,3670026,-4.93061e-05,-0.000231515,-0.000631122,-0.00292378,-0.0322301,-0.0504528,4964,4964,0
362606383,362606035,3670026,3670026,-0.000183512,3.22852e-05,6.57737e-05,-0.00694413,0.00679767,-0.0535102,4966,4966,0
363103109,363102744,3670026,3670026,0.000815192,-0.000257506,-0.000362789,0.0077088,0.00391863,-0.0368171,4952,4952,0
363604545,363604220,3670026,3670026,0.000628804,-6.88305e-05,-0.000924098,0.00638585,-0.0094605,-0.0386767,4962,4962,0
364101190,364100820,3670026,3670026,-0.00148509,0.000412083,0.000545798,-0.00672357,0.00817417,-0.0556729,4966,4966,0
364602756,364602390,3670026,3670026,2.13481e-05,1.82673e-05,0.000657252,0.00334278,-0.00741807,-0.0436691,4964,4964,0
365104385,365103965,3670026,3670026,0.000354618,-1.18258e-06,-3.0928e-05,0.00107257,0.00954654,-0.0418585,4966,4966,0
365605939,365605538,3670026,3670026,0.000584172,-0.000152185,-0.000604756,0.0057779,-0.0367443,-0.0444124,4967,4967,0
366102486,366102144,3670026,3670026,0.00075529,-0.000347911,-0.000982836,0.00456499,-0.0108983,-0.0399518,4966,4966,0
366604201,366603832,3670026,3670026,-0.00144735,-0.000163529,-0.000141492,-0.0127662,-0.0169721,-0.0614934,4990,4990,0
367105614,367105291,3670026,3670026,-0.000787469,0.000331336,0.000775848,-0.00758464,0.00160133,-0.0555296,4968,4968,0
367607199,367606865,3670026,3670026,-0.000450901,-4.11432e-05,0.000207925,-0.0095069,-0.00144625,-0.058611,4967,4967,0
368103792,368103472,3670026,3670026,0.00133746,-0.000484201,-0.000922795,0.0081398,-0.0274395,-0.0409938,4967,4967,0
368605378,368605041,3670026,3670026,-0.000629979,0.000104936,-0.000285327,-0.00840863,-0.00458893,-0.0576096,4966,4966,0
369101995,369101648,3670026,3670026,0.00093989,-0.000399698,-0.000587544,0.00410225,-0.002385,-0.0419603,4967,4967,0
369603567,369603220,3670026,3670026,0.000736588,0.00044656,-0.000283758,-0.00268693,-0.0167237,-0.0502197,4965,4965,0
370105300,370104915,3670026,3670026,-0.00019158,7.1373e-05,4.35388e-05,-0.00494651,-0.0174038,-0.0571639,4983,4983,0
370606734,370606367,3670026,3670026,-0.00182122,1.26355e-05,0.0007704,-0.014327,0.000817596,-0.061313,4967,4967,0
371103299,371102972,3670026,3670026,0.00164016,-8.67913e-05,-0.000659025,0.00925566,-0.0162104,-0.0338947,4965,4965,0
371599949,371599579,3670026,3670026,-0.000672,0.00044004,0.000520036,-0.0154747,0.00388906,-0.0616854,4966,4966,0
372101490,372101159,3670026,3670026,-0.000567384,0.00043463,0.00100531,-0.00760894,0.0125021,-0.0504934,4974,4974,0
372603069,372602724,3670026,3670026,-0.000657503,-0.00014226,0.000289465,0.00232354,-0.00813656,-0.0406088,4965,4965,0
373104651,373104302,3670026,3670026,0.000525016,-0.000530512,-0.000346223,0.00191149,0.00781907,-0.0398256,4971,4971,0
373606461,373605997,3670026,3670026,0.000919104,-0.000196542,-0.000124877,0.00882856,-0.0010424,-0.0348332,4988,4988,0
374102799,374102476,3670026,3670026,-0.00101697,-0.000353656,0.000591763,-0.00258333,-0.0173162,-0.0542551,4965,4965,0
374604384,374604050,3670026,3670026,0.000590482,-5.09126e-05,-0.000214004,-0.00564519,0.00816953,-0.0525294,4966,4966,0
375100991,375100670,3670026,3670026,-0.000150089,-0.000155517,-0.000212738,0.00357144,-0.00196727,-0.0399927,4981,4981,0
375602601,375602227,3670026,3670026,0.000293331,-3.32783e-05,-0.000607093,-0.00419619,-0.022021,-0.0563384,4966,4966,0
376104184,376103799,3670026,3670026,-2.8013e-05,0.0004336,0.00106425,-0.00480103,0.0169413,-0.051552,4966,4966,0
376605711,376605372,3670026,3670026,0.00161537,-0.000215867,-4.43593e-05,0.0121346,-0.0102577,-0.0341992,4966,4966,0
377102450,377102087,3670026,3670026,-0.00162745,0.000480641,0.000946855,-0.00732131,-0.00671078,-0.0564035,4986,4986,0
377603988,377603550,3670026,3670026,-5.76051e-05,0.000305954,0.000333383,-0.00356001,-0.0147147,-0.054991,4965,4965,0
378105450,378105123,3670026,3670026,-0.00180224,0.000728714,0.00102563,-0.0127958,0.0223741,-0.057381,4966,4966,0
378602111,378601733,3670026,3670026,0.0019638,-0.000302208,-0.000852704,-0.00165156,-0.0112502,-0.0475802,4970,4970,0
379103675,379103302,3670026,3670026,0.000173596,-0.000611073,-0.00068618,0.00630533,-0.020463,-0.0385091,4966,4966,0
379605276,379604874,3670026,3670026,0.000926615,-0.000256052,-0.000719783,0.00261011,0.00932658,-0.0409552,4963,4963,0
380101865,380101481,3670026,3670026,-0.00168075,0.000581013,0.000920755,-0.00449763,0.0101772,-0.0483223,4966,4966,0
380603512,380603180,3670026,3670026,-0.000676199,-0.000430756,3.6109e-05,0.00251857,0.00212053,-0.0433111,4978,4978,0
381105018,381104640,3670026,3670026,0.00181149,-0.00059655,-0.000641786,0.0134844,-0.0216679,-0.0345289,4934,4934,0
381606525,381606204,3670026,3670026,0.000578113,-0.000426588,-0.000782288,-0.00831141,-0.0059324,-0.0574413,4971,4971,0
382103133,382102805,3670026,3670026,0.00161191,-0.000650018,-0.00085065,0.0107806,-0.0250449,-0.0362046,4966,4966,0
382604702,382604377,3670026,3670026,0.00125054,-0.000254347,-0.000699262,-0.00507358,0.00728369,-0.0454125,4966,4966,0
383101370,383100984,3670026,3670026,-0.00120364,0.000107689,0.000334666,-0.00328113,0.0189981,-0.0463013,4965,4965,0
383602903,383602556,3670026,3670026,0.00155487,-0.00046725,-0.000610726,0.0122643,-0.0107242,-0.0332902,4966,4966,0
384104661,384104254,3670026,3670026,0.000682907,5.86981e-05,-0.000965057,-0.00126193,-0.0128938,-0.0509568,4987,4987,0
384606042,384605713,3670026,3670026,-0.000916224,-0.000160287,0.000264373,-0.00218978,-0.0120838,-0.0531235,4978,4978,0
385102628,385102307,3670026,3670026,-0.000906688,-3.19563e-05,0.000558728,-0.00655731,-0.00842319,-0.0561941,4966,4966,0
385604257,385603882,3670026,3670026,0.00118491,-0.000128049,-0.000210713,0.00908975,-0.00270872,-0.0360106,4933,4933,0
386100911,386100486,3670026,3670026,0.000235758,-1.83998e-05,0.000611043,0.00479391,-0.00895347,-0.0409708,4966,4966,0
386602412,386602058,3670026,3670026,-0.00102575,-0.000129879,0.00033316,0.000373363,-0.0025658,-0.0421181,4966,4966,0
387103977,387103631,3670026,3670026,0.00164269,-0.000358367,-0.000503468,0.00841307,0.00970039,-0.0346354,4966,4966,0
387605701,387605336,3670026,3670026,-0.00077963,-0.000229324,-0.000976392,-0.00472972,-0.016923,-0.0552607,4988,4988,0
388107185,388106806,3670026,3670026,0.000355278,0.000332746,0.000298427,-0.00695702,0.00316551,-0.0564603,5002,5002,0
388603704,388603382,3670026,3670026,0.00133492,-0.000466478,-0.000460681,0.00422134,-0.000418128,-0.0377259,4966,4966,0
389100320,389099989,3670026,3670026,-0.00054704,0.000315537,0.000234867,-0.0125702,0.0132747,-0.0609152,4966,4966,0
389601944,389601561,3670026,3670026,-8.27258e-05,8.04452e-05,0.000416054,-0.00149034,-0.00768188,-0.0531214,4967,4967,0
390103487,390103133,3670026,3670026,-0.000908058,-0.000313725,0.000595012,-0.00233414,3.5258e-05,-0.0495664,4966,4966,0
390605053,390604712,3670026,3670026,-0.00176501,0.000318203,0.000966902,-0.0056986,0.0132971,-0.0509424,4973,4973,0
391106804,391106429,3670026,3670026,-0.000288956,-0.00027523,-0.000448063,0.00229101,-0.0228855,-0.0431957,5003,5003,0
391603361,391602889,3670026,3670026,-0.000340222,9.38532e-06,0.000377192,0.000792662,0.003223,-0.0433187,4970,4970,0
392099815,392099490,3670026,3670026,-0.0014268,0.000408069,0.000358093,-0.00395958,0.00460038,-0.0483764,4966,4966,0
392601389,392601062,3670026,3670026,0.00182217,-0.000239071,-0.000764188,0.0070108,-0.0176177,-0.0407216,4965,4965,0
393103011,393102635,3670026,3670026,-0.00041717,-2.52728e-06,0.000164654,-0.0111073,0.00223575,-0.0587583,4966,4966,0
393604593,393604207,3670026,3670026,-0.00171726,0.000111648,0.000856566,-0.00873818,-0.00938815,-0.0580035,4966,4966,0
394106171,394105813,3670026,3670026,-0.000899432,0.000709061,0.000957307,-0.0105263,0.0238244,-0.0542634,4951,4951,0
394602875,394602511,3670026,3670026,0.000192444,-7.95081e-05,4.39044e-05,-0.00802654,0.00423956,-0.0555147,4988,4988,0
395104300,395103970,3670026,3670026,0.00253007,-0.00059181,-0.00076772,0.0124515,-0.0119239,-0.0337259,4961,4961,0
395605898,395605530,3670026,3670026,-0.000230616,-0.000440779,-0.000586712,-0.00505037,-0.0181543,-0.0554419,4965,4965,0
396102541,396102137,3670026,3670026,-0.000838894,7.58545e-05,0.000170162,-0.00946858,-0.0126705,-0.0602146,4963,4963,0
396604079,396603709,3670026,3670026,0.00107843,-0.000389831,-0.000621167,0.00597853,0.00985801,-0.0375055,4966,4966,0
397105701,397105286,3670026,3670026,-0.00152798,0.000405395,0.00130486,-0.00154713,0.0145748,-0.0459258,4971,4971,0
397602249,397601902,3670026,3670026,0.00194111,-0.000191842,-0.000893895,-0.00221747,-0.004763,-0.050404,4975,4975,0
398103957,398103590,3670026,3670026,0.000958541,-0.000226978,-0.000982592,0.00372768,-0.00728854,-0.0413264,4990,4990,0
398605412,398605090,3670026,3670026,0.000285637,-0.000745702,-0.000373199,0.00616851,-0.0102007,-0.0394244,4981,4981,0
399106929,399106604,3670026,3670026,-0.00245956,0.0004253,0.000947343,-0.0142948,0.0174388,-0.0617353,4966,4966,0
399603621,399603211,3670026,3670026,-0.00109297,0.000127331,0.000501464,-0.00831963,0.00245305,-0.0539771,4965,4965,0
400105163,400104783,3670026,3670026,0.00198885,-0.00017748,-0.00123201,0.00683325,-0.0227978,-0.0421556,4966,4966,0
400601754,400601389,3670026,3670026,0.000226656,0.000160178,0.000282588,-0.00685866,0.000889114,-0.0537538,4967,4967,0
401103314,401102963,3670026,3670026,0.000824946,-0.000404684,-0.000460948,0.00787422,-0.0262774,-0.0383096,4967,4967,0
401605084,401604671,3670026,3670026,-0.00117781,3.30362e-05,0.000271753,-0.00350824,0.00456154,-0.0484267,4986,4986,0
402106529,402106106,3670026,3670026,-0.000264623,-0.000334384,0.000100897,0.00420099,-0.00581443,-0.0443064,4964,4964,0
402603041,402602712,3670026,3670026,0.00169745,-0.000598279,-0.000130107,0.0123191,-0.00743549,-0.0333827,4966,4966,0
403104660,403104284,3670026,3670026,-0.0016989,0.000492491,0.00103645,-0.0147475,0.0109722,-0.0617722,4966,4966,0
403601311,403600890,3670026,3670026,-8.50439e-06,-0.000149616,-0.00020056,-0.00608734,-0.0174027,-0.0566203,4966,4966,0
404102829,404102462,3670026,3670026,0.000196598,-0.000395562,-0.000755805,-0.00211992,-0.00415511,-0.0463394,4966,4966,0
404604377,404604036,3670026,3670026,0.00112152,-0.000645701,-0.000406783,0.0097785,-0.0178785,-0.035784,4966,4966,0
405106168,405105753,3670026,3670026,-0.00312769,0.000437026,-0.00392667,-0.00148757,0.000635755,-0.0488696,4991,4991,0
405602626,405602213,3670026,3670026,0.00287191,-4.2741e-05,-0.00375039,0.00619555,0.0147612,-0.0360159,4966,4966,0
406104231,406103785,3670026,3670026,0.000809988,-0.000603187,-0.00479289,0.00819648,-0.0269824,-0.0400251,4967,4967,0
406600753,406600391,3670026,3670026,0.00124297,-0.00022462,-0.00303544,-0.00267578,0.00310805,-0.0542462,4966,4966,0
407102387,407101963,3670026,3670026,-0.00134119,-0.000300245,0.000922769,-0.00261147,-0.00194146,-0.0501939,4966,4966,0
407603932,407603535,3670026,3670026,-0.00171316,0.000729009,0.00146176,-0.00591793,0.0201513,-0.054556,4966,4966,0
408105453,408105107,3670026,3670026,9.35219e-06,9.77584e-05,0.000426665,-0.00937552,-1.5873e-05,-0.0621024,4966,4966,0
408602274,408601846,3670026,3670026,-0.00103462,0.000330008,0.000931269,-0.00298739,0.0184624,-0.0453302,4987,4987,0
409103673,409103285,3670026,3670026,0.000496439,8.66527e-05,-9.17369e-05,-0.0039444,-0.00921073,-0.0536165,4966,4966,0
409605184,409604861,3670026,3670026,0.0015202,0.000419864,-0.000642609,-0.000999527,-0.00515333,-0.0487041,4970,4970,0
410101833,410101463,3670026,3670026,-0.000131271,-0.000116874,-0.000250297,-0.00371142,-0.0251991,-0.0545447,4959,4959,0
410603406,410603035,3670026,3670026,0.00117003,0.000299272,0.000561714,0.00597746,0.00941847,-0.0385182,4966,4966,0
411105001,411104608,3670026,3670026,0.000658219,-0.000481926,-0.000628048,0.00138009,-0.0118744,-0.0474715,4963,4963,0
411601593,411601213,3670026,3670026,0.00108538,-0.000329553,-0.000287714,0.007541,-0.0206208,-0.0362616,4966,4966,0
412103324,412102934,3670026,3670026,-0.000151973,0.000506025,-7.43792e-06,-0.0101932,0.00879611,-0.057979,4995,4995,0
412604703,412604380,3670026,3670026,-0.000562986,0.000647629,0.0012876,-0.00726458,0.0155092,-0.0535988,4993,4993,0
413101348,413100964,3670026,3670026,0.00162817,-0.000245038,-0.00055886,-0.00163134,0.00162731,-0.0496599,4967,4967,0
413602913,413602536,3670026,3670026,-0.00101956,2.1141e-05,0.00036311,-0.0118657,-0.000457091,-0.0619735,4966,4966,0
414104489,414104110,3670026,3670026,0.00134559,-6.90478e-05,-0.000586977,0.0115634,-0.0185384,-0.0342385,4968,4968,0
414601107,414600714,3670026,3670026,0.00145554,-0.000755237,-0.000986814,0.0145502,-0.026922,-0.0338916,4966,4966,0
415102628,415102287,3670026,3670026,-0.00149255,0.000764589,0.000929538,-0.0149645,0.0216593,-0.060784,4967,4967,0
415604375,415604005,3670026,3670026,0.000150447,-0.000710017,-0.000726679,0.00497284,-0.0326648,-0.0420076,4990,4990,0
416105903,416105471,3670026,3670026,0.000168361,2.58824e-07,0.000311875,0.00648076,0.0111746,-0.0373282,4994,4994,0
416607382,416607060,3670026,3670026,-0.000296174,3.6567e-05,-0.00057929,-0.00884795,0.00337564,-0.0589731,4966,4966,0
417103977,417103609,3670026,3670026,0.00024808,0.000184219,-0.000281372,-0.00793649,0.00464299,-0.0576594,4966,4966,0
417600596,417600214,3670026,3670026,0.00143963,-0.000276596,-0.000331717,-0.00257881,-0.00755339,-0.0493446,4959,4959,0
418102157,418101788,3670026,3670026,-0.00059086,-0.000220868,-0.000175371,0.00238742,0.0121541,-0.0406153,4965,4965,0
418603796,418603359,3670026,3670026,1.63736e-05,0.000149974,-0.000447666,-0.00785246,-0.0130989,-0.0580658,4966,4966,0
419105509,419105100,3670026,3670026,0.00156447,-0.000431551,-0.000886633,0.0102106,-0.0256512,-0.0380493,4999,4999,0
419606928,419606535,3670026,3670026,0.00125965,-0.000298544,-0.000670266,-0.00289775,-0.0244913,-0.0526886,4987,4987,0
420103438,420103115,3670026,3670026,0.000750554,-0.000379546,-0.000677983,0.00951644,-0.0305397,-0.0391668,4929,4929,0
420600041,420599715,3670026,3670026,-0.000839043,7.5705e-06,0.000638001,-0.00153461,-0.00656246,-0.0507796,4965,4965,0
421101611,421101287,3670026,3670026,-0.000447598,0.000551859,0.00082406,-0.00415871,0.0150425,-0.0491645,4966,4966,0
421603221,421602861,3670026,3670026,-0.000246378,5.80598e-05,0.000327857,0.000940326,-0.0027242,-0.044784,4967,4967,0
422104816,422104431,3670026,3670026,-0.00183797,0.00054608,0.00096306,-0.0196552,0.0174577,-0.0647153,4964,4964,0
422606532,422606169,3670026,3670026,0.00070903,4.23183e-05,-2.39893e-05,-0.00481714,-0.00112223,-0.0511473,4988,4988,0
423102934,423102610,3670026,3670026,-0.000230556,0.000456461,0.00105552,-0.00727511,0.00547446,-0.0566124,4965,4965,0
423604552,423604224,3670026,3670026,-0.00132372,0.000599429,0.00136644,-0.0021826,0.022214,-0.046041,4985,4985,0
424101198,424100808,3670026,3670026,0.00050005,-0.000127431,-0.000259214,-0.00709034,0.00271146,-0.0524558,4983,4983,0
424602738,424602360,3670026,3670026,0.000192931,-0.000287257,-0.000900136,0.0023552,-0.00643904,-0.0436461,4966,4966,0
425104368,425103933,3670026,3670026,0.00110598,-0.000722027,-0.00059947,0.0102472,-0.0169642,-0.0359517,4967,4967,0
425605848,425605504,3670026,3670026,-0.000263418,0.000295308,0.000527292,-0.00362545,-0.00188821,-0.0472226,4964,4964,0
426102667,426102307,3670026,3670026,0.00108309,-0.00069528,-0.000943784,0.00490006,-0.0198298,-0.0412646,4992,4992,0
426604060,426603727,3670026,3670026,0.000486533,0.000465408,0.000635537,0.00234465,0.0213778,-0.0446281,5009,5009,0
427100706,427100328,3670026,3670026,0.000450808,0.000126698,6.69914e-06,0.00867114,-0.00380543,-0.0336433,4993,4993,0
427602277,427601861,3670026,3670026,-0.000357332,0.000125997,0.000680803,0.000304498,0.0224239,-0.0407461,4966,4966,0
428103815,428103433,3670026,3670026,-0.000873727,0.000172466,-1.35481e-06,-0.00350263,0.0143731,-0.0436255,4966,4966,0
428605376,428605005,3670026,3670026,0.000761103,0.000554178,0.000207886,0.00471983,0.00446456,-0.0394864,4965,4965,0
429101952,429101610,3670026,3670026,0.000970011,-0.0006617,-0.000782115,-0.000966148,-0.0231321,-0.0473498,4965,4965,0
429603664,429603341,3670026,3670026,0.00090823,-0.00037781,-0.000621403,0.0105851,-0.0106804,-0.033863,4993,4993,0
430105186,430104759,3670026,3670026,0.000384736,-0.000228903,-2.7056e-05,0.0066106,0.00150414,-0.0348071,4969,4969,0
430606754,430606327,3670026,3670026,0.000123791,-6.98779e-05,-0.000179187,0.00321288,-0.00299785,-0.0383483,4966,4966,0
431103259,431102933,3670026,3670026,-2.33177e-05,0.000212622,7.26922e-05,-0.00415281,-0.0098967,-0.0525572,4966,4966,0
431604873,431604506,3670026,3670026,0.000810238,-0.000371774,-0.000657339,-0.00197233,0.00856333,-0.045622,4967,4967,0
432101495,432101113,3670026,3670026,0.00130197,0.000306106,-0.000330961,-0.00184863,-0.00290264,-0.0462993,4968,4968,0
432603074,432602685,3670026,3670026,0.000840643,-0.000393356,-0.000623875,0.0102296,-0.0127575,-0.0366042,4968,4968,0
433104785,433104417,3670026,3670026,0.00053089,-0.000550927,0.000268095,0.00627225,0.000307166,-0.0400212,4990,4990,0
433606252,433605919,3670026,3670026,0.000396725,-0.000128907,0.00107025,0.00562505,-0.00645383,-0.0411549,4982,4982,0
434107796,434107400,3670026,3670026,-0.00143987,0.000768953,0.000953156,-0.013001,0.0209616,-0.0578431,4968,4968,0
434604375,434604004,3670026,3670026,-0.000259777,9.56003e-05,0.000477755,0.00720312,-0.0129484,-0.0391481,4964,4964,0
435101030,435100611,3670026,3670026,0.000867123,-0.000431398,-7.18892e-05,0.00750891,-0.0053893,-0.034986,4967,4967,0
435602555,435602197,3670026,3670026,-0.000672579,0.000227749,0.000485775,-0.00968445,0.0109881,-0.0577789,4934,4934,0
436104197,436103754,3670026,3670026,0.000834528,-0.000471782,-0.000891227,0.00993354,-0.0250506,-0.0377656,4965,4965,0
436605912,436605504,3670026,3670026,-0.000129151,0.000321976,0.00072965,-0.00245055,0.000308793,-0.0498213,4987,4987,0
437107275,437106898,3670026,3670026,0.00105746,-0.000455508,-0.000353549,-0.0023584,0.00996603,-0.0450987,4965,4965,0
437603916,437603504,3670026,3670026,0.00132105,0.000133798,-0.000379382,0.00199836,0.0124364,-0.0400546,4966,4966,0
438100475,438100110,3670026,3670026,-0.00134932,-0.000118766,0.000456292,-0.00247581,-0.00240606,-0.0528777,4966,4966,0
438602081,438601685,3670026,3670026,-0.00156529,6.91263e-05,0.000280183,-0.00207183,-0.00904983,-0.0484432,4969,4969,0
439103620,439103254,3670026,3670026,0.00044381,0.000532677,0.000338975,-0.00533804,0.0126241,-0.0540302,4967,4967,0
439605164,439604825,3670026,3670026,-0.000746793,0.000338598,-9.08093e-05,-0.0126931,0.00160112,-0.0603942,4966,4966,0
440106947,440106576,3670026,3670026,0.000111397,-0.000229092,-0.00055719,-0.00697693,-0.016895,-0.0593061,4993,4993,0
440603331,440603003,3670026,3670026,0.00100317,9.35446e-05,-0.00048675,-0.00280464,-0.0116596,-0.0498572,4964,4964,0
441099974,441099609,3670026,3670026,-0.00067493,7.83272e-05,0.000806819,0.00102456,-0.00722414,-0.0485735,4963,4963,0
441601557,441601182,3670026,3670026,0.000351167,0.00013189,-0.000205017,0.00510383,-0.00556311,-0.0390906,4967,4967,0
442103111,442102753,3670026,3670026,0.000114662,-0.000296288,-0.00058059,0.00151621,0.00415106,-0.0441258,4965,4965,0
442604645,442604324,3670026,3670026,-6.87332e-05,-0.000207567,-0.00048899,-0.00475493,-0.0229644,-0.0524981,4965,4965,0
443106300,443105896,3670026,3670026,-0.000213303,-0.000102517,0.000755746,0.00431818,-0.00371832,-0.0444617,4961,4961,0
443603032,443602661,3670026,3670026,-0.00131251,0.000396806,0.000239191,-0.00726665,-0.0075274,-0.0577835,4982,4982,0
444104496,444104171,3670026,3670026,0.000445106,-0.00018164,-0.000165076,0.00520742,-0.0176444,-0.0409158,4967,4967,0
444606019,444605646,3670026,3670026,8.46214e-06,0.000247302,0.000362513,-0.00650296,-0.0100459,-0.0571035,4965,4965,0
445102625,445102251,3670026,3670026,-0.000974897,0.000455063,0.000628235,-0.00500302,0.00614757,-0.0530285,4966,4966,0
445604145,445603823,3670026,3670026,0.000520437,-0.000116775,-0.00069017,-0.00323988,0.0037245,-0.0511178,4960,4960,0
446105727,446105394,3670026,3670026,-0.000172183,-7.15143e-05,-0.000294741,0.00733383,-0.00229486,-0.0373743,4944,4944,0
446602344,446602000,3670026,3670026,0.000638502,-0.000418772,-0.000721288,0.00293516,-0.00483028,-0.0411618,4965,4965,0
447104073,447103744,3670026,3670026,0.000482318,-0.000175238,-0.000174421,0.00972991,0.00109648,-0.0340276,4994,4994,0
447605705,447605335,3670026,3670026,0.000155057,-0.000252969,4.31112e-06,0.00431638,-0.00386053,-0.0401836,4997,4997,0
448107043,448106715,3670026,3670026,-3.4104e-05,-0.000359491,0.000121322,-0.00255183,0.0141706,-0.0452098,4966,4966,0
448603688,448603321,3670026,3670026,0.000359741,3.37686e-05,0.000590407,0.00957506,0.00956225,-0.0343924,4966,4966,0
449105370,449104900,3670026,3670026,0.000352118,-6.65008e-05,-0.000217474,-0.00994959,-0.0144564,-0.0606053,4972,4972,0
449601822,449601498,3670026,3670026,-4.16113e-05,-0.000257472,-0.000514655,0.00182524,0.0103963,-0.0416503,4966,4966,0
450103468,450103070,3670026,3670026,-0.000237722,-0.000701716,-0.000261359,-0.00178772,-0.00833911,-0.0503256,4961,4961,0
450604981,450604641,3670026,3670026,-0.00156644,0.000598311,0.0011226,-0.0065961,0.00174478,-0.0550556,4964,4964,0
451106759,451106344,3670026,3670026,0.000286893,-8.82775e-05,-0.000345877,-0.000889284,0.00851917,-0.0449421,4938,4938,0
451603145,451602824,3670026,3670026,0.00174056,-0.000522967,-0.000669345,0.00887144,-0.0077161,-0.0357534,4971,4971,0
452104781,452104406,3670026,3670026,-0.000440688,-0.000224065,-7.97805e-05,-0.0104795,-0.00817456,-0.0584501,4979,4979,0
452601359,452600996,3670026,3670026,-0.000908367,0.000512239,0.000934019,-0.00699652,0.0328023,-0.0529769,4967,4967,0
453102945,453102567,3670026,3670026,0.000243309,0.000499417,0.000512374,-0.0027565,0.00862297,-0.0532927,4917,4917,0
453604530,453604139,3670026,3670026,-0.00073553,8.70427e-05,0.000443985,4.47052e-05,-0.00483889,-0.0488285,4965,4965,0
454106055,454105710,3670026,3670026,-0.000667712,0.000558825,0.00105076,-0.00574336,0.00987212,-0.0529571,4966,4966,0
454602847,454602433,3670026,3670026,2.55825e-05,-8.36541e-05,0.000154423,0.00279112,0.0100828,-0.0405769,4924,4924,0
455104268,455103889,3670026,3670026,-0.00127319,0.000128286,0.000585971,-0.00718209,0.00457023,-0.0566908,4967,4967,0
455600861,455600492,3670026,3670026,-0.000902123,-0.000187574,0.000506647,-0.000682636,-0.00247814,-0.0482719,4965,4965,0
456102391,456102064,3670026,3670026,0.00043542,-0.000337683,-8.31613e-06,9.17044e-05,0.00541321,-0.0447046,4966,4966,0
456604008,456603640,3670026,3670026,-0.000221825,0.000381836,0.000295442,-0.00682343,0.00674201,-0.0536956,4930,4930,0
457105676,457105207,3670026,3670026,-0.000317537,0.000180226,0.000112643,-0.0051588,0.00589236,-0.0528818,4966,4966,0
457602157,457601812,3670026,3670026,-0.000458137,-0.000449452,5.96091e-05,-0.00221332,-0.00987278,-0.0497875,4966,4966,0
458103947,458103512,3670026,3670026,-0.000574643,-0.00042225,-1.54752e-05,0.00363327,-0.00836859,-0.0412369,4981,4981,0
458605300,458604955,3670026,3670026,-0.000367371,-0.000657528,-0.000162301,0.00249242,-0.00124217,-0.0419956,4964,4964,0
459101948,459101567,3670026,3670026,0.00175203,-0.000125412,-0.000451122,0.00216996,0.00496006,-0.043918,4972,4972,0
459603506,459603133,3670026,3670026,0.000465937,-0.000158417,-0.00047943,-0.00109537,0.00196913,-0.0439493,4964,4964,0
460105091,460104704,3670026,3670026,0.000677409,-0.000288382,0.000255864,0.00981361,-0.00837884,-0.0357234,4966,4966,0
460601663,460601309,3670026,3670026,0.000611381,-0.00027657,-0.00029467,-0.00140475,0.00101094,-0.0502564,4966,4966,0
461103235,461102880,3670026,3670026,-0.000147651,-0.000105215,-0.000650409,-0.00924588,-0.00446083,-0.0556004,4961,4961,0
461605012,461604589,3670026,3670026,0.00045144,-0.000322732,-0.00079851,-0.00215421,-0.0150571,-0.0512311,4993,4993,0
462101432,462101058,3670026,3670026,-0.000287509,-0.000330056,7.93909e-05,0.00503442,-0.0104219,-0.0402494,4967,4967,0
462603001,462602629,3670026,3670026,0.000511354,-0.000573815,-0.000420284,0.00602465,-0.000104923,-0.0390997,4965,4965,0
463104650,463104204,3670026,3670026,0.000942404,-0.000147103,-0.000746138,-0.0022559,0.00205638,-0.0473258,4970,4970,0
463601139,463600806,3670026,3670026,0.000432757,-0.00010279,0.000198334,0.00468609,-0.00606598,-0.0435769,4967,4967,0
464102736,464102385,3670026,3670026,0.00104916,-0.00015025,0.000492539,0.00926179,-0.00200914,-0.038463,4928,4928,0
464604341,464603948,3670026,3670026,-0.000923971,0.000295401,0.000276889,-0.00880734,0.00310271,-0.0589044,4966,4966,0
465106029,465105660,3670026,3670026,0.00206954,-0.000613431,-0.000883887,0.0125033,-0.0152946,-0.0364904,4988,4988,0
465607415,465607090,3670026,3670026,-0.00149627,-0.000119707,0.000436481,-0.0117066,0.00633878,-0.0600845,4961,4961,0
466104126,466103696,3670026,3670026,0.00124131,-0.000544221,-0.000706212,0.00608874,-0.0216667,-0.0411669,4966,4966,0
466600622,466600300,3670026,3670026,0.000366176,-0.000312349,-0.000173466,0.00578244,-0.0128132,-0.0396828,4924,4924,0
467102263,467101873,3670026,3670026,0.000473667,-7.17805e-06,-0.000451625,-0.000196518,-0.00689479,-0.0489105,4963,4963,0
467603802,467603444,3670026,3670026,0.000544409,3.45305e-05,0.000411033,0.00167191,0.00110738,-0.0472899,4966,4966,0
468105363,468105016,3670026,3670026,0.00205352,-0.000125411,-0.00145177,0.00263732,-0.0138208,-0.0376949,4967,4967,0
468607148,468606735,3670026,3670026,0.000455171,-0.000270356,-0.0002409,0.00616795,-0.0128812,-0.0455063,4988,4988,0
469103523,469103196,3670026,3670026,0.00216957,-0.000502558,-0.000910431,0.00161888,-0.0180334,-0.0476317,4970,4970,0
469600180,469599797,3670026,3670026,-0.000153923,0.000484004,0.000953275,-0.00034152,0.00804357,-0.0486538,4966,4966,0
470101746,470101369,3670026,3670026,-0.00152718,0.000185672,0.000456336,-0.000620868,0.0192892,-0.0423151,4965,4965,0
470603269,470602940,3670026,3670026,-0.00142522,0.000489464,0.000584926,-0.0108322,-0.0120432,-0.061173,4966,4966,0
471104897,471104511,3670026,3670026,6.77703e-05,-0.000273346,-0.000631894,-0.0021253,-0.0233213,-0.0524497,4966,4966,0
471606428,471606082,3670026,3670026,0.000282666,-0.000412892,-0.00086035,-6.49676e-05,-0.0277691,-0.0507166,4965,4965,0
472103297,472102826,3670026,3670026,-0.00154627,-5.39596e-05,0.000561902,-0.00193126,0.00986669,-0.049626,4991,4991,0
472604590,472604261,3670026,3670026,-0.000598555,0.000530922,0.0007493,-0.00250721,0.0126971,-0.0472546,4967,4967,0
473101259,473100864,3670026,3670026,0.00116921,-0.000712228,-0.000436151,0.00680369,0.017646,-0.0370896,4966,4966,0
473602759,473602436,3670026,3670026,0.0020069,-0.00102159,-0.000171094,0.006853,-0.0050153,-0.0467667,4966,4966,0
474104337,474104007,3670026,3670026,0.00146625,-8.77838e-05,-0.00101886,0.0041664,-0.00615299,-0.0453311,4966,4966,0
474605963,474605578,3670026,3670026,-0.00154567,-4.31496e-05,0.000519527,-0.00467434,-0.00740931,-0.0573627,4966,4966,0
475102530,475102184,3670026,3670026,-0.000571197,-0.000212664,-4.08494e-05,0.000677739,-0.0163623,-0.0495397,4965,4965,0
475604271,475603899,3670026,3670026,0.000251355,-0.00045731,-0.000258776,0.00573356,-0.00887062,-0.0469357,4930,4930,0
476100785,476100361,3670026,3670026,0.000205242,-0.000522469,-0.000544235,0.0130878,0.0104346,-0.0371934,4967,4967,0
476602356,476601931,3670026,3670026,-0.000252044,-0.000681774,0.000346693,0.0139681,-0.00946223,-0.0385664,4966,4966,0
477103827,477103502,3670026,3670026,0.00150683,-0.000995001,-0.000553312,0.00806265,0.0104194,-0.0373718,4966,4966,0
477605400,477605073,3670026,3670026,0.00451571,-0.00239504,-0.00035977,0.0251047,0.00326547,-0.0308467,4966,4966,0
478102039,478101678,3670026,3670026,0.00205046,-0.000531082,-0.000343315,-0.0103498,-0.0164419,-0.0584932,4965,4965,0
478603598,478603253,3670026,3670026,0.000209869,-2.16241e-05,0.000329041,-0.00395611,-0.00131826,-0.0437468,4968,4968,0
479105354,479104972,3670026,3670026,-0.000140675,-0.000135432,-5.76823e-05,0.000196526,-0.00212295,-0.0477206,4925,4925,0
479601802,479601427,3670026,3670026,1.70863e-05,-1.04855e-06,0.000112548,0.00262576,-0.00112137,-0.0480927,4965,4965,0
480103336,480103002,3670026,3670026,-5.30162e-06,-8.75787e-05,-5.0835e-06,0.00163165,-0.0010731,-0.048641,4971,4971,0
480604891,480604569,3670026,3670026,-3.58685e-05,-1.51535e-05,7.4397e-05,0.00156266,-0.000820689,-0.0483961,4966,4966,0
481101498,481101174,3670026,3670026,-2.33259e-05,-2.09392e-05,2.22371e-05,0.00147664,-0.000689931,-0.0483825,4966,4966,0
481603118,481602750,3670026,3670026,-2.26689e-05,-1.29615e-05,-4.75558e-06,0.00150222,-0.000784991,-0.0484809,4971,4971,0
482104659,482104318,3670026,3670026,-1.71088e-05,-2.51094e-05,2.23361e-06,0.00151203,-0.000748782,-0.0484154,4968,4968,0
482606501,482606048,3670026,3670026,-1.66846e-05,-1.79363e-05,1.33431e-06,0.00141489,-0.00081863,-0.0486129,4988,4988,0
483107888,483107459,3670026,3670026,-1.83372e-05,-1.458e-05,3.13718e-07,0.00151771,-0.000722061,-0.0484249,4967,4967,0
483604495,483604064,3670026,3670026,-1.93963e-05,-1.32238e-05,-2.54622e-06,0.00149316,-0.000869811,-0.0483707,4961,4961,0
