timestamp,voltage_v,voltage_filtered_v,current_a,current_filtered_a,average_current_a,discharged_mah,remaining,scale,temperature,cell_count,voltage_cell_v[0],voltage_cell_v[1],voltage_cell_v[2],voltage_cell_v[3],voltage_cell_v[4],voltage_cell_v[5],voltage_cell_v[6],voltage_cell_v[7],voltage_cell_v[8],voltage_cell_v[9],max_cell_voltage_delta,capacity,cycle_count,run_time_to_empty,average_time_to_empty,serial_number,state_of_health,max_error,connected,source,priority,id,is_powering_off,warning
244022787,11.9064,11.9578,1.5996,0.712783,0.0,469.138,1.0,1.0,nan,0,0.0,0.0,0.0,0.0,0.0,0.0,0.0,0.0,0.0,0.0,0.0,0,0,0,0,0,0,0,1,0,0,1,0,0
244032799,11.931,11.9575,1.6368,0.730901,0.0,469.142,1.0,1.0,nan,0,0.0,0.0,0.0,0.0,0.0,0.0,0.0,0.0,0.0,0.0,0.0,0,0,0,0,0,0,0,1,0,0,1,0,0
244322578,11.9802,11.9453,1.0788,0.797966,0.0,469.214,1.0,1.0,nan,0,0.0,0.0,0.0,0.0,0.0,0.0,0.0,0.0,0.0,0.0,0.0,0,0,0,0,0,0,0,1,0,0,1,0,0
244632579,11.7752,11.9387,0.9052,0.847654,0.0,469.292,1.0,1.0,nan,0,0.0,0.0,0.0,0.0,0.0,0.0,0.0,0.0,0.0,0.0,0.0,0,0,0,0,0,0,0,1,0,0,1,0,0
244922685,11.9064,11.9248,0.9052,0.865817,0.0,469.364,1.0,1.0,nan,0,0.0,0.0,0.0,0.0,0.0,0.0,0.0,0.0,0.0,0.0,0.0,0,0,0,0,0,0,0,1,0,0,1,0,0
245222582,11.8408,11.9219,0.8184,0.874457,0.0,469.437,1.0,1.0,nan,0,0.0,0.0,0.0,0.0,0.0,0.0,0.0,0.0,0.0,0.0,0.0,0,0,0,0,0,0,0,1,0,0,1,0,0
245532598,11.9064,11.9142,0.992,0.891296,0.0,469.515,1.0,1.0,nan,0,0.0,0.0,0.0,0.0,0.0,0.0,0.0,0.0,0.0,0.0,0.0,0,0,0,0,0,0,0,1,0,0,1,0,0
245822578,11.7752,11.8982,1.7608,1.2692,0.0,469.654,1.0,1.0,nan,0,0.0,0.0,0.0,0.0,0.0,0.0,0.0,0.0,0.0,0.0,0.0,0,0,0,0,0,0,0,1,0,0,1,0,0
246122578,11.8162,11.831,4.092,2.5016,0.0,469.99,1.0,1.0,nan,0,0.0,0.0,0.0,0.0,0.0,0.0,0.0,0.0,0.0,0.0,0.0,0,0,0,0,0,0,0,1,0,0,1,0,0
246422582,11.6522,11.7764,4.2904,3.32399,0.0,470.351,1.0,1.0,nan,0,0.0,0.0,0.0,0.0,0.0,0.0,0.0,0.0,0.0,0.0,0.0,0,0,0,0,0,0,0,1,0,0,1,0,0
246732584,11.316,11.7079,5.7164,4.58363,0.0,470.873,1.0,1.0,nan,0,0.0,0.0,0.0,0.0,0.0,0.0,0.0,0.0,0.0,0.0,0.0,0,0,0,0,0,0,0,1,0,0,1,0,0
247022579,11.3816,11.6519,6.696,5.30317,0.0,471.383,1.0,1.0,nan,0,0.0,0.0,0.0,0.0,0.0,0.0,0.0,0.0,0.0,0.0,0.0,0,0,0,0,0,0,0,1,0,0,1,0,0
247332602,11.5374,11.6074,6.696,5.73744,0.0,471.921,1.0,1.0,nan,0,0.0,0.0,0.0,0.0,0.0,0.0,0.0,0.0,0.0,0.0,0.0,0,0,0,0,0,0,0,1,0,0,1,0,0
247632595,11.1192,11.5552,8.6428,6.48138,0.0,472.53,1.0,1.0,nan,0,0.0,0.0,0.0,0.0,0.0,0.0,0.0,0.0,0.0,0.0,0.0,0,0,0,0,0,0,0,1,0,0,1,0,0
247932978,11.1274,11.4449,10.1184,8.03816,0.0,473.362,1.0,1.0,nan,0,0.0,0.0,0.0,0.0,0.0,0.0,0.0,0.0,0.0,0.0,0.0,0,0,0,0,0,0,0,1,0,0,1,0,0
248223281,10.6026,11.3911,10.4532,8.72517,0.0,474.136,1.0,1.0,nan,0,0.0,0.0,0.0,0.0,0.0,0.0,0.0,0.0,0.0,0.0,0.0,0,0,0,0,0,0,0,1,0,0,1,0,0
248523650,10.7912,11.3126,11.7676,9.75573,0.0,475.047,1.0,1.0,nan,0,0.0,0.0,0.0,0.0,0.0,0.0,0.0,0.0,0.0,0.0,0.0,0,0,0,0,0,0,0,1,0,0,1,0,0
248832579,10.5944,11.2167,10.6144,10.7609,0.0,476.084,1.0,1.0,nan,0,0.0,0.0,0.0,0.0,0.0,0.0,0.0,0.0,0.0,0.0,0.0,0,0,0,0,0,0,0,1,0,0,1,0,0
249122578,10.1434,11.147,14.9792,11.7106,0.0,477.11,1.0,1.0,nan,0,0.0,0.0,0.0,0.0,0.0,0.0,0.0,0.0,0.0,0.0,0.0,0,0,0,0,0,0,0,1,0,0,1,0,0
249422582,11.1438,11.0589,11.6064,12.3378,0.0,478.199,1.0,1.0,nan,0,0.0,0.0,0.0,0.0,0.0,0.0,0.0,0.0,0.0,0.0,0.0,0,0,0,0,0,0,0,1,0,0,1,0,0
249732614,10.537,11.0344,16.368,12.5395,0.0,479.302,1.0,1.0,nan,0,0.0,0.0,0.0,0.0,0.0,0.0,0.0,0.0,0.0,0.0,0.0,0,0,0,0,0,0,0,1,0,0,1,0,0
250032578,10.5206,10.9935,12.1148,12.358,0.0,480.325,1.0,1.0,nan,0,0.0,0.0,0.0,0.0,0.0,0.0,0.0,0.0,0.0,0.0,0.0,0,0,0,0,0,0,0,1,0,0,1,0,0
250322579,11.3816,11.0197,9.9696,11.793,0.0,481.223,1.0,1.0,nan,0,0.0,0.0,0.0,0.0,0.0,0.0,0.0,0.0,0.0,0.0,0.0,0,0,0,0,0,0,0,1,0,0,1,0,0
250622800,10.8158,11.0703,12.5488,11.8576,0.0,482.203,1.0,1.0,nan,0,0.0,0.0,0.0,0.0,0.0,0.0,0.0,0.0,0.0,0.0,0.0,0,0,0,0,0,0,0,1,0,0,1,0,0
250932578,11.1766,11.0484,13.516,12.2714,0.0,483.3,1.0,1.0,nan,0,0.0,0.0,0.0,0.0,0.0,0.0,0.0,0.0,0.0,0.0,0.0,0,0,0,0,0,0,0,1,0,0,1,0,0
251222579,11.0454,11.0192,12.1892,12.239,0.0,484.289,1.0,1.0,nan,0,0.0,0.0,0.0,0.0,0.0,0.0,0.0,0.0,0.0,0.0,0.0,0,0,0,0,0,0,0,1,0,0,1,0,0
251522578,10.8568,10.9915,11.7304,12.3545,0.0,485.339,1.0,1.0,nan,0,0.0,0.0,0.0,0.0,0.0,0.0,0.0,0.0,0.0,0.0,0.0,0,0,0,0,0,0,0,1,0,0,1,0,0
251832595,11.0864,10.9674,11.594,12.431,0.0,486.423,1.0,1.0,nan,0,0.0,0.0,0.0,0.0,0.0,0.0,0.0,0.0,0.0,0.0,0.0,0,0,0,0,0,0,0,1,0,0,1,0,0
252132579,10.7666,10.9485,9.3744,12.1,0.0,487.405,1.0,1.0,nan,0,0.0,0.0,0.0,0.0,0.0,0.0,0.0,0.0,0.0,0.0,0.0,0,0,0,0,0,0,0,1,0,0,1,0,0
252422584,11.48,10.9649,8.4692,11.3368,0.0,488.252,1.0,1.0,nan,0,0.0,0.0,0.0,0.0,0.0,0.0,0.0,0.0,0.0,0.0,0.0,0,0,0,0,0,0,0,1,0,0,1,0,0
252722874,11.1848,11.0004,10.726,10.6821,0.0,489.069,1.0,1.0,nan,0,0.0,0.0,0.0,0.0,0.0,0.0,0.0,0.0,0.0,0.0,0.0,0,0,0,0,0,0,0,1,0,0,1,0,0
253032582,10.988,10.9641,15.1528,11.5814,0.0,490.142,1.0,1.0,nan,0,0.0,0.0,0.0,0.0,0.0,0.0,0.0,0.0,0.0,0.0,0.0,0,0,0,0,0,0,0,1,0,0,1,0,0
253322579,10.9142,10.9059,13.516,12.5752,0.0,491.268,1.0,1.0,nan,0,0.0,0.0,0.0,0.0,0.0,0.0,0.0,0.0,0.0,0.0,0.0,0,0,0,0,0,0,0,1,0,0,1,0,0
253622578,10.6108,10.9086,10.3416,12.4669,0.0,492.313,1.0,1.0,nan,0,0.0,0.0,0.0,0.0,0.0,0.0,0.0,0.0,0.0,0.0,0.0,0,0,0,0,0,0,0,1,0,0,1,0,0
253932595,10.9388,10.9258,12.2884,12.1599,0.0,493.328,1.0,1.0,nan,0,0.0,0.0,0.0,0.0,0.0,0.0,0.0,0.0,0.0,0.0,0.0,0,0,0,0,0,0,0,1,0,0,1,0,0
254222585,10.6764,10.9165,12.4744,12.4866,0.0,494.364,1.0,1.0,nan,0,0.0,0.0,0.0,0.0,0.0,0.0,0.0,0.0,0.0,0.0,0.0,0,0,0,0,0,0,0,1,0,0,1,0,0
254522578,10.6026,10.9564,11.594,11.5836,0.0,495.24,1.0,1.0,nan,0,0.0,0.0,0.0,0.0,0.0,0.0,0.0,0.0,0.0,0.0,0.0,0,0,0,0,0,0,0,1,0,0,1,0,0
254822806,10.701,10.9529,14.5452,11.7988,0.0,496.237,1.0,1.0,nan,0,0.0,0.0,0.0,0.0,0.0,0.0,0.0,0.0,0.0,0.0,0.0,0,0,0,0,0,0,0,1,0,0,1,0,0
255132578,10.619,10.9235,15.0784,12.24,0.0,497.336,1.0,1.0,nan,0,0.0,0.0,0.0,0.0,0.0,0.0,0.0,0.0,0.0,0.0,0.0,0,0,0,0,0,0,0,1,0,0,1,0,0
255422584,10.3812,10.9195,12.6728,12.2496,0.0,498.33,1.0,1.0,nan,0,0.0,0.0,0.0,0.0,0.0,0.0,0.0,0.0,0.0,0.0,0.0,0,0,0,0,0,0,0,1,0,0,1,0,0
255722578,11.1356,10.9451,8.618,11.3345,0.0,499.188,1.0,1.0,nan,0,0.0,0.0,0.0,0.0,0.0,0.0,0.0,0.0,0.0,0.0,0.0,0,0,0,0,0,0,0,1,0,0,1,0,0
256032595,11.1192,10.9794,12.7968,10.7266,0.0,500.034,1.0,1.0,nan,0,0.0,0.0,0.0,0.0,0.0,0.0,0.0,0.0,0.0,0.0,0.0,0,0,0,0,0,0,0,1,0,0,1,0,0
256332955,10.2008,10.9506,11.098,11.3665,0.0,501.052,1.0,1.0,nan,0,0.0,0.0,0.0,0.0,0.0,0.0,0.0,0.0,0.0,0.0,0.0,0,0,0,0,0,0,0,1,0,0,1,0,0
256623074,11.275,10.9616,9.5356,10.9683,0.0,501.905,1.0,1.0,nan,0,0.0,0.0,0.0,0.0,0.0,0.0,0.0,0.0,0.0,0.0,0.0,0,0,0,0,0,0,0,1,0,0,1,0,0
256923320,10.7912,10.9892,9.7092,10.4117,0.0,502.712,1.0,1.0,nan,0,0.0,0.0,0.0,0.0,0.0,0.0,0.0,0.0,0.0,0.0,0.0,0,0,0,0,0,0,0,1,0,0,1,0,0
257232581,10.8568,10.9432,13.2928,11.5017,0.0,503.79,1.0,1.0,nan,0,0.0,0.0,0.0,0.0,0.0,0.0,0.0,0.0,0.0,0.0,0.0,0,0,0,0,0,0,0,1,0,0,1,0,0
257522585,10.291,10.9077,12.1892,12.221,0.0,504.848,1.0,1.0,nan,0,0.0,0.0,0.0,0.0,0.0,0.0,0.0,0.0,0.0,0.0,0.0,0,0,0,0,0,0,0,1,0,0,1,0,0
257822601,11.316,10.878,11.0112,12.4768,0.0,505.917,1.0,1.0,nan,0,0.0,0.0,0.0,0.0,0.0,0.0,0.0,0.0,0.0,0.0,0.0,0,0,0,0,0,0,0,1,0,0,1,0,0
258132595,10.5288,10.8618,12.4868,12.456,0.0,506.987,1.0,1.0,nan,0,0.0,0.0,0.0,0.0,0.0,0.0,0.0,0.0,0.0,0.0,0.0,0,0,0,0,0,0,0,1,0,0,1,0,0
258432581,11.1192,10.8672,9.8704,12.1179,0.0,507.973,1.0,1.0,nan,0,0.0,0.0,0.0,0.0,0.0,0.0,0.0,0.0,0.0,0.0,0.0,0,0,0,0,0,0,0,1,0,0,1,0,0
258722628,11.2176,10.9398,8.9652,11.0301,0.0,508.75,1.0,1.0,nan,0,0.0,0.0,0.0,0.0,0.0,0.0,0.0,0.0,0.0,0.0,0.0,0,0,0,0,0,0,0,1,0,0,1,0,0
259032621,11.2504,10.9854,12.2016,10.762,0.0,509.644,1.0,1.0,nan,0,0.0,0.0,0.0,0.0,0.0,0.0,0.0,0.0,0.0,0.0,0.0,0,0,0,0,0,0,0,1,0,0,1,0,0
259332579,11.1848,10.9945,11.9412,11.1981,0.0,510.622,1.0,1.0,nan,0,0.0,0.0,0.0,0.0,0.0,0.0,0.0,0.0,0.0,0.0,0.0,0,0,0,0,0,0,0,1,0,0,1,0,0
259622579,10.619,10.9469,12.2388,11.899,0.0,511.648,1.0,1.0,nan,0,0.0,0.0,0.0,0.0,0.0,0.0,0.0,0.0,0.0,0.0,0.0,0,0,0,0,0,0,0,1,0,0,1,0,0
259922585,10.1516,10.9015,12.4,12.4177,0.0,512.735,1.0,1.0,nan,0,0.0,0.0,0.0,0.0,0.0,0.0,0.0,0.0,0.0,0.0,0.0,0,0,0,0,0,0,0,1,0,0,1,0,0
260232600,11.0946,10.9357,8.8536,11.8405,0.0,513.713,1.0,1.0,nan,0,0.0,0.0,0.0,0.0,0.0,0.0,0.0,0.0,0.0,0.0,0.0,0,0,0,0,0,0,0,1,0,0,1,0,0
260532578,11.2176,10.9437,9.7092,11.3344,0.0,514.606,1.0,1.0,nan,0,0.0,0.0,0.0,0.0,0.0,0.0,0.0,0.0,0.0,0.0,0.0,0,0,0,0,0,0,0,1,0,0,1,0,0
260822578,11.1356,10.939,14.7932,11.3579,0.0,515.509,1.0,1.0,nan,0,0.0,0.0,0.0,0.0,0.0,0.0,0.0,0.0,0.0,0.0,0.0,0,0,0,0,0,0,0,1,0,0,1,0,0
261122696,11.0536,10.914,12.896,11.5411,0.0,516.499,1.0,1.0,nan,0,0.0,0.0,0.0,0.0,0.0,0.0,0.0,0.0,0.0,0.0,0.0,0,0,0,0,0,0,0,1,0,0,1,0,0
261432578,10.4222,10.8933,12.8216,12.0282,0.0,517.566,1.0,1.0,nan,0,0.0,0.0,0.0,0.0,0.0,0.0,0.0,0.0,0.0,0.0,0.0,0,0,0,0,0,0,0,1,0,0,1,0,0
261722578,10.7912,10.9129,9.734,11.6193,0.0,518.472,1.0,1.0,nan,0,0.0,0.0,0.0,0.0,0.0,0.0,0.0,0.0,0.0,0.0,0.0,0,0,0,0,0,0,0,1,0,0,1,0,0
262022597,10.5862,10.8958,15.3636,11.8205,0.0,519.459,1.0,1.0,nan,0,0.0,0.0,0.0,0.0,0.0,0.0,0.0,0.0,0.0,0.0,0.0,0,0,0,0,0,0,0,1,0,0,1,0,0
262332595,10.6928,10.8847,13.33,12.3216,0.0,520.572,1.0,1.0,nan,0,0.0,0.0,0.0,0.0,0.0,0.0,0.0,0.0,0.0,0.0,0.0,0,0,0,0,0,0,0,1,0,0,1,0,0
262622578,11.1766,10.8655,14.7684,12.6555,0.0,521.622,1.0,1.0,nan,0,0.0,0.0,0.0,0.0,0.0,0.0,0.0,0.0,0.0,0.0,0.0,0,0,0,0,0,0,0,1,0,0,1,0,0
262922584,10.5944,10.8841,12.028,12.0785,0.0,522.569,1.0,1.0,nan,0,0.0,0.0,0.0,0.0,0.0,0.0,0.0,0.0,0.0,0.0,0.0,0,0,0,0,0,0,0,1,0,0,1,0,0
263222578,10.3976,10.8599,14.7808,12.6226,0.0,523.678,1.0,1.0,nan,0,0.0,0.0,0.0,0.0,0.0,0.0,0.0,0.0,0.0,0.0,0.0,0,0,0,0,0,0,0,1,0,0,1,0,0
263532579,10.8568,10.8435,15.0288,12.8823,0.0,524.803,1.0,1.0,nan,0,0.0,0.0,0.0,0.0,0.0,0.0,0.0,0.0,0.0,0.0,0.0,0,0,0,0,0,0,0,1,0,0,1,0,0
263822582,11.0126,10.8553,11.2964,12.7982,0.0,525.835,1.0,1.0,nan,0,0.0,0.0,0.0,0.0,0.0,0.0,0.0,0.0,0.0,0.0,0.0,0,0,0,0,0,0,0,1,0,0,1,0,0
264122596,11.3242,10.8573,9.9572,12.4382,0.0,526.837,1.0,1.0,nan,0,0.0,0.0,0.0,0.0,0.0,0.0,0.0,0.0,0.0,0.0,0.0,0,0,0,0,0,0,0,1,0,0,1,0,0
264432612,10.7994,10.8593,12.1768,11.9332,0.0,527.82,1.0,1.0,nan,0,0.0,0.0,0.0,0.0,0.0,0.0,0.0,0.0,0.0,0.0,0.0,0,0,0,0,0,0,0,1,0,0,1,0,0
264732703,11.0946,10.8731,11.408,11.7758,0.0,528.784,1.0,1.0,nan,0,0.0,0.0,0.0,0.0,0.0,0.0,0.0,0.0,0.0,0.0,0.0,0,0,0,0,0,0,0,1,0,0,1,0,0
265022757,11.2176,10.9152,10.5152,11.0736,0.0,529.6,1.0,1.0,nan,0,0.0,0.0,0.0,0.0,0.0,0.0,0.0,0.0,0.0,0.0,0.0,0,0,0,0,0,0,0,1,0,0,1,0,0
265323305,10.66,10.908,10.9244,11.007,0.0,530.507,1.0,1.0,nan,0,0.0,0.0,0.0,0.0,0.0,0.0,0.0,0.0,0.0,0.0,0.0,0,0,0,0,0,0,0,1,0,0,1,0,0
265633757,10.2664,10.8829,11.7676,11.5856,0.0,531.557,1.0,1.0,nan,0,0.0,0.0,0.0,0.0,0.0,0.0,0.0,0.0,0.0,0.0,0.0,0,0,0,0,0,0,0,1,0,0,1,0,0
265922578,10.8896,10.9009,11.6436,11.465,0.0,532.477,1.0,1.0,nan,0,0.0,0.0,0.0,0.0,0.0,0.0,0.0,0.0,0.0,0.0,0.0,0,0,0,0,0,0,0,1,0,0,1,0,0
266222579,10.8978,10.8914,12.276,11.5807,0.0,533.451,1.0,1.0,nan,0,0.0,0.0,0.0,0.0,0.0,0.0,0.0,0.0,0.0,0.0,0.0,0,0,0,0,0,0,0,1,0,0,1,0,0
266532597,10.9224,10.889,11.4452,11.5255,0.0,534.437,1.0,1.0,nan,0,0.0,0.0,0.0,0.0,0.0,0.0,0.0,0.0,0.0,0.0,0.0,0,0,0,0,0,0,0,1,0,0,1,0,0
266832578,11.1028,10.89,8.6428,11.7483,0.0,535.453,1.0,1.0,nan,0,0.0,0.0,0.0,0.0,0.0,0.0,0.0,0.0,0.0,0.0,0.0,0,0,0,0,0,0,0,1,0,0,1,0,0
267122591,11.2504,10.8975,13.1564,11.7633,0.0,536.384,1.0,1.0,nan,0,0.0,0.0,0.0,0.0,0.0,0.0,0.0,0.0,0.0,0.0,0.0,0,0,0,0,0,0,0,1,0,0,1,0,0
267422589,10.8814,10.9305,11.9164,11.5815,0.0,537.34,1.0,1.0,nan,0,0.0,0.0,0.0,0.0,0.0,0.0,0.0,0.0,0.0,0.0,0.0,0,0,0,0,0,0,0,1,0,0,1,0,0
267732713,10.66,10.916,9.7092,11.6681,0.0,538.358,1.0,1.0,nan,0,0.0,0.0,0.0,0.0,0.0,0.0,0.0,0.0,0.0,0.0,0.0,0,0,0,0,0,0,0,1,0,0,1,0,0
268022578,10.5944,10.9169,13.4044,11.4995,0.0,539.249,1.0,1.0,nan,0,0.0,0.0,0.0,0.0,0.0,0.0,0.0,0.0,0.0,0.0,0.0,0,0,0,0,0,0,0,1,0,0,1,0,0
268322578,10.4304,10.833,13.082,12.4889,0.0,540.414,1.0,1.0,nan,0,0.0,0.0,0.0,0.0,0.0,0.0,0.0,0.0,0.0,0.0,0.0,0,0,0,0,0,0,0,1,0,0,1,0,0
268632597,10.2664,10.8089,12.4124,12.675,0.0,541.518,1.0,1.0,nan,0,0.0,0.0,0.0,0.0,0.0,0.0,0.0,0.0,0.0,0.0,0.0,0,0,0,0,0,0,0,1,0,0,1,0,0
268932581,11.1438,10.8514,9.858,11.6411,0.0,542.383,1.0,1.0,nan,0,0.0,0.0,0.0,0.0,0.0,0.0,0.0,0.0,0.0,0.0,0.0,0,0,0,0,0,0,0,1,0,0,1,0,0
269222578,10.988,10.8754,9.3992,11.066,0.0,543.221,1.0,1.0,nan,0,0.0,0.0,0.0,0.0,0.0,0.0,0.0,0.0,0.0,0.0,0.0,0,0,0,0,0,0,0,1,0,0,1,0,0
269532581,10.9962,10.9161,10.4284,10.5956,0.0,544.08,1.0,1.0,nan,0,0.0,0.0,0.0,0.0,0.0,0.0,0.0,0.0,0.0,0.0,0.0,0,0,0,0,0,0,0,1,0,0,1,0,0
269832823,10.7994,10.8998,11.5816,10.8798,0.0,545.009,1.0,1.0,nan,0,0.0,0.0,0.0,0.0,0.0,0.0,0.0,0.0,0.0,0.0,0.0,0,0,0,0,0,0,0,1,0,0,1,0,0
270122581,11.0864,10.8818,10.54,11.4234,0.0,545.995,1.0,1.0,nan,0,0.0,0.0,0.0,0.0,0.0,0.0,0.0,0.0,0.0,0.0,0.0,0,0,0,0,0,0,0,1,0,0,1,0,0
270422579,10.2746,10.8585,14.1112,11.8902,0.0,547.02,1.0,1.0,nan,0,0.0,0.0,0.0,0.0,0.0,0.0,0.0,0.0,0.0,0.0,0.0,0,0,0,0,0,0,0,1,0,0,1,0,0
270732594,10.7994,10.8581,14.4832,11.8545,0.0,548.042,1.0,1.0,nan,0,0.0,0.0,0.0,0.0,0.0,0.0,0.0,0.0,0.0,0.0,0.0,0,0,0,0,0,0,0,1,0,0,1,0,0
271032578,10.4386,10.8232,12.834,12.1773,0.0,549.083,1.0,1.0,nan,0,0.0,0.0,0.0,0.0,0.0,0.0,0.0,0.0,0.0,0.0,0.0,0,0,0,0,0,0,0,1,0,0,1,0,0
271322582,11.0946,10.8494,8.7668,11.804,0.0,550.012,1.0,1.0,nan,0,0.0,0.0,0.0,0.0,0.0,0.0,0.0,0.0,0.0,0.0,0.0,0,0,0,0,0,0,0,1,0,0,1,0,0
271622578,11.0536,10.8971,9.7712,10.9079,0.0,550.825,1.0,1.0,nan,0,0.0,0.0,0.0,0.0,0.0,0.0,0.0,0.0,0.0,0.0,0.0,0,0,0,0,0,0,0,1,0,0,1,0,0
271932582,10.8568,10.9126,12.1644,10.9517,0.0,551.765,1.0,1.0,nan,0,0.0,0.0,0.0,0.0,0.0,0.0,0.0,0.0,0.0,0.0,0.0,0,0,0,0,0,0,0,1,0,0,1,0,0
272222579,10.8978,10.9098,12.4248,11.7813,0.0,552.783,1.0,1.0,nan,0,0.0,0.0,0.0,0.0,0.0,0.0,0.0,0.0,0.0,0.0,0.0,0,0,0,0,0,0,0,1,0,0,1,0,0
272522578,10.9306,10.877,13.206,12.2252,0.0,553.843,1.0,1.0,nan,0,0.0,0.0,0.0,0.0,0.0,0.0,0.0,0.0,0.0,0.0,0.0,0,0,0,0,0,0,0,1,0,0,1,0,0
272833178,10.8814,10.8714,9.8952,11.9669,0.0,554.862,1.0,1.0,nan,0,0.0,0.0,0.0,0.0,0.0,0.0,0.0,0.0,0.0,0.0,0.0,0,0,0,0,0,0,0,1,0,0,1,0,0
273134609,10.455,10.876,12.7968,11.7733,0.0,555.824,1.0,1.0,nan,0,0.0,0.0,0.0,0.0,0.0,0.0,0.0,0.0,0.0,0.0,0.0,0,0,0,0,0,0,0,1,0,0,1,0,0
273423966,10.7256,10.8808,10.664,11.5652,0.0,556.735,1.0,1.0,nan,0,0.0,0.0,0.0,0.0,0.0,0.0,0.0,0.0,0.0,0.0,0.0,0,0,0,0,0,0,0,1,0,0,1,0,0
273734200,10.66,10.8917,11.036,11.2799,0.0,557.68,1.0,1.0,nan,0,0.0,0.0,0.0,0.0,0.0,0.0,0.0,0.0,0.0,0.0,0.0,0,0,0,0,0,0,0,1,0,0,1,0,0
274033468,10.373,10.8718,13.0944,11.6597,0.0,558.675,1.0,1.0,nan,0,0.0,0.0,0.0,0.0,0.0,0.0,0.0,0.0,0.0,0.0,0.0,0,0,0,0,0,0,0,1,0,0,1,0,0
274324963,10.7338,10.8563,14.818,12.2579,0.0,559.736,1.0,1.0,nan,0,0.0,0.0,0.0,0.0,0.0,0.0,0.0,0.0,0.0,0.0,0.0,0,0,0,0,0,0,0,1,0,0,1,0,0
274622618,10.9224,10.8224,12.3876,12.7966,0.0,560.853,1.0,1.0,nan,0,0.0,0.0,0.0,0.0,0.0,0.0,0.0,0.0,0.0,0.0,0.0,0,0,0,0,0,0,0,1,0,0,1,0,0
274932593,10.7256,10.8227,11.0484,12.4817,0.0,561.898,1.0,1.0,nan,0,0.0,0.0,0.0,0.0,0.0,0.0,0.0,0.0,0.0,0.0,0.0,0,0,0,0,0,0,0,1,0,0,1,0,0
275232594,10.9224,10.8099,13.3796,12.5335,0.0,562.942,1.0,1.0,nan,0,0.0,0.0,0.0,0.0,0.0,0.0,0.0,0.0,0.0,0.0,0.0,0,0,0,0,0,0,0,1,0,0,1,0,0
275522578,10.865,10.8209,10.2176,12.0977,0.0,563.874,1.0,1.0,nan,0,0.0,0.0,0.0,0.0,0.0,0.0,0.0,0.0,0.0,0.0,0.0,0,0,0,0,0,0,0,1,0,0,1,0,0
275822578,11.3816,10.8357,11.4204,11.7603,0.0,564.82,1.0,1.0,nan,0,0.0,0.0,0.0,0.0,0.0,0.0,0.0,0.0,0.0,0.0,0.0,0,0,0,0,0,0,0,1,0,0,1,0,0
276132580,11.2258,10.8461,12.7596,11.5734,0.0,565.79,1.0,1.0,nan,0,0.0,0.0,0.0,0.0,0.0,0.0,0.0,0.0,0.0,0.0,0.0,0,0,0,0,0,0,0,1,0,0,1,0,0
276422761,10.66,10.8269,10.9492,11.7586,0.0,566.763,1.0,1.0,nan,0,0.0,0.0,0.0,0.0,0.0,0.0,0.0,0.0,0.0,0.0,0.0,0,0,0,0,0,0,0,1,0,0,1,0,0
276722581,10.4304,10.8222,12.7844,12.1968,0.0,567.825,1.0,1.0,nan,0,0.0,0.0,0.0,0.0,0.0,0.0,0.0,0.0,0.0,0.0,0.0,0,0,0,0,0,0,0,1,0,0,1,0,0
277032608,11.1274,10.877,10.8128,11.5325,0.0,568.754,1.0,1.0,nan,0,0.0,0.0,0.0,0.0,0.0,0.0,0.0,0.0,0.0,0.0,0.0,0,0,0,0,0,0,0,1,0,0,1,0,0
277332578,11.1684,10.905,9.858,11.0654,0.0,569.632,1.0,1.0,nan,0,0.0,0.0,0.0,0.0,0.0,0.0,0.0,0.0,0.0,0.0,0.0,0,0,0,0,0,0,0,1,0,0,1,0,0
277622579,11.152,10.9345,10.0068,10.9209,0.0,570.495,1.0,1.0,nan,0,0.0,0.0,0.0,0.0,0.0,0.0,0.0,0.0,0.0,0.0,0.0,0,0,0,0,0,0,0,1,0,0,1,0,0
277922581,10.988,10.9285,11.3212,10.7456,0.0,571.369,1.0,1.0,nan,0,0.0,0.0,0.0,0.0,0.0,0.0,0.0,0.0,0.0,0.0,0.0,0,0,0,0,0,0,0,1,0,0,1,0,0
278232590,10.9962,10.9351,10.478,10.7108,0.0,572.293,1.0,1.0,nan,0,0.0,0.0,0.0,0.0,0.0,0.0,0.0,0.0,0.0,0.0,0.0,0,0,0,0,0,0,0,1,0,0,1,0,0
278522873,10.373,10.9138,14.6196,11.1915,0.0,573.234,1.0,1.0,nan,0,0.0,0.0,0.0,0.0,0.0,0.0,0.0,0.0,0.0,0.0,0.0,0,0,0,0,0,0,0,1,0,0,1,0,0
278822579,10.9224,10.9409,10.7012,11.1093,0.0,574.158,1.0,1.0,nan,0,0.0,0.0,0.0,0.0,0.0,0.0,0.0,0.0,0.0,0.0,0.0,0,0,0,0,0,0,0,1,0,0,1,0,0
279122582,10.9306,10.9162,11.8048,11.5452,0.0,575.17,1.0,1.0,nan,0,0.0,0.0,0.0,0.0,0.0,0.0,0.0,0.0,0.0,0.0,0.0,0,0,0,0,0,0,0,1,0,0,1,0,0
279422579,10.8158,10.9163,11.0732,11.5404,0.0,576.135,1.0,1.0,nan,0,0.0,0.0,0.0,0.0,0.0,0.0,0.0,0.0,0.0,0.0,0.0,0,0,0,0,0,0,0,1,0,0,1,0,0
279722581,10.7256,10.9156,13.082,11.5849,0.0,577.101,1.0,1.0,nan,0,0.0,0.0,0.0,0.0,0.0,0.0,0.0,0.0,0.0,0.0,0.0,0,0,0,0,0,0,0,1,0,0,1,0,0
280022578,10.66,10.9049,11.594,11.535,0.0,578.056,1.0,1.0,nan,0,0.0,0.0,0.0,0.0,0.0,0.0,0.0,0.0,0.0,0.0,0.0,0,0,0,0,0,0,0,1,0,0,1,0,0
280322601,10.824,10.8923,11.3584,11.6657,0.0,579.047,1.0,1.0,nan,0,0.0,0.0,0.0,0.0,0.0,0.0,0.0,0.0,0.0,0.0,0.0,0,0,0,0,0,0,0,1,0,0,1,0,0
280632616,10.537,10.8938,11.6312,11.6715,0.0,580.045,1.0,1.0,nan,0,0.0,0.0,0.0,0.0,0.0,0.0,0.0,0.0,0.0,0.0,0.0,0,0,0,0,0,0,0,1,0,0,1,0,0
280933627,10.7912,10.8585,14.3468,12.4548,0.0,581.158,1.0,1.0,nan,0,0.0,0.0,0.0,0.0,0.0,0.0,0.0,0.0,0.0,0.0,0.0,0,0,0,0,0,0,0,1,0,0,1,0,0
281233013,10.5944,10.8492,11.718,12.1226,0.0,582.14,1.0,1.0,nan,0,0.0,0.0,0.0,0.0,0.0,0.0,0.0,0.0,0.0,0.0,0.0,0,0,0,0,0,0,0,1,0,0,1,0,0
281532578,10.66,10.827,11.5072,12.2524,0.0,583.169,1.0,1.0,nan,0,0.0,0.0,0.0,0.0,0.0,0.0,0.0,0.0,0.0,0.0,0.0,0,0,0,0,0,0,0,1,0,0,1,0,0
281822581,11.193,10.8288,10.9988,12.2718,0.0,584.168,1.0,1.0,nan,0,0.0,0.0,0.0,0.0,0.0,0.0,0.0,0.0,0.0,0.0,0.0,0,0,0,0,0,0,0,1,0,0,1,0,0
282132600,10.5288,10.8744,9.4736,11.3099,0.0,585.046,1.0,1.0,nan,0,0.0,0.0,0.0,0.0,0.0,0.0,0.0,0.0,0.0,0.0,0.0,0,0,0,0,0,0,0,1,0,0,1,0,0
282432997,11.1356,10.907,11.2468,10.8296,0.0,585.899,1.0,1.0,nan,0,0.0,0.0,0.0,0.0,0.0,0.0,0.0,0.0,0.0,0.0,0.0,0,0,0,0,0,0,0,1,0,0,1,0,0
282724669,10.8158,10.9237,12.3752,10.7879,0.0,586.768,1.0,1.0,nan,0,0.0,0.0,0.0,0.0,0.0,0.0,0.0,0.0,0.0,0.0,0.0,0,0,0,0,0,0,0,1,0,0,1,0,0
283022581,10.7256,10.9213,13.8508,11.1281,0.0,587.705,1.0,1.0,nan,0,0.0,0.0,0.0,0.0,0.0,0.0,0.0,0.0,0.0,0.0,0.0,0,0,0,0,0,0,0,1,0,0,1,0,0
283332602,10.5534,10.8962,13.0448,11.6486,0.0,588.766,1.0,1.0,nan,0,0.0,0.0,0.0,0.0,0.0,0.0,0.0,0.0,0.0,0.0,0.0,0,0,0,0,0,0,0,1,0,0,1,0,0
283632590,11.0946,10.8772,15.2024,12.1706,0.0,589.83,1.0,1.0,nan,0,0.0,0.0,0.0,0.0,0.0,0.0,0.0,0.0,0.0,0.0,0.0,0,0,0,0,0,0,0,1,0,0,1,0,0
283922578,10.5042,10.8771,14.9544,12.1167,0.0,590.796,1.0,1.0,nan,0,0.0,0.0,0.0,0.0,0.0,0.0,0.0,0.0,0.0,0.0,0.0,0,0,0,0,0,0,0,1,0,0,1,0,0
284222588,11.0044,10.8551,11.2468,12.6245,0.0,591.922,1.0,1.0,nan,0,0.0,0.0,0.0,0.0,0.0,0.0,0.0,0.0,0.0,0.0,0.0,0,0,0,0,0,0,0,1,0,0,1,0,0
284532578,10.66,10.8655,9.424,11.9483,0.0,592.885,1.0,1.0,nan,0,0.0,0.0,0.0,0.0,0.0,0.0,0.0,0.0,0.0,0.0,0.0,0,0,0,0,0,0,0,1,0,0,1,0,0
284822580,10.66,10.8447,11.6932,11.7383,0.0,593.795,1.0,1.0,nan,0,0.0,0.0,0.0,0.0,0.0,0.0,0.0,0.0,0.0,0.0,0.0,0,0,0,0,0,0,0,1,0,0,1,0,0
285122766,10.7666,10.8213,11.1228,12.2379,0.0,594.868,1.0,1.0,nan,0,0.0,0.0,0.0,0.0,0.0,0.0,0.0,0.0,0.0,0.0,0.0,0,0,0,0,0,0,0,1,0,0,1,0,0
285432604,11.2586,10.8375,12.7968,12.307,0.0,595.925,1.0,1.0,nan,0,0.0,0.0,0.0,0.0,0.0,0.0,0.0,0.0,0.0,0.0,0.0,0,0,0,0,0,0,0,1,0,0,1,0,0
285732581,11.2668,10.8872,13.4416,12.1097,0.0,596.908,1.0,1.0,nan,0,0.0,0.0,0.0,0.0,0.0,0.0,0.0,0.0,0.0,0.0,0.0,0,0,0,0,0,0,0,1,0,0,1,0,0
286022579,10.9552,10.8982,10.7632,11.7063,0.0,597.812,1.0,1.0,nan,0,0.0,0.0,0.0,0.0,0.0,0.0,0.0,0.0,0.0,0.0,0.0,0,0,0,0,0,0,0,1,0,0,1,0,0
286322579,10.9224,10.9036,11.8296,11.9012,0.0,598.824,1.0,1.0,nan,0,0.0,0.0,0.0,0.0,0.0,0.0,0.0,0.0,0.0,0.0,0.0,0,0,0,0,0,0,0,1,0,0,1,0,0
286632579,11.0618,10.9034,11.9288,11.9084,0.0,599.849,1.0,1.0,nan,0,0.0,0.0,0.0,0.0,0.0,0.0,0.0,0.0,0.0,0.0,0.0,0,0,0,0,0,0,0,1,0,0,1,0,0
286922581,10.5944,10.9024,11.3708,11.5742,0.0,600.749,1.0,1.0,nan,0,0.0,0.0,0.0,0.0,0.0,0.0,0.0,0.0,0.0,0.0,0.0,0,0,0,0,0,0,0,1,0,0,1,0,0
287222840,10.4632,10.9039,13.0076,11.7497,0.0,601.742,1.0,1.0,nan,0,0.0,0.0,0.0,0.0,0.0,0.0,0.0,0.0,0.0,0.0,0.0,0,0,0,0,0,0,0,1,0,0,1,0,0
287532598,10.619,10.8855,12.71,12.0002,0.0,602.799,1.0,1.0,nan,0,0.0,0.0,0.0,0.0,0.0,0.0,0.0,0.0,0.0,0.0,0.0,0,0,0,0,0,0,0,1,0,0,1,0,0
287832579,10.4222,10.882,15.376,12.1359,0.0,603.821,1.0,1.0,nan,0,0.0,0.0,0.0,0.0,0.0,0.0,0.0,0.0,0.0,0.0,0.0,0,0,0,0,0,0,0,1,0,0,1,0,0
288122578,11.0372,10.8763,10.6144,11.9286,0.0,604.771,1.0,1.0,nan,0,0.0,0.0,0.0,0.0,0.0,0.0,0.0,0.0,0.0,0.0,0.0,0,0,0,0,0,0,0,1,0,0,1,0,0
288422581,11.0536,10.8981,11.284,11.3879,0.0,605.662,1.0,1.0,nan,0,0.0,0.0,0.0,0.0,0.0,0.0,0.0,0.0,0.0,0.0,0.0,0,0,0,0,0,0,0,1,0,0,1,0,0
288722595,10.7256,10.8777,11.2716,11.5054,0.0,606.632,1.0,1.0,nan,0,0.0,0.0,0.0,0.0,0.0,0.0,0.0,0.0,0.0,0.0,0.0,0,0,0,0,0,0,0,1,0,0,1,0,0
289032598,10.7994,10.8438,12.1148,12.0181,0.0,607.708,1.0,1.0,nan,0,0.0,0.0,0.0,0.0,0.0,0.0,0.0,0.0,0.0,0.0,0.0,0,0,0,0,0,0,0,1,0,0,1,0,0
289332670,10.7256,10.8227,12.7348,12.3076,0.0,608.759,1.0,1.0,nan,0,0.0,0.0,0.0,0.0,0.0,0.0,0.0,0.0,0.0,0.0,0.0,0,0,0,0,0,0,0,1,0,0,1,0,0
289632592,10.8978,10.7933,13.1812,12.3814,0.0,609.796,1.0,1.0,nan,0,0.0,0.0,0.0,0.0,0.0,0.0,0.0,0.0,0.0,0.0,0.0,0,0,0,0,0,0,0,1,0,0,1,0,0
289932579,10.4632,10.7668,11.3212,12.3835,0.0,610.844,1.0,1.0,nan,0,0.0,0.0,0.0,0.0,0.0,0.0,0.0,0.0,0.0,0.0,0.0,0,0,0,0,0,0,0,1,0,0,1,0,0
290223362,10.7994,10.7811,9.7216,12.0137,0.0,611.776,1.0,1.0,nan,0,0.0,0.0,0.0,0.0,0.0,0.0,0.0,0.0,0.0,0.0,0.0,0,0,0,0,0,0,0,1,0,0,1,0,0
290532607,10.9388,10.8132,10.2672,10.9954,0.0,612.614,1.0,1.0,nan,0,0.0,0.0,0.0,0.0,0.0,0.0,0.0,0.0,0.0,0.0,0.0,0,0,0,0,0,0,0,1,0,0,1,0,0
290832586,11.0454,10.8072,11.6932,11.7193,0.0,613.668,1.0,1.0,nan,0,0.0,0.0,0.0,0.0,0.0,0.0,0.0,0.0,0.0,0.0,0.0,0,0,0,0,0,0,0,1,0,0,1,0,0
291122868,10.7584,10.8204,12.214,11.5841,0.0,614.589,1.0,1.0,nan,0,0.0,0.0,0.0,0.0,0.0,0.0,0.0,0.0,0.0,0.0,0.0,0,0,0,0,0,0,0,1,0,0,1,0,0
291423388,11.0536,10.8352,9.3124,11.5455,0.0,615.553,1.0,1.0,nan,0,0.0,0.0,0.0,0.0,0.0,0.0,0.0,0.0,0.0,0.0,0.0,0,0,0,0,0,0,0,1,0,0,1,0,0
291735969,10.701,10.8538,11.2964,11.2979,0.0,616.505,1.0,1.0,nan,0,0.0,0.0,0.0,0.0,0.0,0.0,0.0,0.0,0.0,0.0,0.0,0,0,0,0,0,0,0,1,0,0,1,0,0
292032578,10.66,10.8559,10.602,11.525,0.0,617.477,1.0,1.0,nan,0,0.0,0.0,0.0,0.0,0.0,0.0,0.0,0.0,0.0,0.0,0.0,0,0,0,0,0,0,0,1,0,0,1,0,0
292322615,10.5616,10.8468,12.7844,11.587,0.0,618.409,1.0,1.0,nan,0,0.0,0.0,0.0,0.0,0.0,0.0,0.0,0.0,0.0,0.0,0.0,0,0,0,0,0,0,0,1,0,0,1,0,0
292622578,10.947,10.8369,11.6808,11.825,0.0,619.424,1.0,1.0,nan,0,0.0,0.0,0.0,0.0,0.0,0.0,0.0,0.0,0.0,0.0,0.0,0,0,0,0,0,0,0,1,0,0,1,0,0
292932581,10.9224,10.8463,10.5524,11.5288,0.0,620.394,1.0,1.0,nan,0,0.0,0.0,0.0,0.0,0.0,0.0,0.0,0.0,0.0,0.0,0.0,0,0,0,0,0,0,0,1,0,0,1,0,0
293222588,10.6928,10.8111,12.4,12.4102,0.0,621.473,1.0,1.0,nan,0,0.0,0.0,0.0,0.0,0.0,0.0,0.0,0.0,0.0,0.0,0.0,0,0,0,0,0,0,0,1,0,0,1,0,0
293522583,10.8568,10.7822,10.9492,12.3163,0.0,622.508,1.0,1.0,nan,0,0.0,0.0,0.0,0.0,0.0,0.0,0.0,0.0,0.0,0.0,0.0,0,0,0,0,0,0,0,1,0,0,1,0,0
293832770,10.5944,10.7688,11.718,12.1694,0.0,623.536,1.0,1.0,nan,0,0.0,0.0,0.0,0.0,0.0,0.0,0.0,0.0,0.0,0.0,0.0,0,0,0,0,0,0,0,1,0,0,1,0,0
294132588,10.988,10.7684,12.3876,12.1558,0.0,624.534,1.0,1.0,nan,0,0.0,0.0,0.0,0.0,0.0,0.0,0.0,0.0,0.0,0.0,0.0,0,0,0,0,0,0,0,1,0,0,1,0,0
294422578,10.8896,10.781,14.0244,12.6979,0.0,625.607,1.0,1.0,nan,0,0.0,0.0,0.0,0.0,0.0,0.0,0.0,0.0,0.0,0.0,0.0,0,0,0,0,0,0,0,1,0,0,1,0,0
294722578,10.9552,10.7763,12.9208,12.4073,0.0,626.618,1.0,1.0,nan,0,0.0,0.0,0.0,0.0,0.0,0.0,0.0,0.0,0.0,0.0,0.0,0,0,0,0,0,0,0,1,0,0,1,0,0
295032578,11.0864,10.7743,10.726,11.9456,0.0,627.615,1.0,1.0,nan,0,0.0,0.0,0.0,0.0,0.0,0.0,0.0,0.0,0.0,0.0,0.0,0,0,0,0,0,0,0,1,0,0,1,0,0
295322581,10.947,10.805,10.1556,11.0921,0.0,628.418,1.0,1.0,nan,0,0.0,0.0,0.0,0.0,0.0,0.0,0.0,0.0,0.0,0.0,0.0,0,0,0,0,0,0,0,1,0,0,1,0,0
295622578,10.4632,10.8008,11.5816,11.1082,0.0,629.339,1.0,1.0,nan,0,0.0,0.0,0.0,0.0,0.0,0.0,0.0,0.0,0.0,0.0,0.0,0,0,0,0,0,0,0,1,0,0,1,0,0
295932853,10.7912,10.7786,11.222,11.8127,0.0,630.439,1.0,1.0,nan,0,0.0,0.0,0.0,0.0,0.0,0.0,0.0,0.0,0.0,0.0,0.0,0,0,0,0,0,0,0,1,0,0,1,0,0
296232581,10.6026,10.7819,12.6232,11.8576,0.0,631.421,1.0,1.0,nan,0,0.0,0.0,0.0,0.0,0.0,0.0,0.0,0.0,0.0,0.0,0.0,0,0,0,0,0,0,0,1,0,0,1,0,0
296522584,10.5288,10.7788,13.0324,11.8576,0.0,632.377,1.0,1.0,nan,0,0.0,0.0,0.0,0.0,0.0,0.0,0.0,0.0,0.0,0.0,0.0,0,0,0,0,0,0,0,1,0,0,1,0,0
296822578,10.8486,10.7705,12.6976,11.9411,0.0,633.377,1.0,1.0,nan,0,0.0,0.0,0.0,0.0,0.0,0.0,0.0,0.0,0.0,0.0,0.0,0,0,0,0,0,0,0,1,0,0,1,0,0
297122594,10.5862,10.7704,11.2964,11.7481,0.0,634.343,1.0,1.0,nan,0,0.0,0.0,0.0,0.0,0.0,0.0,0.0,0.0,0.0,0.0,0.0,0,0,0,0,0,0,0,1,0,0,1,0,0
297422579,10.5944,10.7595,11.2964,11.7846,0.0,635.33,1.0,1.0,nan,0,0.0,0.0,0.0,0.0,0.0,0.0,0.0,0.0,0.0,0.0,0.0,0,0,0,0,0,0,0,1,0,0,1,0,0
297722581,10.66,10.7635,11.4452,11.9443,0.0,636.342,1.0,1.0,nan,0,0.0,0.0,0.0,0.0,0.0,0.0,0.0,0.0,0.0,0.0,0.0,0,0,0,0,0,0,0,1,0,0,1,0,0
298032646,10.988,10.7656,12.4,11.8776,0.0,637.353,1.0,1.0,nan,0,0.0,0.0,0.0,0.0,0.0,0.0,0.0,0.0,0.0,0.0,0.0,0,0,0,0,0,0,0,1,0,0,1,0,0
298332579,10.7912,10.755,11.346,11.735,0.0,638.315,1.0,1.0,nan,0,0.0,0.0,0.0,0.0,0.0,0.0,0.0,0.0,0.0,0.0,0.0,0,0,0,0,0,0,0,1,0,0,1,0,0
298622920,10.3976,10.7355,12.5488,11.9987,0.0,639.305,1.0,1.0,nan,0,0.0,0.0,0.0,0.0,0.0,0.0,0.0,0.0,0.0,0.0,0.0,0,0,0,0,0,0,0,1,0,0,1,0,0
298923138,10.8978,10.7333,11.0608,12.2008,0.0,640.346,1.0,1.0,nan,0,0.0,0.0,0.0,0.0,0.0,0.0,0.0,0.0,0.0,0.0,0.0,0,0,0,0,0,0,0,1,0,0,1,0,0
299233701,10.66,10.7387,10.8004,11.9982,0.0,641.369,1.0,1.0,nan,0,0.0,0.0,0.0,0.0,0.0,0.0,0.0,0.0,0.0,0.0,0.0,0,0,0,0,0,0,0,1,0,0,1,0,0
299522589,11.0536,10.7475,12.7844,11.7706,0.0,642.287,1.0,1.0,nan,0,0.0,0.0,0.0,0.0,0.0,0.0,0.0,0.0,0.0,0.0,0.0,0,0,0,0,0,0,0,1,0,0,1,0,0
299822825,10.6354,10.7775,11.0112,11.2997,0.0,643.187,1.0,1.0,nan,0,0.0,0.0,0.0,0.0,0.0,0.0,0.0,0.0,0.0,0.0,0.0,0,0,0,0,0,0,0,1,0,0,1,0,0
300134587,10.6928,10.779,11.1972,11.3978,0.0,644.173,1.0,1.0,nan,0,0.0,0.0,0.0,0.0,0.0,0.0,0.0,0.0,0.0,0.0,0.0,0,0,0,0,0,0,0,1,0,0,1,0,0
300434886,10.9306,10.7894,12.3504,11.67,0.0,645.172,1.0,1.0,nan,0,0.0,0.0,0.0,0.0,0.0,0.0,0.0,0.0,0.0,0.0,0.0,0,0,0,0,0,0,0,1,0,0,1,0,0
300722578,10.8568,10.7689,11.7056,11.8302,0.0,646.144,1.0,1.0,nan,0,0.0,0.0,0.0,0.0,0.0,0.0,0.0,0.0,0.0,0.0,0.0,0,0,0,0,0,0,0,1,0,0,1,0,0
301022578,10.9552,10.7626,13.1192,12.0388,0.0,647.165,1.0,1.0,nan,0,0.0,0.0,0.0,0.0,0.0,0.0,0.0,0.0,0.0,0.0,0.0,0,0,0,0,0,0,0,1,0,0,1,0,0
301332581,10.66,10.7666,11.2344,11.8907,0.0,648.182,1.0,1.0,nan,0,0.0,0.0,0.0,0.0,0.0,0.0,0.0,0.0,0.0,0.0,0.0,0,0,0,0,0,0,0,1,0,0,1,0,0
301622579,10.6846,10.7792,13.4416,11.6624,0.0,649.099,1.0,1.0,nan,0,0.0,0.0,0.0,0.0,0.0,0.0,0.0,0.0,0.0,0.0,0.0,0,0,0,0,0,0,0,1,0,0,1,0,0
301922578,10.9224,10.7943,11.0608,11.1493,0.0,649.98,1.0,1.0,nan,0,0.0,0.0,0.0,0.0,0.0,0.0,0.0,0.0,0.0,0.0,0.0,0,0,0,0,0,0,0,1,0,0,1,0,0
302232600,10.537,10.8087,10.1184,11.1013,0.0,650.929,1.0,1.0,nan,0,0.0,0.0,0.0,0.0,0.0,0.0,0.0,0.0,0.0,0.0,0.0,0,0,0,0,0,0,0,1,0,0,1,0,0
302522720,10.537,10.8,11.3212,11.6611,0.0,651.919,1.0,1.0,nan,0,0.0,0.0,0.0,0.0,0.0,0.0,0.0,0.0,0.0,0.0,0.0,0,0,0,0,0,0,0,1,0,0,1,0,0
302822578,10.8896,10.7857,10.23,11.918,0.0,652.933,1.0,1.0,nan,0,0.0,0.0,0.0,0.0,0.0,0.0,0.0,0.0,0.0,0.0,0.0,0,0,0,0,0,0,0,1,0,0,1,0,0
303122579,11.0372,10.747,13.4664,12.1362,0.0,653.97,1.0,1.0,nan,0,0.0,0.0,0.0,0.0,0.0,0.0,0.0,0.0,0.0,0.0,0.0,0,0,0,0,0,0,0,1,0,0,1,0,0
303432578,10.8732,10.7235,11.718,12.2771,0.0,655.041,1.0,1.0,nan,0,0.0,0.0,0.0,0.0,0.0,0.0,0.0,0.0,0.0,0.0,0.0,0,0,0,0,0,0,0,1,0,0,1,0,0
303722579,10.8568,10.7524,10.726,11.5415,0.0,655.899,1.0,1.0,nan,0,0.0,0.0,0.0,0.0,0.0,0.0,0.0,0.0,0.0,0.0,0.0,0,0,0,0,0,0,0,1,0,0,1,0,0
304022579,10.9224,10.7581,12.5364,11.2618,0.0,656.8,1.0,1.0,nan,0,0.0,0.0,0.0,0.0,0.0,0.0,0.0,0.0,0.0,0.0,0.0,0,0,0,0,0,0,0,1,0,0,1,0,0
304332589,10.4304,10.7532,13.4912,11.6916,0.0,657.834,1.0,1.0,nan,0,0.0,0.0,0.0,0.0,0.0,0.0,0.0,0.0,0.0,0.0,0.0,0,0,0,0,0,0,0,1,0,0,1,0,0
304632817,10.9306,10.7631,10.0564,11.3128,0.0,658.752,1.0,1.0,nan,0,0.0,0.0,0.0,0.0,0.0,0.0,0.0,0.0,0.0,0.0,0.0,0,0,0,0,0,0,0,1,0,0,1,0,0
304922578,11.0536,10.7736,13.4912,11.1073,0.0,659.616,1.0,1.0,nan,0,0.0,0.0,0.0,0.0,0.0,0.0,0.0,0.0,0.0,0.0,0.0,0,0,0,0,0,0,0,1,0,0,1,0,0
305222579,10.2254,10.7665,10.726,11.2651,0.0,660.569,1.0,1.0,nan,0,0.0,0.0,0.0,0.0,0.0,0.0,0.0,0.0,0.0,0.0,0.0,0,0,0,0,0,0,0,1,0,0,1,0,0
305532618,11.1848,10.7777,12.3132,11.0741,0.0,661.506,1.0,1.0,nan,0,0.0,0.0,0.0,0.0,0.0,0.0,0.0,0.0,0.0,0.0,0.0,0,0,0,0,0,0,0,1,0,0,1,0,0
305822581,10.5288,10.7775,12.09,10.9633,0.0,662.378,1.0,1.0,nan,0,0.0,0.0,0.0,0.0,0.0,0.0,0.0,0.0,0.0,0.0,0.0,0,0,0,0,0,0,0,1,0,0,1,0,0
306122578,10.1352,10.7755,11.8916,11.0703,0.0,663.306,1.0,1.0,nan,0,0.0,0.0,0.0,0.0,0.0,0.0,0.0,0.0,0.0,0.0,0.0,0,0,0,0,0,0,0,1,0,0,1,0,0
306432598,10.9142,10.7585,12.1024,11.6845,0.0,664.379,1.0,1.0,nan,0,0.0,0.0,0.0,0.0,0.0,0.0,0.0,0.0,0.0,0.0,0.0,0,0,0,0,0,0,0,1,0,0,1,0,0
306722584,10.865,10.7609,11.2096,11.561,0.0,665.297,1.0,1.0,nan,0,0.0,0.0,0.0,0.0,0.0,0.0,0.0,0.0,0.0,0.0,0.0,0,0,0,0,0,0,0,1,0,0,1,0,0
307022585,10.2746,10.7552,13.3548,11.5939,0.0,666.259,1.0,1.0,nan,0,0.0,0.0,0.0,0.0,0.0,0.0,0.0,0.0,0.0,0.0,0.0,0,0,0,0,0,0,0,1,0,0,1,0,0
307333345,11.0618,10.7557,11.222,11.7141,0.0,667.286,1.0,1.0,nan,0,0.0,0.0,0.0,0.0,0.0,0.0,0.0,0.0,0.0,0.0,0.0,0,0,0,0,0,0,0,1,0,0,1,0,0
307633111,10.9962,10.7678,10.5276,11.2538,0.0,668.183,1.0,1.0,nan,0,0.0,0.0,0.0,0.0,0.0,0.0,0.0,0.0,0.0,0.0,0.0,0,0,0,0,0,0,0,1,0,0,1,0,0
307922585,11.1192,10.7644,11.5444,11.4578,0.0,669.126,1.0,1.0,nan,0,0.0,0.0,0.0,0.0,0.0,0.0,0.0,0.0,0.0,0.0,0.0,0,0,0,0,0,0,0,1,0,0,1,0,0
308233930,10.9224,10.7525,12.5488,11.7034,0.0,670.153,1.0,1.0,nan,0,0.0,0.0,0.0,0.0,0.0,0.0,0.0,0.0,0.0,0.0,0.0,0,0,0,0,0,0,0,1,0,0,1,0,0
308534253,10.8568,10.7526,11.6188,11.5544,0.0,671.099,1.0,1.0,nan,0,0.0,0.0,0.0,0.0,0.0,0.0,0.0,0.0,0.0,0.0,0.0,0,0,0,0,0,0,0,1,0,0,1,0,0
308833188,11.0126,10.7491,10.4036,11.648,0.0,672.077,1.0,1.0,nan,0,0.0,0.0,0.0,0.0,0.0,0.0,0.0,0.0,0.0,0.0,0.0,0,0,0,0,0,0,0,1,0,0,1,0,0
309123760,10.537,10.738,12.152,11.886,0.0,673.054,1.0,1.0,nan,0,0.0,0.0,0.0,0.0,0.0,0.0,0.0,0.0,0.0,0.0,0.0,0,0,0,0,0,0,0,1,0,0,1,0,0
309422578,10.4632,10.7382,11.9164,12.0176,0.0,674.058,1.0,1.0,nan,0,0.0,0.0,0.0,0.0,0.0,0.0,0.0,0.0,0.0,0.0,0.0,0,0,0,0,0,0,0,1,0,0,1,0,0
309732579,11.2094,10.7361,12.4868,12.0581,0.0,675.093,1.0,1.0,nan,0,0.0,0.0,0.0,0.0,0.0,0.0,0.0,0.0,0.0,0.0,0.0,0,0,0,0,0,0,0,1,0,0,1,0,0
310022578,10.3976,10.7076,12.5612,11.9896,0.0,676.049,1.0,1.0,nan,0,0.0,0.0,0.0,0.0,0.0,0.0,0.0,0.0,0.0,0.0,0.0,0,0,0,0,0,0,0,1,0,0,1,0,0
310322578,10.5042,10.7222,10.2548,11.6977,0.0,676.997,1.0,1.0,nan,0,0.0,0.0,0.0,0.0,0.0,0.0,0.0,0.0,0.0,0.0,0.0,0,0,0,0,0,0,0,1,0,0,1,0,0
310632598,10.7994,10.7418,10.0936,11.262,0.0,677.924,1.0,1.0,nan,0,0.0,0.0,0.0,0.0,0.0,0.0,0.0,0.0,0.0,0.0,0.0,0,0,0,0,0,0,0,1,0,0,1,0,0
310932585,10.9224,10.7419,11.718,11.2809,0.0,678.866,1.0,1.0,nan,0,0.0,0.0,0.0,0.0,0.0,0.0,0.0,0.0,0.0,0.0,0.0,0,0,0,0,0,0,0,1,0,0,1,0,0
311222664,10.9224,10.7346,10.1308,11.3294,0.0,679.795,1.0,1.0,nan,0,0.0,0.0,0.0,0.0,0.0,0.0,0.0,0.0,0.0,0.0,0.0,0,0,0,0,0,0,0,1,0,0,1,0,0
311522594,10.9306,10.7399,10.9492,11.4106,0.0,680.749,1.0,1.0,nan,0,0.0,0.0,0.0,0.0,0.0,0.0,0.0,0.0,0.0,0.0,0.0,0,0,0,0,0,0,0,1,0,0,1,0,0
311832581,10.3976,10.7248,10.0192,11.4315,0.0,681.741,1.0,1.0,nan,0,0.0,0.0,0.0,0.0,0.0,0.0,0.0,0.0,0.0,0.0,0.0,0,0,0,0,0,0,0,1,0,0,1,0,0
312122578,10.3238,10.6876,14.012,11.9789,0.0,682.759,1.0,1.0,nan,0,0.0,0.0,0.0,0.0,0.0,0.0,0.0,0.0,0.0,0.0,0.0,0,0,0,0,0,0,0,1,0,0,1,0,0
312422578,10.9962,10.6867,11.4824,11.7413,0.0,683.708,1.0,1.0,nan,0,0.0,0.0,0.0,0.0,0.0,0.0,0.0,0.0,0.0,0.0,0.0,0,0,0,0,0,0,0,1,0,0,1,0,0
312732597,10.8158,10.6819,10.7384,11.5418,0.0,684.679,1.0,1.0,nan,0,0.0,0.0,0.0,0.0,0.0,0.0,0.0,0.0,0.0,0.0,0.0,0,0,0,0,0,0,0,1,0,0,1,0,0
313032588,10.1352,10.6861,13.0324,11.4629,0.0,685.625,1.0,1.0,nan,0,0.0,0.0,0.0,0.0,0.0,0.0,0.0,0.0,0.0,0.0,0.0,0,0,0,0,0,0,0,1,0,0,1,0,0
313322728,10.9634,10.6782,11.78,11.7635,0.0,686.61,1.0,1.0,nan,0,0.0,0.0,0.0,0.0,0.0,0.0,0.0,0.0,0.0,0.0,0.0,0,0,0,0,0,0,0,1,0,0,1,0,0
313622578,10.6026,10.6934,11.842,11.6217,0.0,687.558,1.0,1.0,nan,0,0.0,0.0,0.0,0.0,0.0,0.0,0.0,0.0,0.0,0.0,0.0,0,0,0,0,0,0,0,1,0,0,1,0,0
313932581,11.0126,10.7324,9.7588,10.862,0.0,688.422,1.0,1.0,nan,0,0.0,0.0,0.0,0.0,0.0,0.0,0.0,0.0,0.0,0.0,0.0,0,0,0,0,0,0,0,1,0,0,1,0,0
314222597,10.2418,10.7126,11.1476,11.4026,0.0,689.387,1.0,1.0,nan,0,0.0,0.0,0.0,0.0,0.0,0.0,0.0,0.0,0.0,0.0,0.0,0,0,0,0,0,0,0,1,0,0,1,0,0
314522585,10.2664,10.7028,11.6188,11.7917,0.0,690.413,1.0,1.0,nan,0,0.0,0.0,0.0,0.0,0.0,0.0,0.0,0.0,0.0,0.0,0.0,0,0,0,0,0,0,0,1,0,0,1,0,0
314832598,10.0368,10.6874,11.532,11.8532,0.0,691.444,1.0,1.0,nan,0,0.0,0.0,0.0,0.0,0.0,0.0,0.0,0.0,0.0,0.0,0.0,0,0,0,0,0,0,0,1,0,0,1,0,0
315122578,10.6682,10.6831,11.7304,11.9265,0.0,692.416,1.0,1.0,nan,0,0.0,0.0,0.0,0.0,0.0,0.0,0.0,0.0,0.0,0.0,0.0,0,0,0,0,0,0,0,1,0,0,1,0,0
315422581,11.0618,10.6428,14.9296,12.4776,0.0,693.505,1.0,1.0,nan,0,0.0,0.0,0.0,0.0,0.0,0.0,0.0,0.0,0.0,0.0,0.0,0,0,0,0,0,0,0,1,0,0,1,0,0
315722783,10.7256,10.6372,10.5028,12.3563,0.0,694.53,1.0,1.0,nan,0,0.0,0.0,0.0,0.0,0.0,0.0,0.0,0.0,0.0,0.0,0.0,0,0,0,0,0,0,0,1,0,0,1,0,0
316032581,10.4468,10.6605,12.3876,11.8042,0.0,695.491,1.0,1.0,nan,0,0.0,0.0,0.0,0.0,0.0,0.0,0.0,0.0,0.0,0.0,0.0,0,0,0,0,0,0,0,1,0,0,1,0,0
316322579,10.2254,10.687,10.8376,11.6627,0.0,696.415,1.0,1.0,nan,0,0.0,0.0,0.0,0.0,0.0,0.0,0.0,0.0,0.0,0.0,0.0,0,0,0,0,0,0,0,1,0,0,1,0,0
316632582,10.4878,10.6923,11.4204,11.3263,0.0,697.361,1.0,1.0,nan,0,0.0,0.0,0.0,0.0,0.0,0.0,0.0,0.0,0.0,0.0,0.0,0,0,0,0,0,0,0,1,0,0,1,0,0
316932599,10.8322,10.726,9.6472,10.7063,0.0,698.197,1.0,1.0,nan,0,0.0,0.0,0.0,0.0,0.0,0.0,0.0,0.0,0.0,0.0,0.0,0,0,0,0,0,0,0,1,0,0,1,0,0
317232734,10.7256,10.7162,10.9988,11.4012,0.0,699.213,1.0,1.0,nan,0,0.0,0.0,0.0,0.0,0.0,0.0,0.0,0.0,0.0,0.0,0.0,0,0,0,0,0,0,0,1,0,0,1,0,0
317523036,10.5042,10.7006,13.3424,11.9164,0.0,700.212,1.0,1.0,nan,0,0.0,0.0,0.0,0.0,0.0,0.0,0.0,0.0,0.0,0.0,0.0,0,0,0,0,0,0,0,1,0,0,1,0,0
317823610,10.3976,10.6775,12.1892,12.479,0.0,701.318,1.0,1.0,nan,0,0.0,0.0,0.0,0.0,0.0,0.0,0.0,0.0,0.0,0.0,0.0,0,0,0,0,0,0,0,1,0,0,1,0,0
318132581,10.5944,10.6939,12.4868,12.0906,0.0,702.318,1.0,1.0,nan,0,0.0,0.0,0.0,0.0,0.0,0.0,0.0,0.0,0.0,0.0,0.0,0,0,0,0,0,0,0,1,0,0,1,0,0
318422579,10.8076,10.6985,13.8508,12.03,0.0,703.281,1.0,1.0,nan,0,0.0,0.0,0.0,0.0,0.0,0.0,0.0,0.0,0.0,0.0,0.0,0,0,0,0,0,0,0,1,0,0,1,0,0
318722668,10.5206,10.6751,11.9784,11.9562,0.0,704.265,1.0,1.0,nan,0,0.0,0.0,0.0,0.0,0.0,0.0,0.0,0.0,0.0,0.0,0.0,0,0,0,0,0,0,0,1,0,0,1,0,0
319032601,10.8568,10.6708,12.6852,12.0314,0.0,705.304,1.0,1.0,nan,0,0.0,0.0,0.0,0.0,0.0,0.0,0.0,0.0,0.0,0.0,0.0,0,0,0,0,0,0,0,1,0,0,1,0,0
319332579,10.537,10.649,12.2264,12.3134,0.0,706.362,1.0,1.0,nan,0,0.0,0.0,0.0,0.0,0.0,0.0,0.0,0.0,0.0,0.0,0.0,0,0,0,0,0,0,0,1,0,0,1,0,0
319622579,10.4632,10.6486,10.2548,11.9204,0.0,707.285,1.0,1.0,nan,0,0.0,0.0,0.0,0.0,0.0,0.0,0.0,0.0,0.0,0.0,0.0,0,0,0,0,0,0,0,1,0,0,1,0,0
319922585,10.7584,10.6461,12.0032,12.2158,0.0,708.328,1.0,1.0,nan,0,0.0,0.0,0.0,0.0,0.0,0.0,0.0,0.0,0.0,0.0,0.0,0,0,0,0,0,0,0,1,0,0,1,0,0
320232579,10.0122,10.6462,12.71,12.3049,0.0,709.394,1.0,1.0,nan,0,0.0,0.0,0.0,0.0,0.0,0.0,0.0,0.0,0.0,0.0,0.0,0,0,0,0,0,0,0,1,0,0,1,0,0
320522578,10.4878,10.6451,10.8376,12.0799,0.0,710.35,1.0,1.0,nan,0,0.0,0.0,0.0,0.0,0.0,0.0,0.0,0.0,0.0,0.0,0.0,0,0,0,0,0,0,0,1,0,0,1,0,0
320822595,11.1192,10.6564,9.61,11.7952,0.0,711.314,1.0,1.0,nan,0,0.0,0.0,0.0,0.0,0.0,0.0,0.0,0.0,0.0,0.0,0.0,0,0,0,0,0,0,0,1,0,0,1,0,0
321132595,10.8568,10.6931,10.8376,10.9015,0.0,712.155,1.0,1.0,nan,0,0.0,0.0,0.0,0.0,0.0,0.0,0.0,0.0,0.0,0.0,0.0,0,0,0,0,0,0,0,1,0,0,1,0,0
321432579,10.8322,10.7019,11.5816,10.9943,0.0,713.082,1.0,1.0,nan,0,0.0,0.0,0.0,0.0,0.0,0.0,0.0,0.0,0.0,0.0,0.0,0,0,0,0,0,0,0,1,0,0,1,0,0
321722578,10.5944,10.7081,11.9412,11.0091,0.0,713.966,1.0,1.0,nan,0,0.0,0.0,0.0,0.0,0.0,0.0,0.0,0.0,0.0,0.0,0.0,0,0,0,0,0,0,0,1,0,0,1,0,0
322032584,10.0696,10.6939,10.9988,11.083,0.0,714.935,1.0,1.0,nan,0,0.0,0.0,0.0,0.0,0.0,0.0,0.0,0.0,0.0,0.0,0.0,0,0,0,0,0,0,0,1,0,0,1,0,0
322332998,10.8568,10.6549,12.2884,11.6021,0.0,715.956,1.0,1.0,nan,0,0.0,0.0,0.0,0.0,0.0,0.0,0.0,0.0,0.0,0.0,0.0,0,0,0,0,0,0,0,1,0,0,1,0,0
322622579,10.6026,10.6672,11.532,11.465,0.0,716.875,1.0,1.0,nan,0,0.0,0.0,0.0,0.0,0.0,0.0,0.0,0.0,0.0,0.0,0.0,0,0,0,0,0,0,0,1,0,0,1,0,0
322922582,10.8568,10.6802,12.6356,11.4035,0.0,717.811,1.0,1.0,nan,0,0.0,0.0,0.0,0.0,0.0,0.0,0.0,0.0,0.0,0.0,0.0,0,0,0,0,0,0,0,1,0,0,1,0,0
323232595,10.1516,10.6737,12.5736,11.7023,0.0,718.842,1.0,1.0,nan,0,0.0,0.0,0.0,0.0,0.0,0.0,0.0,0.0,0.0,0.0,0.0,0,0,0,0,0,0,0,1,0,0,1,0,0
323522578,10.6928,10.6958,10.8004,11.675,0.0,719.785,1.0,1.0,nan,0,0.0,0.0,0.0,0.0,0.0,0.0,0.0,0.0,0.0,0.0,0.0,0,0,0,0,0,0,0,1,0,0,1,0,0
323822579,10.865,10.7015,10.5152,11.3772,0.0,720.706,1.0,1.0,nan,0,0.0,0.0,0.0,0.0,0.0,0.0,0.0,0.0,0.0,0.0,0.0,0,0,0,0,0,0,0,1,0,0,1,0,0
324122578,10.7912,10.7091,11.8916,11.4356,0.0,721.665,1.0,1.0,nan,0,0.0,0.0,0.0,0.0,0.0,0.0,0.0,0.0,0.0,0.0,0.0,0,0,0,0,0,0,0,1,0,0,1,0,0
324432810,10.701,10.6948,10.7012,11.5182,0.0,722.668,1.0,1.0,nan,0,0.0,0.0,0.0,0.0,0.0,0.0,0.0,0.0,0.0,0.0,0.0,0,0,0,0,0,0,0,1,0,0,1,0,0
324732584,10.0778,10.6752,14.0244,11.8482,0.0,723.673,1.0,1.0,nan,0,0.0,0.0,0.0,0.0,0.0,0.0,0.0,0.0,0.0,0.0,0.0,0,0,0,0,0,0,0,1,0,0,1,0,0
325032826,10.5616,10.6334,12.2016,12.6713,0.0,724.82,1.0,1.0,nan,0,0.0,0.0,0.0,0.0,0.0,0.0,0.0,0.0,0.0,0.0,0.0,0,0,0,0,0,0,0,1,0,0,1,0,0
325332651,10.2008,10.6293,11.9908,12.4372,0.0,725.834,1.0,1.0,nan,0,0.0,0.0,0.0,0.0,0.0,0.0,0.0,0.0,0.0,0.0,0.0,0,0,0,0,0,0,0,1,0,0,1,0,0
325632579,11.0208,10.649,11.1104,12.0359,0.0,726.802,1.0,1.0,nan,0,0.0,0.0,0.0,0.0,0.0,0.0,0.0,0.0,0.0,0.0,0.0,0,0,0,0,0,0,0,1,0,0,1,0,0
325923953,10.9224,10.6686,11.2592,11.8701,0.0,727.745,1.0,1.0,nan,0,0.0,0.0,0.0,0.0,0.0,0.0,0.0,0.0,0.0,0.0,0.0,0,0,0,0,0,0,0,1,0,0,1,0,0
326234128,11.1848,10.6968,10.8748,11.0999,0.0,728.625,1.0,1.0,nan,0,0.0,0.0,0.0,0.0,0.0,0.0,0.0,0.0,0.0,0.0,0.0,0,0,0,0,0,0,0,1,0,0,1,0,0
326534949,10.332,10.7099,9.424,10.86,0.0,729.502,1.0,1.0,nan,0,0.0,0.0,0.0,0.0,0.0,0.0,0.0,0.0,0.0,0.0,0.0,0,0,0,0,0,0,0,1,0,0,1,0,0
326823725,10.8732,10.713,10.85,11.0584,0.0,730.412,1.0,1.0,nan,0,0.0,0.0,0.0,0.0,0.0,0.0,0.0,0.0,0.0,0.0,0.0,0,0,0,0,0,0,0,1,0,0,1,0,0
327122582,10.7256,10.7452,10.974,10.4598,0.0,731.22,1.0,1.0,nan,0,0.0,0.0,0.0,0.0,0.0,0.0,0.0,0.0,0.0,0.0,0.0,0,0,0,0,0,0,0,1,0,0,1,0,0
327432599,10.7256,10.7744,11.3212,10.1588,0.0,732.057,1.0,1.0,nan,0,0.0,0.0,0.0,0.0,0.0,0.0,0.0,0.0,0.0,0.0,0.0,0,0,0,0,0,0,0,1,0,0,1,0,0
327732579,10.3648,10.755,11.8668,10.6657,0.0,732.994,1.0,1.0,nan,0,0.0,0.0,0.0,0.0,0.0,0.0,0.0,0.0,0.0,0.0,0.0,0,0,0,0,0,0,0,1,0,0,1,0,0
328022579,10.9306,10.7265,12.6976,11.2272,0.0,733.952,1.0,1.0,nan,0,0.0,0.0,0.0,0.0,0.0,0.0,0.0,0.0,0.0,0.0,0.0,0,0,0,0,0,0,0,1,0,0,1,0,0
328322578,10.9634,10.73,12.2016,11.3038,0.0,734.905,1.0,1.0,nan,0,0.0,0.0,0.0,0.0,0.0,0.0,0.0,0.0,0.0,0.0,0.0,0,0,0,0,0,0,0,1,0,0,1,0,0
328632598,10.373,10.7189,10.5028,11.6966,0.0,735.952,1.0,1.0,nan,0,0.0,0.0,0.0,0.0,0.0,0.0,0.0,0.0,0.0,0.0,0.0,0,0,0,0,0,0,0,1,0,0,1,0,0
328922585,10.8076,10.6952,13.454,11.9265,0.0,736.931,1.0,1.0,nan,0,0.0,0.0,0.0,0.0,0.0,0.0,0.0,0.0,0.0,0.0,0.0,0,0,0,0,0,0,0,1,0,0,1,0,0
329222579,10.9962,10.6865,11.7304,12.1411,0.0,737.965,1.0,1.0,nan,0,0.0,0.0,0.0,0.0,0.0,0.0,0.0,0.0,0.0,0.0,0.0,0,0,0,0,0,0,0,1,0,0,1,0,0
329532595,10.824,10.6583,11.3956,12.2298,0.0,739.026,1.0,1.0,nan,0,0.0,0.0,0.0,0.0,0.0,0.0,0.0,0.0,0.0,0.0,0.0,0,0,0,0,0,0,0,1,0,0,1,0,0
329832579,10.6928,10.68,10.7012,11.7303,0.0,739.961,1.0,1.0,nan,0,0.0,0.0,0.0,0.0,0.0,0.0,0.0,0.0,0.0,0.0,0.0,0,0,0,0,0,0,0,1,0,0,1,0,0
330122578,10.4304,10.6972,11.6684,11.1489,0.0,740.795,1.0,1.0,nan,0,0.0,0.0,0.0,0.0,0.0,0.0,0.0,0.0,0.0,0.0,0.0,0,0,0,0,0,0,0,1,0,0,1,0,0
330422677,10.5288,10.6852,12.4992,11.413,0.0,741.77,1.0,1.0,nan,0,0.0,0.0,0.0,0.0,0.0,0.0,0.0,0.0,0.0,0.0,0.0,0,0,0,0,0,0,0,1,0,0,1,0,0
330732584,10.496,10.6815,10.1804,11.3369,0.0,742.743,1.0,1.0,nan,0,0.0,0.0,0.0,0.0,0.0,0.0,0.0,0.0,0.0,0.0,0.0,0,0,0,0,0,0,0,1,0,0,1,0,0
331022649,10.5862,10.6878,10.85,11.0556,0.0,743.601,1.0,1.0,nan,0,0.0,0.0,0.0,0.0,0.0,0.0,0.0,0.0,0.0,0.0,0.0,0,0,0,0,0,0,0,1,0,0,1,0,0
331322951,10.4386,10.6985,10.1556,10.7848,0.0,744.48,1.0,1.0,nan,0,0.0,0.0,0.0,0.0,0.0,0.0,0.0,0.0,0.0,0.0,0.0,0,0,0,0,0,0,0,1,0,0,1,0,0
331632599,10.619,10.7215,12.3132,10.761,0.0,745.393,1.0,1.0,nan,0,0.0,0.0,0.0,0.0,0.0,0.0,0.0,0.0,0.0,0.0,0.0,0,0,0,0,0,0,0,1,0,0,1,0,0
331922578,10.3648,10.7018,11.7428,11.2428,0.0,746.349,1.0,1.0,nan,0,0.0,0.0,0.0,0.0,0.0,0.0,0.0,0.0,0.0,0.0,0.0,0,0,0,0,0,0,0,1,0,0,1,0,0
332222578,10.4878,10.6992,11.5444,11.0955,0.0,747.263,1.0,1.0,nan,0,0.0,0.0,0.0,0.0,0.0,0.0,0.0,0.0,0.0,0.0,0.0,0,0,0,0,0,0,0,1,0,0,1,0,0
332522578,10.66,10.7045,11.2468,10.9966,0.0,748.166,1.0,1.0,nan,0,0.0,0.0,0.0,0.0,0.0,0.0,0.0,0.0,0.0,0.0,0.0,0,0,0,0,0,0,0,1,0,0,1,0,0
332822595,10.8158,10.699,10.8128,11.1244,0.0,749.107,1.0,1.0,nan,0,0.0,0.0,0.0,0.0,0.0,0.0,0.0,0.0,0.0,0.0,0.0,0,0,0,0,0,0,0,1,0,0,1,0,0
333132582,10.4632,10.706,10.6392,11.2034,0.0,750.085,1.0,1.0,nan,0,0.0,0.0,0.0,0.0,0.0,0.0,0.0,0.0,0.0,0.0,0.0,0,0,0,0,0,0,0,1,0,0,1,0,0
333422617,9.9466,10.7127,12.8712,11.0672,0.0,750.956,1.0,1.0,nan,0,0.0,0.0,0.0,0.0,0.0,0.0,0.0,0.0,0.0,0.0,0.0,0,0,0,0,0,0,0,1,0,0,1,0,0
333732595,10.291,10.69,12.896,11.63,0.0,752.013,1.0,1.0,nan,0,0.0,0.0,0.0,0.0,0.0,0.0,0.0,0.0,0.0,0.0,0.0,0,0,0,0,0,0,0,1,0,0,1,0,0
334032579,10.7584,10.6725,12.5116,11.8052,0.0,753.021,1.0,1.0,nan,0,0.0,0.0,0.0,0.0,0.0,0.0,0.0,0.0,0.0,0.0,0.0,0,0,0,0,0,0,0,1,0,0,1,0,0
334333280,10.6272,10.6586,12.5364,11.8924,0.0,754.022,1.0,1.0,nan,0,0.0,0.0,0.0,0.0,0.0,0.0,0.0,0.0,0.0,0.0,0.0,0,0,0,0,0,0,0,1,0,0,1,0,0
334633593,10.7584,10.6625,12.9704,11.6519,0.0,754.963,1.0,1.0,nan,0,0.0,0.0,0.0,0.0,0.0,0.0,0.0,0.0,0.0,0.0,0.0,0,0,0,0,0,0,0,1,0,0,1,0,0
334934361,10.8158,10.6726,12.4744,11.7332,0.0,755.949,1.0,1.0,nan,0,0.0,0.0,0.0,0.0,0.0,0.0,0.0,0.0,0.0,0.0,0.0,0,0,0,0,0,0,0,1,0,0,1,0,0
335224196,10.537,10.653,11.1972,12.055,0.0,756.953,1.0,1.0,nan,0,0.0,0.0,0.0,0.0,0.0,0.0,0.0,0.0,0.0,0.0,0.0,0,0,0,0,0,0,0,1,0,0,1,0,0
335524575,10.3402,10.6426,12.2016,12.022,0.0,757.957,1.0,1.0,nan,0,0.0,0.0,0.0,0.0,0.0,0.0,0.0,0.0,0.0,0.0,0.0,0,0,0,0,0,0,0,1,0,0,1,0,0
335833639,10.5042,10.6554,11.2096,11.6445,0.0,758.921,1.0,1.0,nan,0,0.0,0.0,0.0,0.0,0.0,0.0,0.0,0.0,0.0,0.0,0.0,0,0,0,0,0,0,0,1,0,0,1,0,0
336132578,10.4058,10.6805,9.6844,11.024,0.0,759.782,1.0,1.0,nan,0,0.0,0.0,0.0,0.0,0.0,0.0,0.0,0.0,0.0,0.0,0.0,0,0,0,0,0,0,0,1,0,0,1,0,0
336422579,10.6682,10.7226,10.2052,10.313,0.0,760.537,1.0,1.0,nan,0,0.0,0.0,0.0,0.0,0.0,0.0,0.0,0.0,0.0,0.0,0.0,0,0,0,0,0,0,0,1,0,0,1,0,0
336722578,10.6682,10.7386,10.7632,10.394,0.0,761.406,1.0,1.0,nan,0,0.0,0.0,0.0,0.0,0.0,0.0,0.0,0.0,0.0,0.0,0.0,0,0,0,0,0,0,0,1,0,0,1,0,0
337032578,10.7912,10.6904,12.4868,11.1753,0.0,762.448,1.0,1.0,nan,0,0.0,0.0,0.0,0.0,0.0,0.0,0.0,0.0,0.0,0.0,0.0,0,0,0,0,0,0,0,1,0,0,1,0,0
337322578,10.8814,10.6743,11.2096,11.6445,0.0,763.439,1.0,1.0,nan,0,0.0,0.0,0.0,0.0,0.0,0.0,0.0,0.0,0.0,0.0,0.0,0,0,0,0,0,0,0,1,0,0,1,0,0
337622581,10.6026,10.6778,12.6604,11.643,0.0,764.407,1.0,1.0,nan,0,0.0,0.0,0.0,0.0,0.0,0.0,0.0,0.0,0.0,0.0,0.0,0,0,0,0,0,0,0,1,0,0,1,0,0
337932646,10.7666,10.6824,11.4452,11.8021,0.0,765.445,1.0,1.0,nan,0,0.0,0.0,0.0,0.0,0.0,0.0,0.0,0.0,0.0,0.0,0.0,0,0,0,0,0,0,0,1,0,0,1,0,0
338232581,10.9306,10.6663,11.4576,11.7827,0.0,766.423,1.0,1.0,nan,0,0.0,0.0,0.0,0.0,0.0,0.0,0.0,0.0,0.0,0.0,0.0,0,0,0,0,0,0,0,1,0,0,1,0,0
338522582,10.7912,10.6675,11.8544,11.9768,0.0,767.409,1.0,1.0,nan,0,0.0,0.0,0.0,0.0,0.0,0.0,0.0,0.0,0.0,0.0,0.0,0,0,0,0,0,0,0,1,0,0,1,0,0
338822578,10.7584,10.6668,11.036,11.7089,0.0,768.363,1.0,1.0,nan,0,0.0,0.0,0.0,0.0,0.0,0.0,0.0,0.0,0.0,0.0,0.0,0,0,0,0,0,0,0,1,0,0,1,0,0
339132621,10.9962,10.6865,11.3708,11.1675,0.0,769.27,1.0,1.0,nan,0,0.0,0.0,0.0,0.0,0.0,0.0,0.0,0.0,0.0,0.0,0.0,0,0,0,0,0,0,0,1,0,0,1,0,0
339422578,10.4632,10.6834,10.4656,11.2592,0.0,770.181,1.0,1.0,nan,0,0.0,0.0,0.0,0.0,0.0,0.0,0.0,0.0,0.0,0.0,0.0,0,0,0,0,0,0,0,1,0,0,1,0,0
339722591,10.4222,10.6477,12.338,11.7967,0.0,771.215,1.0,1.0,nan,0,0.0,0.0,0.0,0.0,0.0,0.0,0.0,0.0,0.0,0.0,0.0,0,0,0,0,0,0,0,1,0,0,1,0,0
340032674,10.7256,10.6369,9.3744,11.7667,0.0,772.235,1.0,1.0,nan,0,0.0,0.0,0.0,0.0,0.0,0.0,0.0,0.0,0.0,0.0,0.0,0,0,0,0,0,0,0,1,0,0,1,0,0
340322971,10.5944,10.6609,10.106,11.2061,0.0,773.084,1.0,1.0,nan,0,0.0,0.0,0.0,0.0,0.0,0.0,0.0,0.0,0.0,0.0,0.0,0,0,0,0,0,0,0,1,0,0,1,0,0
340622580,10.6518,10.7015,10.4532,10.5701,0.0,773.899,1.0,1.0,nan,0,0.0,0.0,0.0,0.0,0.0,0.0,0.0,0.0,0.0,0.0,0.0,0,0,0,0,0,0,0,1,0,0,1,0,0
340922579,10.332,10.7102,11.0112,10.6018,0.0,774.785,1.0,1.0,nan,0,0.0,0.0,0.0,0.0,0.0,0.0,0.0,0.0,0.0,0.0,0.0,0,0,0,0,0,0,0,1,0,0,1,0,0
341232578,10.988,10.6897,11.4576,11.2634,0.0,775.824,1.0,1.0,nan,0,0.0,0.0,0.0,0.0,0.0,0.0,0.0,0.0,0.0,0.0,0.0,0,0,0,0,0,0,0,1,0,0,1,0,0
341522579,10.8076,10.6752,11.3832,11.5004,0.0,776.774,1.0,1.0,nan,0,0.0,0.0,0.0,0.0,0.0,0.0,0.0,0.0,0.0,0.0,0.0,0,0,0,0,0,0,0,1,0,0,1,0,0
341822580,9.9548,10.6721,13.6648,11.5275,0.0,777.743,1.0,1.0,nan,0,0.0,0.0,0.0,0.0,0.0,0.0,0.0,0.0,0.0,0.0,0.0,0,0,0,0,0,0,0,1,0,0,1,0,0
342132601,10.3976,10.6487,12.1396,11.9794,0.0,778.826,1.0,1.0,nan,0,0.0,0.0,0.0,0.0,0.0,0.0,0.0,0.0,0.0,0.0,0.0,0,0,0,0,0,0,0,1,0,0,1,0,0
342432662,10.7912,10.6275,10.4532,12.1055,0.0,779.851,1.0,1.0,nan,0,0.0,0.0,0.0,0.0,0.0,0.0,0.0,0.0,0.0,0.0,0.0,0,0,0,0,0,0,0,1,0,0,1,0,0
342732584,10.8978,10.6548,9.8208,11.3594,0.0,780.72,1.0,1.0,nan,0,0.0,0.0,0.0,0.0,0.0,0.0,0.0,0.0,0.0,0.0,0.0,0,0,0,0,0,0,0,1,0,0,1,0,0
343023036,10.6682,10.6676,11.3088,11.3256,0.0,781.628,1.0,1.0,nan,0,0.0,0.0,0.0,0.0,0.0,0.0,0.0,0.0,0.0,0.0,0.0,0,0,0,0,0,0,0,1,0,0,1,0,0
343332583,10.5698,10.661,11.7924,11.5424,0.0,782.634,1.0,1.0,nan,0,0.0,0.0,0.0,0.0,0.0,0.0,0.0,0.0,0.0,0.0,0.0,0,0,0,0,0,0,0,1,0,0,1,0,0
343624074,10.3976,10.6378,11.2964,11.7188,0.0,783.603,1.0,1.0,nan,0,0.0,0.0,0.0,0.0,0.0,0.0,0.0,0.0,0.0,0.0,0.0,0,0,0,0,0,0,0,1,0,0,1,0,0
343933867,10.8978,10.6332,10.6268,12.0738,0.0,784.686,1.0,1.0,nan,0,0.0,0.0,0.0,0.0,0.0,0.0,0.0,0.0,0.0,0.0,0.0,0,0,0,0,0,0,0,1,0,0,1,0,0
344234704,10.7584,10.6552,11.5444,11.565,0.0,785.595,1.0,1.0,nan,0,0.0,0.0,0.0,0.0,0.0,0.0,0.0,0.0,0.0,0.0,0.0,0,0,0,0,0,0,0,1,0,0,1,0,0
344534665,10.5616,10.6602,10.3044,11.6105,0.0,786.575,1.0,1.0,nan,0,0.0,0.0,0.0,0.0,0.0,0.0,0.0,0.0,0.0,0.0,0.0,0,0,0,0,0,0,0,1,0,0,1,0,0
344825021,10.5288,10.6494,11.1848,11.7113,0.0,787.531,1.0,1.0,nan,0,0.0,0.0,0.0,0.0,0.0,0.0,0.0,0.0,0.0,0.0,0.0,0,0,0,0,0,0,0,1,0,0,1,0,0
345122578,10.7994,10.6484,11.2716,11.5487,0.0,788.47,1.0,1.0,nan,0,0.0,0.0,0.0,0.0,0.0,0.0,0.0,0.0,0.0,0.0,0.0,0,0,0,0,0,0,0,1,0,0,1,0,0
345432583,10.5944,10.6546,12.214,11.2661,0.0,789.412,1.0,1.0,nan,0,0.0,0.0,0.0,0.0,0.0,0.0,0.0,0.0,0.0,0.0,0.0,0,0,0,0,0,0,0,1,0,0,1,0,0
345722578,10.8158,10.673,9.8332,10.8976,0.0,790.255,1.0,1.0,nan,0,0.0,0.0,0.0,0.0,0.0,0.0,0.0,0.0,0.0,0.0,0.0,0,0,0,0,0,0,0,1,0,0,1,0,0
346022578,10.6272,10.6638,12.462,10.838,0.0,791.148,1.0,1.0,nan,0,0.0,0.0,0.0,0.0,0.0,0.0,0.0,0.0,0.0,0.0,0.0,0,0,0,0,0,0,0,1,0,0,1,0,0
346332597,10.7256,10.6688,11.6932,11.2915,0.0,792.175,1.0,1.0,nan,0,0.0,0.0,0.0,0.0,0.0,0.0,0.0,0.0,0.0,0.0,0.0,0,0,0,0,0,0,0,1,0,0,1,0,0
346632579,10.5944,10.6712,11.0732,11.3022,0.0,793.118,1.0,1.0,nan,0,0.0,0.0,0.0,0.0,0.0,0.0,0.0,0.0,0.0,0.0,0.0,0,0,0,0,0,0,0,1,0,0,1,0,0
346922638,10.8322,10.6635,10.3664,11.175,0.0,794.004,1.0,1.0,nan,0,0.0,0.0,0.0,0.0,0.0,0.0,0.0,0.0,0.0,0.0,0.0,0,0,0,0,0,0,0,1,0,0,1,0,0
347222584,10.5534,10.6914,11.3088,10.8599,0.0,794.871,1.0,1.0,nan,0,0.0,0.0,0.0,0.0,0.0,0.0,0.0,0.0,0.0,0.0,0.0,0,0,0,0,0,0,0,1,0,0,1,0,0
347532579,10.7256,10.6715,11.1352,11.2831,0.0,795.886,1.0,1.0,nan,0,0.0,0.0,0.0,0.0,0.0,0.0,0.0,0.0,0.0,0.0,0.0,0,0,0,0,0,0,0,1,0,0,1,0,0
347822578,10.8978,10.6869,11.3584,11.1743,0.0,796.776,1.0,1.0,nan,0,0.0,0.0,0.0,0.0,0.0,0.0,0.0,0.0,0.0,0.0,0.0,0,0,0,0,0,0,0,1,0,0,1,0,0
348122581,10.6928,10.6829,10.106,11.1833,0.0,797.713,1.0,1.0,nan,0,0.0,0.0,0.0,0.0,0.0,0.0,0.0,0.0,0.0,0.0,0.0,0,0,0,0,0,0,0,1,0,0,1,0,0
348432595,10.2992,10.6779,10.2796,11.3057,0.0,798.7,1.0,1.0,nan,0,0.0,0.0,0.0,0.0,0.0,0.0,0.0,0.0,0.0,0.0,0.0,0,0,0,0,0,0,0,1,0,0,1,0,0
348732578,10.7666,10.6954,7.6508,10.915,0.0,799.584,1.0,1.0,nan,0,0.0,0.0,0.0,0.0,0.0,0.0,0.0,0.0,0.0,0.0,0.0,0,0,0,0,0,0,0,1,0,0,1,0,0
349022659,11.3816,10.8331,1.4756,7.76342,0.0,799.913,1.0,1.0,nan,0,0.0,0.0,0.0,0.0,0.0,0.0,0.0,0.0,0.0,0.0,0.0,0,0,0,0,0,0,0,1,0,0,1,0,0
349322983,11.5128,10.9901,1.7236,5.02164,0.0,800.049,1.0,1.0,nan,0,0.0,0.0,0.0,0.0,0.0,0.0,0.0,0.0,0.0,0.0,0.0,0,0,0,0,0,0,0,1,0,0,1,0,0
349622595,11.2258,11.0993,1.6864,3.57436,0.0,800.197,1.0,1.0,nan,0,0.0,0.0,0.0,0.0,0.0,0.0,0.0,0.0,0.0,0.0,0.0,0,0,0,0,0,0,0,1,0,0,1,0,0
349922581,11.4882,11.1876,1.9096,2.82502,0.0,800.356,1.0,1.0,nan,0,0.0,0.0,0.0,0.0,0.0,0.0,0.0,0.0,0.0,0.0,0.0,0,0,0,0,0,0,0,1,0,0,1,0,0
350222582,11.3816,11.2448,1.922,2.40903,0.0,800.514,1.0,1.0,nan,0,0.0,0.0,0.0,0.0,0.0,0.0,0.0,0.0,0.0,0.0,0.0,0,0,0,0,0,0,0,1,0,0,1,0,0
350532595,11.3898,11.2953,1.984,2.18115,0.0,800.679,1.0,1.0,nan,0,0.0,0.0,0.0,0.0,0.0,0.0,0.0,0.0,0.0,0.0,0.0,0,0,0,0,0,0,0,1,0,0,1,0,0
350822581,11.4226,11.3269,1.922,2.07779,0.0,800.835,1.0,1.0,nan,0,0.0,0.0,0.0,0.0,0.0,0.0,0.0,0.0,0.0,0.0,0.0,0,0,0,0,0,0,0,1,0,0,1,0,0
351122579,11.48,11.3547,2.0088,2.0028,0.0,800.994,1.0,1.0,nan,0,0.0,0.0,0.0,0.0,0.0,0.0,0.0,0.0,0.0,0.0,0.0,0,0,0,0,0,0,0,1,0,0,1,0,0
351422665,11.6768,11.4043,0.0,1.32063,0.0,801.043,1.0,1.0,nan,0,0.0,0.0,0.0,0.0,0.0,0.0,0.0,0.0,0.0,0.0,0.0,0,0,0,0,0,0,0,1,0,0,1,0,0
351732581,11.5456,11.4595,0.0,0.720824,0.0,801.044,1.0,1.0,nan,0,0.0,0.0,0.0,0.0,0.0,0.0,0.0,0.0,0.0,0.0,0.0,0,0,0,0,0,0,0,1,0,0,1,0,0
352022579,11.7096,11.5026,0.0,0.411306,0.0,801.045,1.0,1.0,nan,0,0.0,0.0,0.0,0.0,0.0,0.0,0.0,0.0,0.0,0.0,0.0,0,0,0,0,0,0,0,1,0,0,1,0,0
