timestamp,nav_state_timestamp,onboard_control_sensors_present,onboard_control_sensors_enabled,onboard_control_sensors_health,nav_state,arming_state,hil_state,failsafe,system_type,system_id,component_id,vehicle_type,is_vtol,is_vtol_tailsitter,vtol_fw_permanent_stab,in_transition_mode,in_transition_to_fw,rc_signal_lost,rc_input_mode,data_link_lost,data_link_lost_counter,high_latency_data_link_lost,engine_failure,mission_failure,failure_detector_status,latest_arming_reason,latest_disarming_reason
29853928,1358071,305070127,304152591,305070127,0,2,0,0,2,1,1,1,0,0,0,0,0,0,0,1,0,0,0,0,0,1,0
30356043,1358071,305070127,304152591,305070127,0,2,0,0,2,1,1,1,0,0,0,0,0,0,0,1,0,0,0,0,0,1,0
30864066,1358071,305070127,304152591,305070127,0,2,0,0,2,1,1,1,0,0,0,0,0,0,0,1,0,0,0,0,0,1,0
31371965,1358071,305070127,304152591,305070127,0,2,0,0,2,1,1,1,0,0,0,0,0,0,0,1,0,0,0,0,0,1,0
31879516,1358071,305070127,304152591,305070127,0,2,0,0,2,1,1,1,0,0,0,0,0,0,0,1,0,0,0,0,0,1,0
32386064,1358071,305070127,304152591,305070127,0,2,0,0,2,1,1,1,0,0,0,0,0,0,0,1,0,0,0,0,0,1,0
32893103,1358071,305070127,304152591,305070127,0,2,0,0,2,1,1,1,0,0,0,0,0,0,0,1,0,0,0,0,0,1,0
33400965,1358071,305070127,304152591,305070127,0,2,0,0,2,1,1,1,0,0,0,0,0,0,0,1,0,0,0,0,0,1,0
33907995,1358071,305070127,304152591,305070127,0,2,0,0,2,1,1,1,0,0,0,0,0,0,0,1,0,0,0,0,0,1,0
34415176,1358071,305070127,304152591,305070127,0,2,0,0,2,1,1,1,0,0,0,0,0,0,0,1,0,0,0,0,0,1,0
34923121,1358071,305070127,304152591,305070127,0,2,0,0,2,1,1,1,0,0,0,0,0,0,0,1,0,0,0,0,0,1,0
35428998,1358071,305070127,304152591,305070127,0,2,0,0,2,1,1,1,0,0,0,0,0,0,0,1,0,0,0,0,0,1,0
35937995,1358071,305070127,304152591,305070127,0,2,0,0,2,1,1,1,0,0,0,0,0,0,0,1,0,0,0,0,0,1,0
36445209,1358071,305070127,304152591,305070127,0,2,0,0,2,1,1,1,0,0,0,0,0,0,0,1,0,0,0,0,0,1,0
36953199,1358071,305070127,304152591,305070127,0,2,0,0,2,1,1,1,0,0,0,0,0,0,0,1,0,0,0,0,0,1,0
37459000,1358071,305070127,304152591,305070127,0,2,0,0,2,1,1,1,0,0,0,0,0,0,0,1,0,0,0,0,0,1,0
37967001,1358071,305070127,304152591,305070127,0,2,0,0,2,1,1,1,0,0,0,0,0,0,0,1,0,0,0,0,0,1,0
38475138,1358071,305070127,304152591,305070127,0,2,0,0,2,1,1,1,0,0,0,0,0,0,0,1,0,0,0,0,0,1,0
38982972,1358071,305070127,304152591,305070127,0,2,0,0,2,1,1,1,0,0,0,0,0,0,0,1,0,0,0,0,0,1,0
39489968,1358071,305070127,304152591,305070127,0,2,0,0,2,1,1,1,0,0,0,0,0,0,0,1,0,0,0,0,0,1,0
39999335,1358071,305070127,304152591,305070127,0,2,0,0,2,1,1,1,0,0,0,0,0,0,0,1,0,0,0,0,0,1,0
40506522,1358071,305070127,304152591,305070127,0,2,0,0,2,1,1,1,0,0,0,0,0,0,0,1,0,0,0,0,0,1,0
41013199,1358071,305070127,304152591,305070127,0,2,0,0,2,1,1,1,0,0,0,0,0,0,0,1,0,0,0,0,0,1,0
41521019,1358071,305070127,304152591,305070127,0,2,0,0,2,1,1,1,0,0,0,0,0,0,0,1,0,0,0,0,0,1,0
42026965,1358071,305070127,304152591,305070127,0,2,0,0,2,1,1,1,0,0,0,0,0,0,0,1,0,0,0,0,0,1,0
42535967,1358071,305070127,304152591,305070127,0,2,0,0,2,1,1,1,0,0,0,0,0,0,0,1,0,0,0,0,0,1,0
43042978,1358071,305070127,304152591,305070127,0,2,0,0,2,1,1,1,0,0,0,0,0,0,0,1,0,0,0,0,0,1,0
43550047,1358071,305070127,304152591,305070127,0,2,0,0,2,1,1,1,0,0,0,0,0,0,0,1,0,0,0,0,0,1,0
44060046,1358071,305070127,304152591,305070127,0,2,0,0,2,1,1,1,0,0,0,0,0,0,0,1,0,0,0,0,0,1,0
44567001,1358071,305070127,304152591,305070127,0,2,0,0,2,1,1,1,0,0,0,0,0,0,0,1,0,0,0,0,0,1,0
45076404,1358071,305070127,304152591,305070127,0,2,0,0,2,1,1,1,0,0,0,0,0,0,0,1,0,0,0,0,0,1,0
45583395,1358071,305070127,304152591,305070127,0,2,0,0,2,1,1,1,0,0,0,0,0,0,0,1,0,0,0,0,0,1,0
46091091,1358071,305070127,304152591,305070127,0,2,0,0,2,1,1,1,0,0,0,0,0,0,0,1,0,0,0,0,0,1,0
46600219,1358071,305070127,304152591,305070127,0,2,0,0,2,1,1,1,0,0,0,0,0,0,0,1,0,0,0,0,0,1,0
47105966,1358071,305070127,304152591,305070127,0,2,0,0,2,1,1,1,0,0,0,0,0,0,0,1,0,0,0,0,0,1,0
47613476,1358071,305070127,304152591,305070127,0,2,0,0,2,1,1,1,0,0,0,0,0,0,0,1,0,0,0,0,0,1,0
48121056,1358071,305070127,304152591,305070127,0,2,0,0,2,1,1,1,0,0,0,0,0,0,0,1,0,0,0,0,0,1,0
48629058,1358071,305070127,304152591,305070127,0,2,0,0,2,1,1,1,0,0,0,0,0,0,0,1,0,0,0,0,0,1,0
49136207,1358071,305070127,304152591,305070127,0,2,0,0,2,1,1,1,0,0,0,0,0,0,0,1,0,0,0,0,0,1,0
49643968,1358071,305070127,304152591,305070127,0,2,0,0,2,1,1,1,0,0,0,0,0,0,0,1,0,0,0,0,0,1,0
50150113,1358071,305070127,304152591,305070127,0,2,0,0,2,1,1,1,0,0,0,0,0,0,0,1,0,0,0,0,0,1,0
50658645,1358071,305070127,304152591,305070127,0,2,0,0,2,1,1,1,0,0,0,0,0,0,0,1,0,0,0,0,0,1,0
51167038,1358071,305070127,304152591,305070127,0,2,0,0,2,1,1,1,0,0,0,0,0,0,0,1,0,0,0,0,0,1,0
51673965,1358071,305070127,304152591,305070127,0,2,0,0,2,1,1,1,0,0,0,0,0,0,0,1,0,0,0,0,0,1,0
52181974,1358071,305070127,304152591,305070127,0,2,0,0,2,1,1,1,0,0,0,0,0,0,0,1,0,0,0,0,0,1,0
52690971,1358071,305070127,304152591,305070127,0,2,0,0,2,1,1,1,0,0,0,0,0,0,0,1,0,0,0,0,0,1,0
53198969,1358071,305070127,304152591,305070127,0,2,0,0,2,1,1,1,0,0,0,0,0,0,0,1,0,0,0,0,0,1,0
53705992,1358071,305070127,304152591,305070127,0,2,0,0,2,1,1,1,0,0,0,0,0,0,0,1,0,0,0,0,0,1,0
54213170,1358071,305070127,304152591,305070127,0,2,0,0,2,1,1,1,0,0,0,0,0,0,0,1,0,0,0,0,0,1,0
54721215,1358071,305070127,304152591,305070127,0,2,0,0,2,1,1,1,0,0,0,0,0,0,0,1,0,0,0,0,0,1,0
55228217,1358071,305070127,304152591,305070127,0,2,0,0,2,1,1,1,0,0,0,0,0,0,0,1,0,0,0,0,0,1,0
55736014,1358071,305070127,304152591,305070127,0,2,0,0,2,1,1,1,0,0,0,0,0,0,0,1,0,0,0,0,0,1,0
56243967,1358071,305070127,304152591,305070127,0,2,0,0,2,1,1,1,0,0,0,0,0,0,0,1,0,0,0,0,0,1,0
56751324,1358071,305070127,304152591,305070127,0,2,0,0,2,1,1,1,0,0,0,0,0,0,0,1,0,0,0,0,0,1,0
57259452,1358071,305070127,304152591,305070127,0,2,0,0,2,1,1,1,0,0,0,0,0,0,0,1,0,0,0,0,0,1,0
57767096,1358071,305070127,304152591,305070127,0,2,0,0,2,1,1,1,0,0,0,0,0,0,0,1,0,0,0,0,0,1,0
58274965,1358071,305070127,304152591,305070127,0,2,0,0,2,1,1,1,0,0,0,0,0,0,0,1,0,0,0,0,0,1,0
58782966,1358071,305070127,304152591,305070127,0,2,0,0,2,1,1,1,0,0,0,0,0,0,0,1,0,0,0,0,0,1,0
59291011,1358071,305070127,304152591,305070127,0,2,0,0,2,1,1,1,0,0,0,0,0,0,0,1,0,0,0,0,0,1,0
59800222,1358071,305070127,304152591,305070127,0,2,0,0,2,1,1,1,0,0,0,0,0,0,0,1,0,0,0,0,0,1,0
60307028,1358071,305070127,304152591,305070127,0,2,0,0,2,1,1,1,0,0,0,0,0,0,0,1,0,0,0,0,0,1,0
60814021,1358071,305070127,304152591,305070127,0,2,0,0,2,1,1,1,0,0,0,0,0,0,0,1,0,0,0,0,0,1,0
61322109,1358071,305070127,304152591,305070127,0,2,0,0,2,1,1,1,0,0,0,0,0,0,0,1,0,0,0,0,0,1,0
61830224,1358071,305070127,304152591,305070127,0,2,0,0,2,1,1,1,0,0,0,0,0,0,0,1,0,0,0,0,0,1,0
62337968,1358071,305070127,304152591,305070127,0,2,0,0,2,1,1,1,0,0,0,0,0,0,0,1,0,0,0,0,0,1,0
62844133,1358071,305070127,304152591,305070127,0,2,0,0,2,1,1,1,0,0,0,0,0,0,0,1,0,0,0,0,0,1,0
63352195,1358071,305070127,304152591,305070127,0,2,0,0,2,1,1,1,0,0,0,0,0,0,0,1,0,0,0,0,0,1,0
63860450,1358071,305070127,304152591,305070127,0,2,0,0,2,1,1,1,0,0,0,0,0,0,0,1,0,0,0,0,0,1,0
64367900,1358071,305070127,304152591,305070127,0,2,0,0,2,1,1,1,0,0,0,0,0,0,0,1,0,0,0,0,0,1,0
64875170,1358071,305070127,304152591,305070127,0,2,0,0,2,1,1,1,0,0,0,0,0,0,0,1,0,0,0,0,0,1,0
65381972,1358071,305070127,304152591,305070127,0,2,0,0,2,1,1,1,0,0,0,0,0,0,0,1,0,0,0,0,0,1,0
65888967,1358071,305070127,304152591,305070127,0,2,0,0,2,1,1,1,0,0,0,0,0,0,0,1,0,0,0,0,0,1,0
66396968,1358071,305070127,304152591,305070127,0,2,0,0,2,1,1,1,0,0,0,0,0,0,0,1,0,0,0,0,0,1,0
66904034,1358071,305070127,304152591,305070127,0,2,0,0,2,1,1,1,0,0,0,0,0,0,0,1,0,0,0,0,0,1,0
67413971,1358071,305070127,304152591,305070127,0,2,0,0,2,1,1,1,0,0,0,0,0,0,0,1,0,0,0,0,0,1,0
67922049,1358071,305070127,304152591,305070127,0,2,0,0,2,1,1,1,0,0,0,0,0,0,0,1,0,0,0,0,0,1,0
68429964,1358071,305070127,304152591,305070127,0,2,0,0,2,1,1,1,0,0,0,0,0,0,0,1,0,0,0,0,0,1,0
68938044,1358071,305070127,304152591,305070127,0,2,0,0,2,1,1,1,0,0,0,0,0,0,0,1,0,0,0,0,0,1,0
69445066,1358071,305070127,304152591,305070127,0,2,0,0,2,1,1,1,0,0,0,0,0,0,0,1,0,0,0,0,0,1,0
69952062,1358071,305070127,304152591,305070127,0,2,0,0,2,1,1,1,0,0,0,0,0,0,0,1,0,0,0,0,0,1,0
70461445,1358071,305070127,304152591,305070127,0,2,0,0,2,1,1,1,0,0,0,0,0,0,0,1,0,0,0,0,0,1,0
70966970,1358071,305070127,304152591,305070127,0,2,0,0,2,1,1,1,0,0,0,0,0,0,0,1,0,0,0,0,0,1,0
71474525,1358071,305070127,304152591,305070127,0,2,0,0,2,1,1,1,0,0,0,0,0,0,0,1,0,0,0,0,0,1,0
71981121,1358071,305070127,304152591,305070127,0,2,0,0,2,1,1,1,0,0,0,0,0,0,0,1,0,0,0,0,0,1,0
72489036,1358071,305070127,304152591,305070127,0,2,0,0,2,1,1,1,0,0,0,0,0,0,0,1,0,0,0,0,0,1,0
72996112,1358071,305070127,304152591,305070127,0,2,0,0,2,1,1,1,0,0,0,0,0,0,0,1,0,0,0,0,0,1,0
73504024,1358071,305070127,304152591,305070127,0,2,0,0,2,1,1,1,0,0,0,0,0,0,0,1,0,0,0,0,0,1,0
74011967,1358071,305070127,304152591,305070127,0,2,0,0,2,1,1,1,0,0,0,0,0,0,0,1,0,0,0,0,0,1,0
74520092,1358071,305070127,304152591,305070127,0,2,0,0,2,1,1,1,0,0,0,0,0,0,0,1,0,0,0,0,0,1,0
75026408,1358071,305070127,304152591,305070127,0,2,0,0,2,1,1,1,0,0,0,0,0,0,0,1,0,0,0,0,0,1,0
75533012,1358071,305070127,304152591,305070127,0,2,0,0,2,1,1,1,0,0,0,0,0,0,0,1,0,0,0,0,0,1,0
76039764,1358071,305070127,304152591,305070127,0,2,0,0,2,1,1,1,0,0,0,0,0,0,0,1,0,0,0,0,0,1,0
76548029,1358071,305070127,304152591,305070127,0,2,0,0,2,1,1,1,0,0,0,0,0,0,0,1,0,0,0,0,0,1,0
77053967,1358071,305070127,304152591,305070127,0,2,0,0,2,1,1,1,0,0,0,0,0,0,0,1,0,0,0,0,0,1,0
77561971,1358071,305070127,304152591,305070127,0,2,0,0,2,1,1,1,0,0,0,0,0,0,0,1,0,0,0,0,0,1,0
78070967,1358071,305070127,304152591,305070127,0,2,0,0,2,1,1,1,0,0,0,0,0,0,0,1,0,0,0,0,0,1,0
78578131,1358071,305070127,304152591,305070127,0,2,0,0,2,1,1,1,0,0,0,0,0,0,0,1,0,0,0,0,0,1,0
79085980,1358071,305070127,304152591,305070127,0,2,0,0,2,1,1,1,0,0,0,0,0,0,0,1,0,0,0,0,0,1,0
79593117,1358071,305070127,304152591,305070127,0,2,0,0,2,1,1,1,0,0,0,0,0,0,0,1,0,0,0,0,0,1,0
80100146,1358071,305070127,304152591,305070127,0,2,0,0,2,1,1,1,0,0,0,0,0,0,0,1,0,0,0,0,0,1,0
80607256,1358071,305070127,304152591,305070127,0,2,0,0,2,1,1,1,0,0,0,0,0,0,0,1,0,0,0,0,0,1,0
81114044,1358071,305070127,304152591,305070127,0,2,0,0,2,1,1,1,0,0,0,0,0,0,0,1,0,0,0,0,0,1,0
81622022,1358071,305070127,304152591,305070127,0,2,0,0,2,1,1,1,0,0,0,0,0,0,0,1,0,0,0,0,0,1,0
82129040,1358071,305070127,304152591,305070127,0,2,0,0,2,1,1,1,0,0,0,0,0,0,0,1,0,0,0,0,0,1,0
82636171,1358071,305070127,304152591,305070127,0,2,0,0,2,1,1,1,0,0,0,0,0,0,0,1,0,0,0,0,0,1,0
83145329,1358071,305070127,304152591,305070127,0,2,0,0,2,1,1,1,0,0,0,0,0,0,0,1,0,0,0,0,0,1,0
83653848,1358071,305070127,304152591,305070127,0,2,0,0,2,1,1,1,0,0,0,0,0,0,0,1,0,0,0,0,0,1,0
84163031,1358071,305070127,304152591,305070127,0,2,0,0,2,1,1,1,0,0,0,0,0,0,0,1,0,0,0,0,0,1,0
84670965,1358071,305070127,304152591,305070127,0,2,0,0,2,1,1,1,0,0,0,0,0,0,0,1,0,0,0,0,0,1,0
85179142,1358071,305070127,304152591,305070127,0,2,0,0,2,1,1,1,0,0,0,0,0,0,0,1,0,0,0,0,0,1,0
85686969,1358071,305070127,304152591,305070127,0,2,0,0,2,1,1,1,0,0,0,0,0,0,0,1,0,0,0,0,0,1,0
86197574,1358071,305070127,304152591,305070127,0,2,0,0,2,1,1,1,0,0,0,0,0,0,0,1,0,0,0,0,0,1,0
86704149,1358071,305070127,304152591,305070127,0,2,0,0,2,1,1,1,0,0,0,0,0,0,0,1,0,0,0,0,0,1,0
87213097,1358071,305070127,304152591,305070127,0,2,0,0,2,1,1,1,0,0,0,0,0,0,0,1,0,0,0,0,0,1,0
87720116,1358071,305070127,304152591,305070127,0,2,0,0,2,1,1,1,0,0,0,0,0,0,0,1,0,0,0,0,0,1,0
88227996,1358071,305070127,304152591,305070127,0,2,0,0,2,1,1,1,0,0,0,0,0,0,0,1,0,0,0,0,0,1,0
88736988,1358071,305070127,304152591,305070127,0,2,0,0,2,1,1,1,0,0,0,0,0,0,0,1,0,0,0,0,0,1,0
89244992,1358071,305070127,304152591,305070127,0,2,0,0,2,1,1,1,0,0,0,0,0,0,0,1,0,0,0,0,0,1,0
89753204,1358071,305070127,304152591,305070127,0,2,0,0,2,1,1,1,0,0,0,0,0,0,0,1,0,0,0,0,0,1,0
90261966,1358071,305070127,304152591,305070127,0,2,0,0,2,1,1,1,0,0,0,0,0,0,0,1,0,0,0,0,0,1,0
90770021,1358071,305070127,304152591,305070127,0,2,0,0,2,1,1,1,0,0,0,0,0,0,0,1,0,0,0,0,0,1,0
91277015,1358071,305070127,304152591,305070127,0,2,0,0,2,1,1,1,0,0,0,0,0,0,0,1,0,0,0,0,0,1,0
91786007,1358071,305070127,304152591,305070127,0,2,0,0,2,1,1,1,0,0,0,0,0,0,0,1,0,0,0,0,0,1,0
92293082,1358071,305070127,304152591,305070127,0,2,0,0,2,1,1,1,0,0,0,0,0,0,0,1,0,0,0,0,0,1,0
92800966,1358071,305070127,304152591,305070127,0,2,0,0,2,1,1,1,0,0,0,0,0,0,0,1,0,0,0,0,0,1,0
93309899,1358071,305070127,304152591,305070127,0,2,0,0,2,1,1,1,0,0,0,0,0,0,0,1,0,0,0,0,0,1,0
93819331,1358071,305070127,304152591,305070127,0,2,0,0,2,1,1,1,0,0,0,0,0,0,0,1,0,0,0,0,0,1,0
94326046,1358071,305070127,304152591,305070127,0,2,0,0,2,1,1,1,0,0,0,0,0,0,0,1,0,0,0,0,0,1,0
94832967,1358071,305070127,304152591,305070127,0,2,0,0,2,1,1,1,0,0,0,0,0,0,0,1,0,0,0,0,0,1,0
95341969,1358071,305070127,304152591,305070127,0,2,0,0,2,1,1,1,0,0,0,0,0,0,0,1,0,0,0,0,0,1,0
95849968,1358071,305070127,304152591,305070127,0,2,0,0,2,1,1,1,0,0,0,0,0,0,0,1,0,0,0,0,0,1,0
96355966,1358071,305070127,304152591,305070127,0,2,0,0,2,1,1,1,0,0,0,0,0,0,0,1,0,0,0,0,0,1,0
96862087,1358071,305070127,304152591,305070127,0,2,0,0,2,1,1,1,0,0,0,0,0,0,0,1,0,0,0,0,0,1,0
97370050,1358071,305070127,304152591,305070127,0,2,0,0,2,1,1,1,0,0,0,0,0,0,0,1,0,0,0,0,0,1,0
97879001,1358071,305070127,304152591,305070127,0,2,0,0,2,1,1,1,0,0,0,0,0,0,0,1,0,0,0,0,0,1,0
98389144,1358071,305070127,304152591,305070127,0,2,0,0,2,1,1,1,0,0,0,0,0,0,0,1,0,0,0,0,0,1,0
98898011,1358071,305070127,304152591,305070127,0,2,0,0,2,1,1,1,0,0,0,0,0,0,0,1,0,0,0,0,0,1,0
99405030,1358071,305070127,304152591,305070127,0,2,0,0,2,1,1,1,0,0,0,0,0,0,0,1,0,0,0,0,0,1,0
99912965,1358071,305070127,304152591,305070127,0,2,0,0,2,1,1,1,0,0,0,0,0,0,0,1,0,0,0,0,0,1,0
100420265,1358071,305070127,304152591,305070127,0,2,0,0,2,1,1,1,0,0,0,0,0,0,0,1,0,0,0,0,0,1,0
100928386,1358071,305070127,304152591,305070127,0,2,0,0,2,1,1,1,0,0,0,0,0,0,0,1,0,0,0,0,0,1,0
101435535,1358071,305070127,304152591,305070127,0,2,0,0,2,1,1,1,0,0,0,0,0,0,0,1,0,0,0,0,0,1,0
101943016,1358071,305070127,304152591,305070127,0,2,0,0,2,1,1,1,0,0,0,0,0,0,0,1,0,0,0,0,0,1,0
102452006,1358071,305070127,304152591,305070127,0,2,0,0,2,1,1,1,0,0,0,0,0,0,0,1,0,0,0,0,0,1,0
102960026,1358071,305070127,304152591,305070127,0,2,0,0,2,1,1,1,0,0,0,0,0,0,0,1,0,0,0,0,0,1,0
103467967,1358071,305070127,304152591,305070127,0,2,0,0,2,1,1,1,0,0,0,0,0,0,0,1,0,0,0,0,0,1,0
103974969,1358071,305070127,304152591,305070127,0,2,0,0,2,1,1,1,0,0,0,0,0,0,0,1,0,0,0,0,0,1,0
104482109,1358071,305070127,304152591,305070127,0,2,0,0,2,1,1,1,0,0,0,0,0,0,0,1,0,0,0,0,0,1,0
104988999,1358071,305070127,304152591,305070127,0,2,0,0,2,1,1,1,0,0,0,0,0,0,0,1,0,0,0,0,0,1,0
105495994,1358071,305070127,304152591,305070127,0,2,0,0,2,1,1,1,0,0,0,0,0,0,0,1,0,0,0,0,0,1,0
106005155,1358071,305070127,304152591,305070127,0,2,0,0,2,1,1,1,0,0,0,0,0,0,0,1,0,0,0,0,0,1,0
106512204,1358071,305070127,304152591,305070127,0,2,0,0,2,1,1,1,0,0,0,0,0,0,0,1,0,0,0,0,0,1,0
107019967,1358071,305070127,304152591,305070127,0,2,0,0,2,1,1,1,0,0,0,0,0,0,0,1,0,0,0,0,0,1,0
107528170,1358071,305070127,304152591,305070127,0,2,0,0,2,1,1,1,0,0,0,0,0,0,0,1,0,0,0,0,0,1,0
108033995,1358071,305070127,304152591,305070127,0,2,0,0,2,1,1,1,0,0,0,0,0,0,0,1,0,0,0,0,0,1,0
108540100,1358071,305070127,304152591,305070127,0,2,0,0,2,1,1,1,0,0,0,0,0,0,0,1,0,0,0,0,0,1,0
109047965,1358071,305070127,304152591,305070127,0,2,0,0,2,1,1,1,0,0,0,0,0,0,0,1,0,0,0,0,0,1,0
109555004,1358071,305070127,304152591,305070127,0,2,0,0,2,1,1,1,0,0,0,0,0,0,0,1,0,0,0,0,0,1,0
110061966,1358071,305070127,304152591,305070127,0,2,0,0,2,1,1,1,0,0,0,0,0,0,0,1,0,0,0,0,0,1,0
110570982,1358071,305070127,304152591,305070127,0,2,0,0,2,1,1,1,0,0,0,0,0,0,0,1,0,0,0,0,0,1,0
111077002,1358071,305070127,304152591,305070127,0,2,0,0,2,1,1,1,0,0,0,0,0,0,0,1,0,0,0,0,0,1,0
111583964,1358071,305070127,304152591,305070127,0,2,0,0,2,1,1,1,0,0,0,0,0,0,0,1,0,0,0,0,0,1,0
112091221,1358071,305070127,304152591,305070127,0,2,0,0,2,1,1,1,0,0,0,0,0,0,0,1,0,0,0,0,0,1,0
112599282,1358071,305070127,304152591,305070127,0,2,0,0,2,1,1,1,0,0,0,0,0,0,0,1,0,0,0,0,0,1,0
113106098,1358071,305070127,304152591,305070127,0,2,0,0,2,1,1,1,0,0,0,0,0,0,0,1,0,0,0,0,0,1,0
113612966,1358071,305070127,304152591,305070127,0,2,0,0,2,1,1,1,0,0,0,0,0,0,0,1,0,0,0,0,0,1,0
114120679,1358071,305070127,304152591,305070127,0,2,0,0,2,1,1,1,0,0,0,0,0,0,0,1,0,0,0,0,0,1,0
114628068,1358071,305070127,304152591,305070127,0,2,0,0,2,1,1,1,0,0,0,0,0,0,0,1,0,0,0,0,0,1,0
115135967,1358071,305070127,304152591,305070127,0,2,0,0,2,1,1,1,0,0,0,0,0,0,0,1,0,0,0,0,0,1,0
115646409,1358071,305070127,304152591,305070127,0,2,0,0,2,1,1,1,0,0,0,0,0,0,0,1,0,0,0,0,0,1,0
116153007,1358071,305070127,304152591,305070127,0,2,0,0,2,1,1,1,0,0,0,0,0,0,0,1,0,0,0,0,0,1,0
116659969,1358071,305070127,304152591,305070127,0,2,0,0,2,1,1,1,0,0,0,0,0,0,0,1,0,0,0,0,0,1,0
117168987,1358071,305070127,304152591,305070127,0,2,0,0,2,1,1,1,0,0,0,0,0,0,0,1,0,0,0,0,0,1,0
117676000,1358071,305070127,304152591,305070127,0,2,0,0,2,1,1,1,0,0,0,0,0,0,0,1,0,0,0,0,0,1,0
118184143,1358071,305070127,304152591,305070127,0,2,0,0,2,1,1,1,0,0,0,0,0,0,0,1,0,0,0,0,0,1,0
118691969,1358071,305070127,304152591,305070127,0,2,0,0,2,1,1,1,0,0,0,0,0,0,0,1,0,0,0,0,0,1,0
119199029,1358071,305070127,304152591,305070127,0,2,0,0,2,1,1,1,0,0,0,0,0,0,0,1,0,0,0,0,0,1,0
119705966,1358071,305070127,304152591,305070127,0,2,0,0,2,1,1,1,0,0,0,0,0,0,0,1,0,0,0,0,0,1,0
120213966,1358071,305070127,304152591,305070127,0,2,0,0,2,1,1,1,0,0,0,0,0,0,0,1,0,0,0,0,0,1,0
120720100,1358071,305070127,304152591,305070127,0,2,0,0,2,1,1,1,0,0,0,0,0,0,0,1,0,0,0,0,0,1,0
121230044,1358071,305070127,304152591,305070127,0,2,0,0,2,1,1,1,0,0,0,0,0,0,0,1,0,0,0,0,0,1,0
121737974,1358071,305070127,304152591,305070127,0,2,0,0,2,1,1,1,0,0,0,0,0,0,0,1,0,0,0,0,0,1,0
122245214,1358071,305070127,304152591,305070127,0,2,0,0,2,1,1,1,0,0,0,0,0,0,0,1,0,0,0,0,0,1,0
122751998,1358071,305070127,304152591,305070127,0,2,0,0,2,1,1,1,0,0,0,0,0,0,0,1,0,0,0,0,0,1,0
123260034,1358071,305070127,304152591,305070127,0,2,0,0,2,1,1,1,0,0,0,0,0,0,0,1,0,0,0,0,0,1,0
123768031,1358071,305070127,304152591,305070127,0,2,0,0,2,1,1,1,0,0,0,0,0,0,0,1,0,0,0,0,0,1,0
124278368,1358071,305070127,304152591,305070127,0,2,0,0,2,1,1,1,0,0,0,0,0,0,0,1,0,0,0,0,0,1,0
124786127,1358071,305070127,304152591,305070127,0,2,0,0,2,1,1,1,0,0,0,0,0,0,0,1,0,0,0,0,0,1,0
125293034,1358071,305070127,304152591,305070127,0,2,0,0,2,1,1,1,0,0,0,0,0,0,0,1,0,0,0,0,0,1,0
125801509,1358071,305070127,304152591,305070127,0,2,0,0,2,1,1,1,0,0,0,0,0,0,0,1,0,0,0,0,0,1,0
126310030,1358071,305070127,304152591,305070127,0,2,0,0,2,1,1,1,0,0,0,0,0,0,0,1,0,0,0,0,0,1,0
126816945,1358071,305070127,304152591,305070127,0,2,0,0,2,1,1,1,0,0,0,0,0,0,0,1,0,0,0,0,0,1,0
127323966,1358071,305070127,304152591,305070127,0,2,0,0,2,1,1,1,0,0,0,0,0,0,0,1,0,0,0,0,0,1,0
127833146,1358071,305070127,304152591,305070127,0,2,0,0,2,1,1,1,0,0,0,0,0,0,0,1,0,0,0,0,0,1,0
128341014,1358071,305070127,304152591,305070127,0,2,0,0,2,1,1,1,0,0,0,0,0,0,0,1,0,0,0,0,0,1,0
128847470,1358071,305070127,304152591,305070127,0,2,0,0,2,1,1,1,0,0,0,0,0,0,0,1,0,0,0,0,0,1,0
129355104,1358071,305070127,304152591,305070127,0,2,0,0,2,1,1,1,0,0,0,0,0,0,0,1,0,0,0,0,0,1,0
129862994,1358071,305070127,304152591,305070127,0,2,0,0,2,1,1,1,0,0,0,0,0,0,0,1,0,0,0,0,0,1,0
130369966,1358071,305070127,304152591,305070127,0,2,0,0,2,1,1,1,0,0,0,0,0,0,0,1,0,0,0,0,0,1,0
130878223,1358071,305070127,304152591,305070127,0,2,0,0,2,1,1,1,0,0,0,0,0,0,0,1,0,0,0,0,0,1,0
131386005,1358071,305070127,304152591,305070127,0,2,0,0,2,1,1,1,0,0,0,0,0,0,0,1,0,0,0,0,0,1,0
131893974,1358071,305070127,304152591,305070127,0,2,0,0,2,1,1,1,0,0,0,0,0,0,0,1,0,0,0,0,0,1,0
132403175,1358071,305070127,304152591,305070127,0,2,0,0,2,1,1,1,0,0,0,0,0,0,0,1,0,0,0,0,0,1,0
132910997,1358071,305070127,304152591,305070127,0,2,0,0,2,1,1,1,0,0,0,0,0,0,0,1,0,0,0,0,0,1,0
133418092,1358071,305070127,304152591,305070127,0,2,0,0,2,1,1,1,0,0,0,0,0,0,0,1,0,0,0,0,0,1,0
133924036,1358071,305070127,304152591,305070127,0,2,0,0,2,1,1,1,0,0,0,0,0,0,0,1,0,0,0,0,0,1,0
134432057,1358071,305070127,304152591,305070127,0,2,0,0,2,1,1,1,0,0,0,0,0,0,0,1,0,0,0,0,0,1,0
134941061,1358071,305070127,304152591,305070127,0,2,0,0,2,1,1,1,0,0,0,0,0,0,0,1,0,0,0,0,0,1,0
135450206,1358071,305070127,304152591,305070127,0,2,0,0,2,1,1,1,0,0,0,0,0,0,0,1,0,0,0,0,0,1,0
135952055,1358071,305070127,304152591,305070127,0,2,0,0,2,1,1,1,0,0,0,0,0,0,0,1,0,0,0,0,0,1,0
136453306,1358071,305070127,304152591,305070127,0,2,0,0,2,1,1,1,0,0,0,0,0,0,0,1,0,0,0,0,0,1,0
136964451,1358071,305070127,304152591,305070127,0,2,0,0,2,1,1,1,0,0,0,0,0,0,0,1,0,0,0,0,0,1,0
137471107,1358071,305070127,304152591,305070127,0,2,0,0,2,1,1,1,0,0,0,0,0,0,0,1,0,0,0,0,0,1,0
137977964,1358071,305070127,304152591,305070127,0,2,0,0,2,1,1,1,0,0,0,0,0,0,0,1,0,0,0,0,0,1,0
138485001,1358071,305070127,304152591,305070127,0,2,0,0,2,1,1,1,0,0,0,0,0,0,0,1,0,0,0,0,0,1,0
138992971,1358071,305070127,304152591,305070127,0,2,0,0,2,1,1,1,0,0,0,0,0,0,0,1,0,0,0,0,0,1,0
139500158,1358071,305070127,304152591,305070127,0,2,0,0,2,1,1,1,0,0,0,0,0,0,0,1,0,0,0,0,0,1,0
140009179,1358071,305070127,304152591,305070127,0,2,0,0,2,1,1,1,0,0,0,0,0,0,0,1,0,0,0,0,0,1,0
140515968,1358071,305070127,304152591,305070127,0,2,0,0,2,1,1,1,0,0,0,0,0,0,0,1,0,0,0,0,0,1,0
141024967,1358071,305070127,304152591,305070127,0,2,0,0,2,1,1,1,0,0,0,0,0,0,0,1,0,0,0,0,0,1,0
141533716,1358071,305070127,304152591,305070127,0,2,0,0,2,1,1,1,0,0,0,0,0,0,0,1,0,0,0,0,0,1,0
142041367,1358071,305070127,304152591,305070127,0,2,0,0,2,1,1,1,0,0,0,0,0,0,0,1,0,0,0,0,0,1,0
142548000,1358071,305070127,304152591,305070127,0,2,0,0,2,1,1,1,0,0,0,0,0,0,0,1,0,0,0,0,0,1,0
143056026,1358071,305070127,304152591,305070127,0,2,0,0,2,1,1,1,0,0,0,0,0,0,0,1,0,0,0,0,0,1,0
143563998,1358071,305070127,304152591,305070127,0,2,0,0,2,1,1,1,0,0,0,0,0,0,0,1,0,0,0,0,0,1,0
144071133,1358071,305070127,304152591,305070127,0,2,0,0,2,1,1,1,0,0,0,0,0,0,0,1,0,0,0,0,0,1,0
144580234,1358071,305070127,304152591,305070127,0,2,0,0,2,1,1,1,0,0,0,0,0,0,0,1,0,0,0,0,0,1,0
145088159,1358071,305070127,304152591,305070127,0,2,0,0,2,1,1,1,0,0,0,0,0,0,0,1,0,0,0,0,0,1,0
145596225,1358071,305070127,304152591,305070127,0,2,0,0,2,1,1,1,0,0,0,0,0,0,0,1,0,0,0,0,0,1,0
146104965,1358071,305070127,304152591,305070127,0,2,0,0,2,1,1,1,0,0,0,0,0,0,0,1,0,0,0,0,0,1,0
146612999,1358071,305070127,304152591,305070127,0,2,0,0,2,1,1,1,0,0,0,0,0,0,0,1,0,0,0,0,0,1,0
147123197,1358071,305070127,304152591,305070127,0,2,0,0,2,1,1,1,0,0,0,0,0,0,0,1,0,0,0,0,0,1,0
147633175,1358071,305070127,304152591,305070127,0,2,0,0,2,1,1,1,0,0,0,0,0,0,0,1,0,0,0,0,0,1,0
148140969,1358071,305070127,304152591,305070127,0,2,0,0,2,1,1,1,0,0,0,0,0,0,0,1,0,0,0,0,0,1,0
148646968,1358071,305070127,304152591,305070127,0,2,0,0,2,1,1,1,0,0,0,0,0,0,0,1,0,0,0,0,0,1,0
149154069,1358071,305070127,304152591,305070127,0,2,0,0,2,1,1,1,0,0,0,0,0,0,0,1,0,0,0,0,0,1,0
149662000,1358071,305070127,304152591,305070127,0,2,0,0,2,1,1,1,0,0,0,0,0,0,0,1,0,0,0,0,0,1,0
150169165,1358071,305070127,304152591,305070127,0,2,0,0,2,1,1,1,0,0,0,0,0,0,0,1,0,0,0,0,0,1,0
150675968,1358071,305070127,304152591,305070127,0,2,0,0,2,1,1,1,0,0,0,0,0,0,0,1,0,0,0,0,0,1,0
151184415,1358071,305070127,304152591,305070127,0,2,0,0,2,1,1,1,0,0,0,0,0,0,0,1,0,0,0,0,0,1,0
151691967,1358071,305070127,304152591,305070127,0,2,0,0,2,1,1,1,0,0,0,0,0,0,0,1,0,0,0,0,0,1,0
152198541,1358071,305070127,304152591,305070127,0,2,0,0,2,1,1,1,0,0,0,0,0,0,0,1,0,0,0,0,0,1,0
152704172,1358071,305070127,304152591,305070127,0,2,0,0,2,1,1,1,0,0,0,0,0,0,0,1,0,0,0,0,0,1,0
153211965,1358071,305070127,304152591,305070127,0,2,0,0,2,1,1,1,0,0,0,0,0,0,0,1,0,0,0,0,0,1,0
153721090,1358071,305070127,304152591,305070127,0,2,0,0,2,1,1,1,0,0,0,0,0,0,0,1,0,0,0,0,0,1,0
154229090,1358071,305070127,304152591,305070127,0,2,0,0,2,1,1,1,0,0,0,0,0,0,0,1,0,0,0,0,0,1,0
154735892,1358071,305070127,304152591,305070127,0,2,0,0,2,1,1,1,0,0,0,0,0,0,0,1,0,0,0,0,0,1,0
155242090,1358071,305070127,304152591,305070127,0,2,0,0,2,1,1,1,0,0,0,0,0,0,0,1,0,0,0,0,0,1,0
155752020,1358071,305070127,304152591,305070127,0,2,0,0,2,1,1,1,0,0,0,0,0,0,0,1,0,0,0,0,0,1,0
156260297,1358071,305070127,304152591,305070127,0,2,0,0,2,1,1,1,0,0,0,0,0,0,0,1,0,0,0,0,0,1,0
156767080,1358071,305070127,304152591,305070127,0,2,0,0,2,1,1,1,0,0,0,0,0,0,0,1,0,0,0,0,0,1,0
157275151,1358071,305070127,304152591,305070127,0,2,0,0,2,1,1,1,0,0,0,0,0,0,0,1,0,0,0,0,0,1,0
157783074,1358071,305070127,304152591,305070127,0,2,0,0,2,1,1,1,0,0,0,0,0,0,0,1,0,0,0,0,0,1,0
158290405,1358071,305070127,304152591,305070127,0,2,0,0,2,1,1,1,0,0,0,0,0,0,0,1,0,0,0,0,0,1,0
158798348,1358071,305070127,304152591,305070127,0,2,0,0,2,1,1,1,0,0,0,0,0,0,0,1,0,0,0,0,0,1,0
159305493,1358071,305070127,304152591,305070127,0,2,0,0,2,1,1,1,0,0,0,0,0,0,0,1,0,0,0,0,0,1,0
159812015,1358071,305070127,304152591,305070127,0,2,0,0,2,1,1,1,0,0,0,0,0,0,0,1,0,0,0,0,0,1,0
160319097,1358071,305070127,304152591,305070127,0,2,0,0,2,1,1,1,0,0,0,0,0,0,0,1,0,0,0,0,0,1,0
160825268,1358071,305070127,304152591,305070127,0,2,0,0,2,1,1,1,0,0,0,0,0,0,0,1,0,0,0,0,0,1,0
161332968,1358071,305070127,304152591,305070127,0,2,0,0,2,1,1,1,0,0,0,0,0,0,0,1,0,0,0,0,0,1,0
161840094,1358071,305070127,304152591,305070127,0,2,0,0,2,1,1,1,0,0,0,0,0,0,0,1,0,0,0,0,0,1,0
162348340,1358071,305070127,304152591,305070127,0,2,0,0,2,1,1,1,0,0,0,0,0,0,0,1,0,0,0,0,0,1,0
162854990,1358071,305070127,304152591,305070127,0,2,0,0,2,1,1,1,0,0,0,0,0,0,0,1,0,0,0,0,0,1,0
163363138,1358071,305070127,304152591,305070127,0,2,0,0,2,1,1,1,0,0,0,0,0,0,0,1,0,0,0,0,0,1,0
163870982,1358071,305070127,304152591,305070127,0,2,0,0,2,1,1,1,0,0,0,0,0,0,0,1,0,0,0,0,0,1,0
164377968,1358071,305070127,304152591,305070127,0,2,0,0,2,1,1,1,0,0,0,0,0,0,0,1,0,0,0,0,0,1,0
164884297,1358071,305070127,304152591,305070127,0,2,0,0,2,1,1,1,0,0,0,0,0,0,0,1,0,0,0,0,0,1,0
165392052,1358071,305070127,304152591,305070127,0,2,0,0,2,1,1,1,0,0,0,0,0,0,0,1,0,0,0,0,0,1,0
165898067,1358071,305070127,304152591,305070127,0,2,0,0,2,1,1,1,0,0,0,0,0,0,0,1,0,0,0,0,0,1,0
166406142,1358071,305070127,304152591,305070127,0,2,0,0,2,1,1,1,0,0,0,0,0,0,0,1,0,0,0,0,0,1,0
166912967,1358071,305070127,304152591,305070127,0,2,0,0,2,1,1,1,0,0,0,0,0,0,0,1,0,0,0,0,0,1,0
167421129,1358071,305070127,304152591,305070127,0,2,0,0,2,1,1,1,0,0,0,0,0,0,0,1,0,0,0,0,0,1,0
167928101,1358071,305070127,304152591,305070127,0,2,0,0,2,1,1,1,0,0,0,0,0,0,0,1,0,0,0,0,0,1,0
168436000,1358071,305070127,304152591,305070127,0,2,0,0,2,1,1,1,0,0,0,0,0,0,0,1,0,0,0,0,0,1,0
168943009,1358071,305070127,304152591,305070127,0,2,0,0,2,1,1,1,0,0,0,0,0,0,0,1,0,0,0,0,0,1,0
169451004,1358071,305070127,304152591,305070127,0,2,0,0,2,1,1,1,0,0,0,0,0,0,0,1,0,0,0,0,0,1,0
169960042,1358071,305070127,304152591,305070127,0,2,0,0,2,1,1,1,0,0,0,0,0,0,0,1,0,0,0,0,0,1,0
170469306,1358071,305070127,304152591,305070127,0,2,0,0,2,1,1,1,0,0,0,0,0,0,0,1,0,0,0,0,0,1,0
170978278,1358071,305070127,304152591,305070127,0,2,0,0,2,1,1,1,0,0,0,0,0,0,0,1,0,0,0,0,0,1,0
171486005,1358071,305070127,304152591,305070127,0,2,0,0,2,1,1,1,0,0,0,0,0,0,0,1,0,0,0,0,0,1,0
171992972,1358071,305070127,304152591,305070127,0,2,0,0,2,1,1,1,0,0,0,0,0,0,0,1,0,0,0,0,0,1,0
172500967,1358071,305070127,304152591,305070127,0,2,0,0,2,1,1,1,0,0,0,0,0,0,0,1,0,0,0,0,0,1,0
173008021,1358071,305070127,304152591,305070127,0,2,0,0,2,1,1,1,0,0,0,0,0,0,0,1,0,0,0,0,0,1,0
173518140,1358071,305070127,304152591,305070127,0,2,0,0,2,1,1,1,0,0,0,0,0,0,0,1,0,0,0,0,0,1,0
174025060,1358071,305070127,304152591,305070127,0,2,0,0,2,1,1,1,0,0,0,0,0,0,0,1,0,0,0,0,0,1,0
174532094,1358071,305070127,304152591,305070127,0,2,0,0,2,1,1,1,0,0,0,0,0,0,0,1,0,0,0,0,0,1,0
175039183,1358071,305070127,304152591,305070127,0,2,0,0,2,1,1,1,0,0,0,0,0,0,0,1,0,0,0,0,0,1,0
175547465,1358071,305070127,304152591,305070127,0,2,0,0,2,1,1,1,0,0,0,0,0,0,0,1,0,0,0,0,0,1,0
176055054,1358071,305070127,304152591,305070127,0,2,0,0,2,1,1,1,0,0,0,0,0,0,0,1,0,0,0,0,0,1,0
176563043,1358071,305070127,304152591,305070127,0,2,0,0,2,1,1,1,0,0,0,0,0,0,0,1,0,0,0,0,0,1,0
177072302,1358071,305070127,304152591,305070127,0,2,0,0,2,1,1,1,0,0,0,0,0,0,0,1,0,0,0,0,0,1,0
177578966,1358071,305070127,304152591,305070127,0,2,0,0,2,1,1,1,0,0,0,0,0,0,0,1,0,0,0,0,0,1,0
178079264,1358071,305070127,304152591,305070127,0,2,0,0,2,1,1,1,0,0,0,0,0,0,0,1,0,0,0,0,0,1,0
178588975,1358071,305070127,304152591,305070127,0,2,0,0,2,1,1,1,0,0,0,0,0,0,0,1,0,0,0,0,0,1,0
179089114,1358071,305070127,304152591,305070127,0,2,0,0,2,1,1,1,0,0,0,0,0,0,0,1,0,0,0,0,0,1,0
179599045,1358071,305070127,304152591,305070127,0,2,0,0,2,1,1,1,0,0,0,0,0,0,0,1,0,0,0,0,0,1,0
180099049,1358071,305070127,304152591,305070127,0,2,0,0,2,1,1,1,0,0,0,0,0,0,0,1,0,0,0,0,0,1,0
180609971,1358071,305070127,304152591,305070127,0,2,0,0,2,1,1,1,0,0,0,0,0,0,0,1,0,0,0,0,0,1,0
181121009,1358071,305070127,304152591,305070127,0,2,0,0,2,1,1,1,0,0,0,0,0,0,0,1,0,0,0,0,0,1,0
181628966,1358071,305070127,304152591,305070127,0,2,0,0,2,1,1,1,0,0,0,0,0,0,0,1,0,0,0,0,0,1,0
182129972,1358071,305070127,304152591,305070127,0,2,0,0,2,1,1,1,0,0,0,0,0,0,0,1,0,0,0,0,0,1,0
182630012,1358071,305070127,304152591,305070127,0,2,0,0,2,1,1,1,0,0,0,0,0,0,0,1,0,0,0,0,0,1,0
183132966,1358071,305070127,304152591,305070127,0,2,0,0,2,1,1,1,0,0,0,0,0,0,0,1,0,0,0,0,0,1,0
183633083,1358071,305070127,304152591,305070127,0,2,0,0,2,1,1,1,0,0,0,0,0,0,0,1,0,0,0,0,0,1,0
184140968,1358071,305070127,304152591,305070127,0,2,0,0,2,1,1,1,0,0,0,0,0,0,0,1,0,0,0,0,0,1,0
184642020,1358071,305070127,304152591,305070127,0,2,0,0,2,1,1,1,0,0,0,0,0,0,0,1,0,0,0,0,0,1,0
185145159,1358071,305070127,304152591,305070127,0,2,0,0,2,1,1,1,0,0,0,0,0,0,0,1,0,0,0,0,0,1,0
185646327,1358071,305070127,304152591,305070127,0,2,0,0,2,1,1,1,0,0,0,0,0,0,0,1,0,0,0,0,0,1,0
186149964,1358071,305070127,304152591,305070127,0,2,0,0,2,1,1,1,0,0,0,0,0,0,0,1,0,0,0,0,0,1,0
186656966,1358071,305070127,304152591,305070127,0,2,0,0,2,1,1,1,0,0,0,0,0,0,0,1,0,0,0,0,0,1,0
187163980,1358071,305070127,304152591,305070127,0,2,0,0,2,1,1,1,0,0,0,0,0,0,0,1,0,0,0,0,0,1,0
187672308,1358071,305070127,304152591,305070127,0,2,0,0,2,1,1,1,0,0,0,0,0,0,0,1,0,0,0,0,0,1,0
188177965,1358071,305070127,304152591,305070127,0,2,0,0,2,1,1,1,0,0,0,0,0,0,0,1,0,0,0,0,0,1,0
188686966,1358071,305070127,304152591,305070127,0,2,0,0,2,1,1,1,0,0,0,0,0,0,0,1,0,0,0,0,0,1,0
189195200,1358071,305070127,304152591,305070127,0,2,0,0,2,1,1,1,0,0,0,0,0,0,0,1,0,0,0,0,0,1,0
189704966,1358071,305070127,304152591,305070127,0,2,0,0,2,1,1,1,0,0,0,0,0,0,0,1,0,0,0,0,0,1,0
190212969,1358071,305070127,304152591,305070127,0,2,0,0,2,1,1,1,0,0,0,0,0,0,0,1,0,0,0,0,0,1,0
190719968,1358071,305070127,304152591,305070127,0,2,0,0,2,1,1,1,0,0,0,0,0,0,0,1,0,0,0,0,0,1,0
191228014,1358071,305070127,304152591,305070127,0,2,0,0,2,1,1,1,0,0,0,0,0,0,0,1,0,0,0,0,0,1,0
191735280,1358071,305070127,304152591,305070127,0,2,0,0,2,1,1,1,0,0,0,0,0,0,0,1,0,0,0,0,0,1,0
192241000,1358071,305070127,304152591,305070127,0,2,0,0,2,1,1,1,0,0,0,0,0,0,0,1,0,0,0,0,0,1,0
192748994,1358071,305070127,304152591,305070127,0,2,0,0,2,1,1,1,0,0,0,0,0,0,0,1,0,0,0,0,0,1,0
193256114,1358071,305070127,304152591,305070127,0,2,0,0,2,1,1,1,0,0,0,0,0,0,0,1,0,0,0,0,0,1,0
193766156,1358071,305070127,304152591,305070127,0,2,0,0,2,1,1,1,0,0,0,0,0,0,0,1,0,0,0,0,0,1,0
194272928,1358071,305070127,304152591,305070127,0,2,0,0,2,1,1,1,0,0,0,0,0,0,0,1,0,0,0,0,0,1,0
194781994,1358071,305070127,304152591,305070127,0,2,0,0,2,1,1,1,0,0,0,0,0,0,0,1,0,0,0,0,0,1,0
195290968,1358071,305070127,304152591,305070127,0,2,0,0,2,1,1,1,0,0,0,0,0,0,0,1,0,0,0,0,0,1,0
195799966,1358071,305070127,304152591,305070127,0,2,0,0,2,1,1,1,0,0,0,0,0,0,0,1,0,0,0,0,0,1,0
196306015,1358071,305070127,304152591,305070127,0,2,0,0,2,1,1,1,0,0,0,0,0,0,0,1,0,0,0,0,0,1,0
196812965,1358071,305070127,304152591,305070127,0,2,0,0,2,1,1,1,0,0,0,0,0,0,0,1,0,0,0,0,0,1,0
197322125,1358071,305070127,304152591,305070127,0,2,0,0,2,1,1,1,0,0,0,0,0,0,0,1,0,0,0,0,0,1,0
197830967,1358071,305070127,304152591,305070127,0,2,0,0,2,1,1,1,0,0,0,0,0,0,0,1,0,0,0,0,0,1,0
198330975,1358071,305070127,304152591,305070127,0,2,0,0,2,1,1,1,0,0,0,0,0,0,0,1,0,0,0,0,0,1,0
198834346,1358071,305070127,304152591,305070127,0,2,0,0,2,1,1,1,0,0,0,0,0,0,0,1,0,0,0,0,0,1,0
199334968,1358071,305070127,304152591,305070127,0,2,0,0,2,1,1,1,0,0,0,0,0,0,0,1,0,0,0,0,0,1,0
199838026,1358071,305070127,304152591,305070127,0,2,0,0,2,1,1,1,0,0,0,0,0,0,0,1,0,0,0,0,0,1,0
200338111,1358071,305070127,304152591,305070127,0,2,0,0,2,1,1,1,0,0,0,0,0,0,0,1,0,0,0,0,0,1,0
200848004,1358071,305070127,304152591,305070127,0,2,0,0,2,1,1,1,0,0,0,0,0,0,0,1,0,0,0,0,0,1,0
201358001,1358071,305070127,304152591,305070127,0,2,0,0,2,1,1,1,0,0,0,0,0,0,0,1,0,0,0,0,0,1,0
201858372,1358071,305070127,304152591,305070127,0,2,0,0,2,1,1,1,0,0,0,0,0,0,0,1,0,0,0,0,0,1,0
202367143,1358071,305070127,304152591,305070127,0,2,0,0,2,1,1,1,0,0,0,0,0,0,0,1,0,0,0,0,0,1,0
202867253,1358071,305070127,304152591,305070127,0,2,0,0,2,1,1,1,0,0,0,0,0,0,0,1,0,0,0,0,0,1,0
203368547,1358071,305070127,304152591,305070127,0,2,0,0,2,1,1,1,0,0,0,0,0,0,0,1,0,0,0,0,0,1,0
203876165,1358071,305070127,304152591,305070127,0,2,0,0,2,1,1,1,0,0,0,0,0,0,0,1,0,0,0,0,0,1,0
204380116,1358071,305070127,304152591,305070127,0,2,0,0,2,1,1,1,0,0,0,0,0,0,0,1,0,0,0,0,0,1,0
204883700,1358071,305070127,304152591,305070127,0,2,0,0,2,1,1,1,0,0,0,0,0,0,0,1,0,0,0,0,0,1,0
205383812,1358071,305070127,304152591,305070127,0,2,0,0,2,1,1,1,0,0,0,0,0,0,0,1,0,0,0,0,0,1,0
205893013,1358071,305070127,304152591,305070127,0,2,0,0,2,1,1,1,0,0,0,0,0,0,0,1,0,0,0,0,0,1,0
206402268,1358071,305070127,304152591,305070127,0,2,0,0,2,1,1,1,0,0,0,0,0,0,0,1,0,0,0,0,0,1,0
206910001,1358071,305070127,304152591,305070127,0,2,0,0,2,1,1,1,0,0,0,0,0,0,0,1,0,0,0,0,0,1,0
207417996,1358071,305070127,304152591,305070127,0,2,0,0,2,1,1,1,0,0,0,0,0,0,0,1,0,0,0,0,0,1,0
207925075,1358071,305070127,304152591,305070127,0,2,0,0,2,1,1,1,0,0,0,0,0,0,0,1,0,0,0,0,0,1,0
208434020,1358071,305070127,304152591,305070127,0,2,0,0,2,1,1,1,0,0,0,0,0,0,0,1,0,0,0,0,0,1,0
208941011,1358071,305070127,304152591,305070127,0,2,0,0,2,1,1,1,0,0,0,0,0,0,0,1,0,0,0,0,0,1,0
209447965,1358071,305070127,304152591,305070127,0,2,0,0,2,1,1,1,0,0,0,0,0,0,0,1,0,0,0,0,0,1,0
209954973,1358071,305070127,304152591,305070127,0,2,0,0,2,1,1,1,0,0,0,0,0,0,0,1,0,0,0,0,0,1,0
210464024,1358071,305070127,304152591,305070127,0,2,0,0,2,1,1,1,0,0,0,0,0,0,0,1,0,0,0,0,0,1,0
210971844,1358071,305070127,304152591,305070127,0,2,0,0,2,1,1,1,0,0,0,0,0,0,0,1,0,0,0,0,0,1,0
211478969,1358071,305070127,304152591,305070127,0,2,0,0,2,1,1,1,0,0,0,0,0,0,0,1,0,0,0,0,0,1,0
211986966,1358071,305070127,304152591,305070127,0,2,0,0,2,1,1,1,0,0,0,0,0,0,0,1,0,0,0,0,0,1,0
212495007,1358071,305070127,304152591,305070127,0,2,0,0,2,1,1,1,0,0,0,0,0,0,0,1,0,0,0,0,0,1,0
213004117,1358071,305070127,304152591,305070127,0,2,0,0,2,1,1,1,0,0,0,0,0,0,0,1,0,0,0,0,0,1,0
213512003,1358071,305070127,304152591,305070127,0,2,0,0,2,1,1,1,0,0,0,0,0,0,0,1,0,0,0,0,0,1,0
214021161,1358071,305070127,304152591,305070127,0,2,0,0,2,1,1,1,0,0,0,0,0,0,0,1,0,0,0,0,0,1,0
214528954,1358071,305070127,304152591,305070127,0,2,0,0,2,1,1,1,0,0,0,0,0,0,0,1,0,0,0,0,0,1,0
215036965,1358071,305070127,304152591,305070127,0,2,0,0,2,1,1,1,0,0,0,0,0,0,0,1,0,0,0,0,0,1,0
215544970,1358071,305070127,304152591,305070127,0,2,0,0,2,1,1,1,0,0,0,0,0,0,0,1,0,0,0,0,0,1,0
216053077,1358071,305070127,304152591,305070127,0,2,0,0,2,1,1,1,0,0,0,0,0,0,0,1,0,0,0,0,0,1,0
216560992,1358071,305070127,304152591,305070127,0,2,0,0,2,1,1,1,0,0,0,0,0,0,0,1,0,0,0,0,0,1,0
217068004,1358071,305070127,304152591,305070127,0,2,0,0,2,1,1,1,0,0,0,0,0,0,0,1,0,0,0,0,0,1,0
217575997,1358071,305070127,304152591,305070127,0,2,0,0,2,1,1,1,0,0,0,0,0,0,0,1,0,0,0,0,0,1,0
218084212,1358071,305070127,304152591,305070127,0,2,0,0,2,1,1,1,0,0,0,0,0,0,0,1,0,0,0,0,0,1,0
218591988,1358071,305070127,304152591,305070127,0,2,0,0,2,1,1,1,0,0,0,0,0,0,0,1,0,0,0,0,0,1,0
219098109,1358071,305070127,304152591,305070127,0,2,0,0,2,1,1,1,0,0,0,0,0,0,0,1,0,0,0,0,0,1,0
219605072,1358071,305070127,304152591,305070127,0,2,0,0,2,1,1,1,0,0,0,0,0,0,0,1,0,0,0,0,0,1,0
220113062,1358071,305070127,304152591,305070127,0,2,0,0,2,1,1,1,0,0,0,0,0,0,0,1,0,0,0,0,0,1,0
220622106,1358071,305070127,304152591,305070127,0,2,0,0,2,1,1,1,0,0,0,0,0,0,0,1,0,0,0,0,0,1,0
221130018,1358071,305070127,304152591,305070127,0,2,0,0,2,1,1,1,0,0,0,0,0,0,0,1,0,0,0,0,0,1,0
221638061,1358071,305070127,304152591,305070127,0,2,0,0,2,1,1,1,0,0,0,0,0,0,0,1,0,0,0,0,0,1,0
222143968,1358071,305070127,304152591,305070127,0,2,0,0,2,1,1,1,0,0,0,0,0,0,0,1,0,0,0,0,0,1,0
222644108,1358071,305070127,304152591,305070127,0,2,0,0,2,1,1,1,0,0,0,0,0,0,0,1,0,0,0,0,0,1,0
223152965,1358071,305070127,304152591,305070127,0,2,0,0,2,1,1,1,0,0,0,0,0,0,0,1,0,0,0,0,0,1,0
223659994,1358071,305070127,304152591,305070127,0,2,0,0,2,1,1,1,0,0,0,0,0,0,0,1,0,0,0,0,0,1,0
224167286,1358071,305070127,304152591,305070127,0,2,0,0,2,1,1,1,0,0,0,0,0,0,0,1,0,0,0,0,0,1,0
224673965,1358071,305070127,304152591,305070127,0,2,0,0,2,1,1,1,0,0,0,0,0,0,0,1,0,0,0,0,0,1,0
225181030,1358071,305070127,304152591,305070127,0,2,0,0,2,1,1,1,0,0,0,0,0,0,0,1,0,0,0,0,0,1,0
225687058,1358071,305070127,304152591,305070127,0,2,0,0,2,1,1,1,0,0,0,0,0,0,0,1,0,0,0,0,0,1,0
226196003,1358071,305070127,304152591,305070127,0,2,0,0,2,1,1,1,0,0,0,0,0,0,0,1,0,0,0,0,0,1,0
226702966,1358071,305070127,304152591,305070127,0,2,0,0,2,1,1,1,0,0,0,0,0,0,0,1,0,0,0,0,0,1,0
227211041,1358071,305070127,304152591,305070127,0,2,0,0,2,1,1,1,0,0,0,0,0,0,0,1,0,0,0,0,0,1,0
227721240,1358071,305070127,304152591,305070127,0,2,0,0,2,1,1,1,0,0,0,0,0,0,0,1,0,0,0,0,0,1,0
228227308,1358071,305070127,304152591,305070127,0,2,0,0,2,1,1,1,0,0,0,0,0,0,0,1,0,0,0,0,0,1,0
228735965,1358071,305070127,304152591,305070127,0,2,0,0,2,1,1,1,0,0,0,0,0,0,0,1,0,0,0,0,0,1,0
229244259,1358071,305070127,304152591,305070127,0,2,0,0,2,1,1,1,0,0,0,0,0,0,0,1,0,0,0,0,0,1,0
229751450,1358071,305070127,304152591,305070127,0,2,0,0,2,1,1,1,0,0,0,0,0,0,0,1,0,0,0,0,0,1,0
230259056,1358071,305070127,304152591,305070127,0,2,0,0,2,1,1,1,0,0,0,0,0,0,0,1,0,0,0,0,0,1,0
230768504,1358071,305070127,304152591,305070127,0,2,0,0,2,1,1,1,0,0,0,0,0,0,0,1,0,0,0,0,0,1,0
231276879,1358071,305070127,304152591,305070127,0,2,0,0,2,1,1,1,0,0,0,0,0,0,0,1,0,0,0,0,0,1,0
231784235,1358071,305070127,304152591,305070127,0,2,0,0,2,1,1,1,0,0,0,0,0,0,0,1,0,0,0,0,0,1,0
232293301,1358071,305070127,304152591,305070127,0,2,0,0,2,1,1,1,0,0,0,0,0,0,0,1,0,0,0,0,0,1,0
232801433,1358071,305070127,304152591,305070127,0,2,0,0,2,1,1,1,0,0,0,0,0,0,0,1,0,0,0,0,0,1,0
233309109,1358071,305070127,304152591,305070127,0,2,0,0,2,1,1,1,0,0,0,0,0,0,0,1,0,0,0,0,0,1,0
233816967,1358071,305070127,304152591,305070127,0,2,0,0,2,1,1,1,0,0,0,0,0,0,0,1,0,0,0,0,0,1,0
234326116,1358071,305070127,304152591,305070127,0,2,0,0,2,1,1,1,0,0,0,0,0,0,0,1,0,0,0,0,0,1,0
234831997,1358071,305070127,304152591,305070127,0,2,0,0,2,1,1,1,0,0,0,0,0,0,0,1,0,0,0,0,0,1,0
235341966,1358071,305070127,304152591,305070127,0,2,0,0,2,1,1,1,0,0,0,0,0,0,0,1,0,0,0,0,0,1,0
235848996,1358071,305070127,304152591,305070127,0,2,0,0,2,1,1,1,0,0,0,0,0,0,0,1,0,0,0,0,0,1,0
236356965,1358071,305070127,304152591,305070127,0,2,0,0,2,1,1,1,0,0,0,0,0,0,0,1,0,0,0,0,0,1,0
236863002,1358071,305070127,304152591,305070127,0,2,0,0,2,1,1,1,0,0,0,0,0,0,0,1,0,0,0,0,0,1,0
237372065,1358071,305070127,304152591,305070127,0,2,0,0,2,1,1,1,0,0,0,0,0,0,0,1,0,0,0,0,0,1,0
237879969,1358071,305070127,304152591,305070127,0,2,0,0,2,1,1,1,0,0,0,0,0,0,0,1,0,0,0,0,0,1,0
238387011,1358071,305070127,304152591,305070127,0,2,0,0,2,1,1,1,0,0,0,0,0,0,0,1,0,0,0,0,0,1,0
238892998,1358071,305070127,304152591,305070127,0,2,0,0,2,1,1,1,0,0,0,0,0,0,0,1,0,0,0,0,0,1,0
239401064,1358071,305070127,304152591,305070127,0,2,0,0,2,1,1,1,0,0,0,0,0,0,0,1,0,0,0,0,0,1,0
239908279,1358071,305070127,304152591,305070127,0,2,0,0,2,1,1,1,0,0,0,0,0,0,0,1,0,0,0,0,0,1,0
240414381,1358071,305070127,304152591,305070127,0,2,0,0,2,1,1,1,0,0,0,0,0,0,0,1,0,0,0,0,0,1,0
240921045,1358071,305070127,304152591,305070127,0,2,0,0,2,1,1,1,0,0,0,0,0,0,0,1,0,0,0,0,0,1,0
241429962,1358071,305070127,304152591,305070127,0,2,0,0,2,1,1,1,0,0,0,0,0,0,0,1,0,0,0,0,0,1,0
241936201,1358071,305070127,304152591,305070127,0,2,0,0,2,1,1,1,0,0,0,0,0,0,0,1,0,0,0,0,0,1,0
242443126,1358071,305070127,304152591,305070127,0,2,0,0,2,1,1,1,0,0,0,0,0,0,0,1,0,0,0,0,0,1,0
242949968,1358071,305070127,304152591,305070127,0,2,0,0,2,1,1,1,0,0,0,0,0,0,0,1,0,0,0,0,0,1,0
243456999,1358071,305070127,304152591,305070127,0,2,0,0,2,1,1,1,0,0,0,0,0,0,0,1,0,0,0,0,0,1,0
243964229,1358071,305070127,304152591,305070127,0,2,0,0,2,1,1,1,0,0,0,0,0,0,0,1,0,0,0,0,0,1,0
244472180,1358071,305070127,304152591,305070127,0,2,0,0,2,1,1,1,0,0,0,0,0,0,0,1,0,0,0,0,0,1,0
244980334,1358071,305070127,304152591,305070127,0,2,0,0,2,1,1,1,0,0,0,0,0,0,0,1,0,0,0,0,0,1,0
245487238,1358071,305070127,304152591,305070127,0,2,0,0,2,1,1,1,0,0,0,0,0,0,0,1,0,0,0,0,0,1,0
245994023,1358071,305070127,304152591,305070127,0,2,0,0,2,1,1,1,0,0,0,0,0,0,0,1,0,0,0,0,0,1,0
246501126,1358071,305070127,304152591,305070127,0,2,0,0,2,1,1,1,0,0,0,0,0,0,0,1,0,0,0,0,0,1,0
247008968,1358071,305070127,304152591,305070127,0,2,0,0,2,1,1,1,0,0,0,0,0,0,0,1,0,0,0,0,0,1,0
247515054,1358071,305070127,304152591,305070127,0,2,0,0,2,1,1,1,0,0,0,0,0,0,0,1,0,0,0,0,0,1,0
248021967,1358071,305070127,304152591,305070127,0,2,0,0,2,1,1,1,0,0,0,0,0,0,0,1,0,0,0,0,0,1,0
248531003,1358071,305070127,304152591,305070127,0,2,0,0,2,1,1,1,0,0,0,0,0,0,0,1,0,0,0,0,0,1,0
249038969,1358071,305070127,304152591,305070127,0,2,0,0,2,1,1,1,0,0,0,0,0,0,0,1,0,0,0,0,0,1,0
249546191,1358071,305070127,304152591,305070127,0,2,0,0,2,1,1,1,0,0,0,0,0,0,0,1,0,0,0,0,0,1,0
250053974,1358071,305070127,304152591,305070127,0,2,0,0,2,1,1,1,0,0,0,0,0,0,0,1,0,0,0,0,0,1,0
250563347,1358071,305070127,304152591,305070127,0,2,0,0,2,1,1,1,0,0,0,0,0,0,0,1,0,0,0,0,0,1,0
251069967,1358071,305070127,304152591,305070127,0,2,0,0,2,1,1,1,0,0,0,0,0,0,0,1,0,0,0,0,0,1,0
251576996,1358071,305070127,304152591,305070127,0,2,0,0,2,1,1,1,0,0,0,0,0,0,0,1,0,0,0,0,0,1,0
252085967,1358071,305070127,304152591,305070127,0,2,0,0,2,1,1,1,0,0,0,0,0,0,0,1,0,0,0,0,0,1,0
252592003,1358071,305070127,304152591,305070127,0,2,0,0,2,1,1,1,0,0,0,0,0,0,0,1,0,0,0,0,0,1,0
253099025,1358071,305070127,304152591,305070127,0,2,0,0,2,1,1,1,0,0,0,0,0,0,0,1,0,0,0,0,0,1,0
253605965,1358071,305070127,304152591,305070127,0,2,0,0,2,1,1,1,0,0,0,0,0,0,0,1,0,0,0,0,0,1,0
254113966,1358071,305070127,304152591,305070127,0,2,0,0,2,1,1,1,0,0,0,0,0,0,0,1,0,0,0,0,0,1,0
254621406,1358071,305070127,304152591,305070127,0,2,0,0,2,1,1,1,0,0,0,0,0,0,0,1,0,0,0,0,0,1,0
255127118,1358071,305070127,304152591,305070127,0,2,0,0,2,1,1,1,0,0,0,0,0,0,0,1,0,0,0,0,0,1,0
255634366,1358071,305070127,304152591,305070127,0,2,0,0,2,1,1,1,0,0,0,0,0,0,0,1,0,0,0,0,0,1,0
256142968,1358071,305070127,304152591,305070127,0,2,0,0,2,1,1,1,0,0,0,0,0,0,0,1,0,0,0,0,0,1,0
256649072,1358071,305070127,304152591,305070127,0,2,0,0,2,1,1,1,0,0,0,0,0,0,0,1,0,0,0,0,0,1,0
257156068,1358071,305070127,304152591,305070127,0,2,0,0,2,1,1,1,0,0,0,0,0,0,0,1,0,0,0,0,0,1,0
257664101,1358071,305070127,304152591,305070127,0,2,0,0,2,1,1,1,0,0,0,0,0,0,0,1,0,0,0,0,0,1,0
258171410,1358071,305070127,304152591,305070127,0,2,0,0,2,1,1,1,0,0,0,0,0,0,0,1,0,0,0,0,0,1,0
258679919,1358071,305070127,304152591,305070127,0,2,0,0,2,1,1,1,0,0,0,0,0,0,0,1,0,0,0,0,0,1,0
259186709,1358071,305070127,304152591,305070127,0,2,0,0,2,1,1,1,0,0,0,0,0,0,0,1,0,0,0,0,0,1,0
259692992,1358071,305070127,304152591,305070127,0,2,0,0,2,1,1,1,0,0,0,0,0,0,0,1,0,0,0,0,0,1,0
260201965,1358071,305070127,304152591,305070127,0,2,0,0,2,1,1,1,0,0,0,0,0,0,0,1,0,0,0,0,0,1,0
260708968,1358071,305070127,304152591,305070127,0,2,0,0,2,1,1,1,0,0,0,0,0,0,0,1,0,0,0,0,0,1,0
261217868,1358071,305070127,304152591,305070127,0,2,0,0,2,1,1,1,0,0,0,0,0,0,0,1,0,0,0,0,0,1,0
261724971,1358071,305070127,304152591,305070127,0,2,0,0,2,1,1,1,0,0,0,0,0,0,0,1,0,0,0,0,0,1,0
262233284,1358071,305070127,304152591,305070127,0,2,0,0,2,1,1,1,0,0,0,0,0,0,0,1,0,0,0,0,0,1,0
262741004,1358071,305070127,304152591,305070127,0,2,0,0,2,1,1,1,0,0,0,0,0,0,0,1,0,0,0,0,0,1,0
263248993,1358071,305070127,304152591,305070127,0,2,0,0,2,1,1,1,0,0,0,0,0,0,0,1,0,0,0,0,0,1,0
263755077,1358071,305070127,304152591,305070127,0,2,0,0,2,1,1,1,0,0,0,0,0,0,0,1,0,0,0,0,0,1,0
264262607,1358071,305070127,304152591,305070127,0,2,0,0,2,1,1,1,0,0,0,0,0,0,0,1,0,0,0,0,0,1,0
264769205,1358071,305070127,304152591,305070127,0,2,0,0,2,1,1,1,0,0,0,0,0,0,0,1,0,0,0,0,0,1,0
265277102,1358071,305070127,304152591,305070127,0,2,0,0,2,1,1,1,0,0,0,0,0,0,0,1,0,0,0,0,0,1,0
265783967,1358071,305070127,304152591,305070127,0,2,0,0,2,1,1,1,0,0,0,0,0,0,0,1,0,0,0,0,0,1,0
266291004,1358071,305070127,304152591,305070127,0,2,0,0,2,1,1,1,0,0,0,0,0,0,0,1,0,0,0,0,0,1,0
266799140,1358071,305070127,304152591,305070127,0,2,0,0,2,1,1,1,0,0,0,0,0,0,0,1,0,0,0,0,0,1,0
267306033,1358071,305070127,304152591,305070127,0,2,0,0,2,1,1,1,0,0,0,0,0,0,0,1,0,0,0,0,0,1,0
267813968,1358071,305070127,304152591,305070127,0,2,0,0,2,1,1,1,0,0,0,0,0,0,0,1,0,0,0,0,0,1,0
268322111,1358071,305070127,304152591,305070127,0,2,0,0,2,1,1,1,0,0,0,0,0,0,0,1,0,0,0,0,0,1,0
268828992,1358071,305070127,304152591,305070127,0,2,0,0,2,1,1,1,0,0,0,0,0,0,0,1,0,0,0,0,0,1,0
269336988,1358071,305070127,304152591,305070127,0,2,0,0,2,1,1,1,0,0,0,0,0,0,0,1,0,0,0,0,0,1,0
269843967,1358071,305070127,304152591,305070127,0,2,0,0,2,1,1,1,0,0,0,0,0,0,0,1,0,0,0,0,0,1,0
270352036,1358071,305070127,304152591,305070127,0,2,0,0,2,1,1,1,0,0,0,0,0,0,0,1,0,0,0,0,0,1,0
270861967,1358071,305070127,304152591,305070127,0,2,0,0,2,1,1,1,0,0,0,0,0,0,0,1,0,0,0,0,0,1,0
271369035,1358071,305070127,304152591,305070127,0,2,0,0,2,1,1,1,0,0,0,0,0,0,0,1,0,0,0,0,0,1,0
271875110,1358071,305070127,304152591,305070127,0,2,0,0,2,1,1,1,0,0,0,0,0,0,0,1,0,0,0,0,0,1,0
272383481,1358071,305070127,304152591,305070127,0,2,0,0,2,1,1,1,0,0,0,0,0,0,0,1,0,0,0,0,0,1,0
272890970,1358071,305070127,304152591,305070127,0,2,0,0,2,1,1,1,0,0,0,0,0,0,0,1,0,0,0,0,0,1,0
273397965,1358071,305070127,304152591,305070127,0,2,0,0,2,1,1,1,0,0,0,0,0,0,0,1,0,0,0,0,0,1,0
273908097,1358071,305070127,304152591,305070127,0,2,0,0,2,1,1,1,0,0,0,0,0,0,0,1,0,0,0,0,0,1,0
274416001,1358071,305070127,304152591,305070127,0,2,0,0,2,1,1,1,0,0,0,0,0,0,0,1,0,0,0,0,0,1,0
274922990,1358071,305070127,304152591,305070127,0,2,0,0,2,1,1,1,0,0,0,0,0,0,0,1,0,0,0,0,0,1,0
275431978,1358071,305070127,304152591,305070127,0,2,0,0,2,1,1,1,0,0,0,0,0,0,0,1,0,0,0,0,0,1,0
275940053,1358071,305070127,304152591,305070127,0,2,0,0,2,1,1,1,0,0,0,0,0,0,0,1,0,0,0,0,0,1,0
276447966,1358071,305070127,304152591,305070127,0,2,0,0,2,1,1,1,0,0,0,0,0,0,0,1,0,0,0,0,0,1,0
276956999,1358071,305070127,304152591,305070127,0,2,0,0,2,1,1,1,0,0,0,0,0,0,0,1,0,0,0,0,0,1,0
277466007,1358071,305070127,304152591,305070127,0,2,0,0,2,1,1,1,0,0,0,0,0,0,0,1,0,0,0,0,0,1,0
277974017,1358071,305070127,304152591,305070127,0,2,0,0,2,1,1,1,0,0,0,0,0,0,0,1,0,0,0,0,0,1,0
278481966,1358071,305070127,304152591,305070127,0,2,0,0,2,1,1,1,0,0,0,0,0,0,0,1,0,0,0,0,0,1,0
278991212,1358071,305070127,304152591,305070127,0,2,0,0,2,1,1,1,0,0,0,0,0,0,0,1,0,0,0,0,0,1,0
279498071,1358071,305070127,304152591,305070127,0,2,0,0,2,1,1,1,0,0,0,0,0,0,0,1,0,0,0,0,0,1,0
280005119,1358071,305070127,304152591,305070127,0,2,0,0,2,1,1,1,0,0,0,0,0,0,0,1,0,0,0,0,0,1,0
280511967,1358071,305070127,304152591,305070127,0,2,0,0,2,1,1,1,0,0,0,0,0,0,0,1,0,0,0,0,0,1,0
281019966,1358071,305070127,304152591,305070127,0,2,0,0,2,1,1,1,0,0,0,0,0,0,0,1,0,0,0,0,0,1,0
281528046,1358071,305070127,304152591,305070127,0,2,0,0,2,1,1,1,0,0,0,0,0,0,0,1,0,0,0,0,0,1,0
282035214,1358071,305070127,304152591,305070127,0,2,0,0,2,1,1,1,0,0,0,0,0,0,0,1,0,0,0,0,0,1,0
282542088,1358071,305070127,304152591,305070127,0,2,0,0,2,1,1,1,0,0,0,0,0,0,0,1,0,0,0,0,0,1,0
283051002,1358071,305070127,304152591,305070127,0,2,0,0,2,1,1,1,0,0,0,0,0,0,0,1,0,0,0,0,0,1,0
283561114,1358071,305070127,304152591,305070127,0,2,0,0,2,1,1,1,0,0,0,0,0,0,0,1,0,0,0,0,0,1,0
284067966,1358071,305070127,304152591,305070127,0,2,0,0,2,1,1,1,0,0,0,0,0,0,0,1,0,0,0,0,0,1,0
284575023,1358071,305070127,304152591,305070127,0,2,0,0,2,1,1,1,0,0,0,0,0,0,0,1,0,0,0,0,0,1,0
285084413,1358071,305070127,304152591,305070127,0,2,0,0,2,1,1,1,0,0,0,0,0,0,0,1,0,0,0,0,0,1,0
285590942,1358071,305070127,304152591,305070127,0,2,0,0,2,1,1,1,0,0,0,0,0,0,0,1,0,0,0,0,0,1,0
286099025,1358071,305070127,304152591,305070127,0,2,0,0,2,1,1,1,0,0,0,0,0,0,0,1,0,0,0,0,0,1,0
286606097,1358071,305070127,304152591,305070127,0,2,0,0,2,1,1,1,0,0,0,0,0,0,0,1,0,0,0,0,0,1,0
287113025,1358071,305070127,304152591,305070127,0,2,0,0,2,1,1,1,0,0,0,0,0,0,0,1,0,0,0,0,0,1,0
287618969,1358071,305070127,304152591,305070127,0,2,0,0,2,1,1,1,0,0,0,0,0,0,0,1,0,0,0,0,0,1,0
288125968,1358071,305070127,304152591,305070127,0,2,0,0,2,1,1,1,0,0,0,0,0,0,0,1,0,0,0,0,0,1,0
288634051,1358071,305070127,304152591,305070127,0,2,0,0,2,1,1,1,0,0,0,0,0,0,0,1,0,0,0,0,0,1,0
289140965,1358071,305070127,304152591,305070127,0,2,0,0,2,1,1,1,0,0,0,0,0,0,0,1,0,0,0,0,0,1,0
289647967,1358071,305070127,304152591,305070127,0,2,0,0,2,1,1,1,0,0,0,0,0,0,0,1,0,0,0,0,0,1,0
290155538,1358071,305070127,304152591,305070127,0,2,0,0,2,1,1,1,0,0,0,0,0,0,0,1,0,0,0,0,0,1,0
290662374,1358071,305070127,304152591,305070127,0,2,0,0,2,1,1,1,0,0,0,0,0,0,0,1,0,0,0,0,0,1,0
291168989,1358071,305070127,304152591,305070127,0,2,0,0,2,1,1,1,0,0,0,0,0,0,0,1,0,0,0,0,0,1,0
291676970,1358071,305070127,304152591,305070127,0,2,0,0,2,1,1,1,0,0,0,0,0,0,0,1,0,0,0,0,0,1,0
292186128,1358071,305070127,304152591,305070127,0,2,0,0,2,1,1,1,0,0,0,0,0,0,0,1,0,0,0,0,0,1,0
292695006,1358071,305070127,304152591,305070127,0,2,0,0,2,1,1,1,0,0,0,0,0,0,0,1,0,0,0,0,0,1,0
293204028,1358071,305070127,304152591,305070127,0,2,0,0,2,1,1,1,0,0,0,0,0,0,0,1,0,0,0,0,0,1,0
293712991,1358071,305070127,304152591,305070127,0,2,0,0,2,1,1,1,0,0,0,0,0,0,0,1,0,0,0,0,0,1,0
294223373,1358071,305070127,304152591,305070127,0,2,0,0,2,1,1,1,0,0,0,0,0,0,0,1,0,0,0,0,0,1,0
294729969,1358071,305070127,304152591,305070127,0,2,0,0,2,1,1,1,0,0,0,0,0,0,0,1,0,0,0,0,0,1,0
295238168,1358071,305070127,304152591,305070127,0,2,0,0,2,1,1,1,0,0,0,0,0,0,0,1,0,0,0,0,0,1,0
295745021,1358071,305070127,304152591,305070127,0,2,0,0,2,1,1,1,0,0,0,0,0,0,0,1,0,0,0,0,0,1,0
296254034,1358071,305070127,304152591,305070127,0,2,0,0,2,1,1,1,0,0,0,0,0,0,0,1,0,0,0,0,0,1,0
296760007,1358071,305070127,304152591,305070127,0,2,0,0,2,1,1,1,0,0,0,0,0,0,0,1,0,0,0,0,0,1,0
297268607,1358071,305070127,304152591,305070127,0,2,0,0,2,1,1,1,0,0,0,0,0,0,0,1,0,0,0,0,0,1,0
297776067,1358071,305070127,304152591,305070127,0,2,0,0,2,1,1,1,0,0,0,0,0,0,0,1,0,0,0,0,0,1,0
298282114,1358071,305070127,304152591,305070127,0,2,0,0,2,1,1,1,0,0,0,0,0,0,0,1,0,0,0,0,0,1,0
298789051,1358071,305070127,304152591,305070127,0,2,0,0,2,1,1,1,0,0,0,0,0,0,0,1,0,0,0,0,0,1,0
299296967,1358071,305070127,304152591,305070127,0,2,0,0,2,1,1,1,0,0,0,0,0,0,0,1,0,0,0,0,0,1,0
299804071,1358071,305070127,304152591,305070127,0,2,0,0,2,1,1,1,0,0,0,0,0,0,0,1,0,0,0,0,0,1,0
300311047,1358071,305070127,304152591,305070127,0,2,0,0,2,1,1,1,0,0,0,0,0,0,0,1,0,0,0,0,0,1,0
300819330,1358071,305070127,304152591,305070127,0,2,0,0,2,1,1,1,0,0,0,0,0,0,0,1,0,0,0,0,0,1,0
301324970,1358071,305070127,304152591,305070127,0,2,0,0,2,1,1,1,0,0,0,0,0,0,0,1,0,0,0,0,0,1,0
301833264,1358071,305070127,304152591,305070127,0,2,0,0,2,1,1,1,0,0,0,0,0,0,0,1,0,0,0,0,0,1,0
302340125,1358071,305070127,304152591,305070127,0,2,0,0,2,1,1,1,0,0,0,0,0,0,0,1,0,0,0,0,0,1,0
302848997,1358071,305070127,304152591,305070127,0,2,0,0,2,1,1,1,0,0,0,0,0,0,0,1,0,0,0,0,0,1,0
303358522,1358071,305070127,304152591,305070127,0,2,0,0,2,1,1,1,0,0,0,0,0,0,0,1,0,0,0,0,0,1,0
303865992,1358071,305070127,304152591,305070127,0,2,0,0,2,1,1,1,0,0,0,0,0,0,0,1,0,0,0,0,0,1,0
304372967,1358071,305070127,304152591,305070127,0,2,0,0,2,1,1,1,0,0,0,0,0,0,0,1,0,0,0,0,0,1,0
304879107,1358071,305070127,304152591,305070127,0,2,0,0,2,1,1,1,0,0,0,0,0,0,0,1,0,0,0,0,0,1,0
305385965,1358071,305070127,304152591,305070127,0,2,0,0,2,1,1,1,0,0,0,0,0,0,0,1,0,0,0,0,0,1,0
305892998,1358071,305070127,304152591,305070127,0,2,0,0,2,1,1,1,0,0,0,0,0,0,0,1,0,0,0,0,0,1,0
306400098,1358071,305070127,304152591,305070127,0,2,0,0,2,1,1,1,0,0,0,0,0,0,0,1,0,0,0,0,0,1,0
306907138,1358071,305070127,304152591,305070127,0,2,0,0,2,1,1,1,0,0,0,0,0,0,0,1,0,0,0,0,0,1,0
307414965,1358071,305070127,304152591,305070127,0,2,0,0,2,1,1,1,0,0,0,0,0,0,0,1,0,0,0,0,0,1,0
307922363,1358071,305070127,304152591,305070127,0,2,0,0,2,1,1,1,0,0,0,0,0,0,0,1,0,0,0,0,0,1,0
308429229,1358071,305070127,304152591,305070127,0,2,0,0,2,1,1,1,0,0,0,0,0,0,0,1,0,0,0,0,0,1,0
308938039,1358071,305070127,304152591,305070127,0,2,0,0,2,1,1,1,0,0,0,0,0,0,0,1,0,0,0,0,0,1,0
309444100,1358071,305070127,304152591,305070127,0,2,0,0,2,1,1,1,0,0,0,0,0,0,0,1,0,0,0,0,0,1,0
309949966,1358071,305070127,304152591,305070127,0,2,0,0,2,1,1,1,0,0,0,0,0,0,0,1,0,0,0,0,0,1,0
310457177,1358071,305070127,304152591,305070127,0,2,0,0,2,1,1,1,0,0,0,0,0,0,0,1,0,0,0,0,0,1,0
310964965,1358071,305070127,304152591,305070127,0,2,0,0,2,1,1,1,0,0,0,0,0,0,0,1,0,0,0,0,0,1,0
311474161,1358071,305070127,304152591,305070127,0,2,0,0,2,1,1,1,0,0,0,0,0,0,0,1,0,0,0,0,0,1,0
311980231,1358071,305070127,304152591,305070127,0,2,0,0,2,1,1,1,0,0,0,0,0,0,0,1,0,0,0,0,0,1,0
312489972,1358071,305070127,304152591,305070127,0,2,0,0,2,1,1,1,0,0,0,0,0,0,0,1,0,0,0,0,0,1,0
312998513,1358071,305070127,304152591,305070127,0,2,0,0,2,1,1,1,0,0,0,0,0,0,0,1,0,0,0,0,0,1,0
313506268,1358071,305070127,304152591,305070127,0,2,0,0,2,1,1,1,0,0,0,0,0,0,0,1,0,0,0,0,0,1,0
314013031,1358071,305070127,304152591,305070127,0,2,0,0,2,1,1,1,0,0,0,0,0,0,0,1,0,0,0,0,0,1,0
314519968,1358071,305070127,304152591,305070127,0,2,0,0,2,1,1,1,0,0,0,0,0,0,0,1,0,0,0,0,0,1,0
315026967,1358071,305070127,304152591,305070127,0,2,0,0,2,1,1,1,0,0,0,0,0,0,0,1,0,0,0,0,0,1,0
315533018,1358071,305070127,304152591,305070127,0,2,0,0,2,1,1,1,0,0,0,0,0,0,0,1,0,0,0,0,0,1,0
316041066,1358071,305070127,304152591,305070127,0,2,0,0,2,1,1,1,0,0,0,0,0,0,0,1,0,0,0,0,0,1,0
316547996,1358071,305070127,304152591,305070127,0,2,0,0,2,1,1,1,0,0,0,0,0,0,0,1,0,0,0,0,0,1,0
317055973,1358071,305070127,304152591,305070127,0,2,0,0,2,1,1,1,0,0,0,0,0,0,0,1,0,0,0,0,0,1,0
317563200,1358071,305070127,304152591,305070127,0,2,0,0,2,1,1,1,0,0,0,0,0,0,0,1,0,0,0,0,0,1,0
318072218,1358071,305070127,304152591,305070127,0,2,0,0,2,1,1,1,0,0,0,0,0,0,0,1,0,0,0,0,0,1,0
318579968,1358071,305070127,304152591,305070127,0,2,0,0,2,1,1,1,0,0,0,0,0,0,0,1,0,0,0,0,0,1,0
319089114,1358071,305070127,304152591,305070127,0,2,0,0,2,1,1,1,0,0,0,0,0,0,0,1,0,0,0,0,0,1,0
319596967,1358071,305070127,304152591,305070127,0,2,0,0,2,1,1,1,0,0,0,0,0,0,0,1,0,0,0,0,0,1,0
320103967,1358071,305070127,304152591,305070127,0,2,0,0,2,1,1,1,0,0,0,0,0,0,0,1,0,0,0,0,0,1,0
320610997,1358071,305070127,304152591,305070127,0,2,0,0,2,1,1,1,0,0,0,0,0,0,0,1,0,0,0,0,0,1,0
321119965,1358071,305070127,304152591,305070127,0,2,0,0,2,1,1,1,0,0,0,0,0,0,0,1,0,0,0,0,0,1,0
321626699,1358071,305070127,304152591,305070127,0,2,0,0,2,1,1,1,0,0,0,0,0,0,0,1,0,0,0,0,0,1,0
322132967,1358071,305070127,304152591,305070127,0,2,0,0,2,1,1,1,0,0,0,0,0,0,0,1,0,0,0,0,0,1,0
322639966,1358071,305070127,304152591,305070127,0,2,0,0,2,1,1,1,0,0,0,0,0,0,0,1,0,0,0,0,0,1,0
323147376,1358071,305070127,304152591,305070127,0,2,0,0,2,1,1,1,0,0,0,0,0,0,0,1,0,0,0,0,0,1,0
323655097,1358071,305070127,304152591,305070127,0,2,0,0,2,1,1,1,0,0,0,0,0,0,0,1,0,0,0,0,0,1,0
324161971,1358071,305070127,304152591,305070127,0,2,0,0,2,1,1,1,0,0,0,0,0,0,0,1,0,0,0,0,0,1,0
324668967,1358071,305070127,304152591,305070127,0,2,0,0,2,1,1,1,0,0,0,0,0,0,0,1,0,0,0,0,0,1,0
325178093,1358071,305070127,304152591,305070127,0,2,0,0,2,1,1,1,0,0,0,0,0,0,0,1,0,0,0,0,0,1,0
325685270,1358071,305070127,304152591,305070127,0,2,0,0,2,1,1,1,0,0,0,0,0,0,0,1,0,0,0,0,0,1,0
326192175,1358071,305070127,304152591,305070127,0,2,0,0,2,1,1,1,0,0,0,0,0,0,0,1,0,0,0,0,0,1,0
326700049,1358071,305070127,304152591,305070127,0,2,0,0,2,1,1,1,0,0,0,0,0,0,0,1,0,0,0,0,0,1,0
327207965,1358071,305070127,304152591,305070127,0,2,0,0,2,1,1,1,0,0,0,0,0,0,0,1,0,0,0,0,0,1,0
327713966,1358071,305070127,304152591,305070127,0,2,0,0,2,1,1,1,0,0,0,0,0,0,0,1,0,0,0,0,0,1,0
328223435,1358071,305070127,304152591,305070127,0,2,0,0,2,1,1,1,0,0,0,0,0,0,0,1,0,0,0,0,0,1,0
328730967,1358071,305070127,304152591,305070127,0,2,0,0,2,1,1,1,0,0,0,0,0,0,0,1,0,0,0,0,0,1,0
329238041,1358071,305070127,304152591,305070127,0,2,0,0,2,1,1,1,0,0,0,0,0,0,0,1,0,0,0,0,0,1,0
329749022,1358071,305070127,304152591,305070127,0,2,0,0,2,1,1,1,0,0,0,0,0,0,0,1,0,0,0,0,0,1,0
330251183,1358071,305070127,304152591,305070127,0,2,0,0,2,1,1,1,0,0,0,0,0,0,0,1,0,0,0,0,0,1,0
330754963,1358071,305070127,304152591,305070127,0,2,0,0,2,1,1,1,0,0,0,0,0,0,0,1,0,0,0,0,0,1,0
331257414,1358071,305070127,304152591,305070127,0,2,0,0,2,1,1,1,0,0,0,0,0,0,0,1,0,0,0,0,0,1,0
331758000,1358071,305070127,304152591,305070127,0,2,0,0,2,1,1,1,0,0,0,0,0,0,0,1,0,0,0,0,0,1,0
332266998,1358071,305070127,304152591,305070127,0,2,0,0,2,1,1,1,0,0,0,0,0,0,0,1,0,0,0,0,0,1,0
332777794,1358071,305070127,304152591,305070127,0,2,0,0,2,1,1,1,0,0,0,0,0,0,0,1,0,0,0,0,0,1,0
333278965,1358071,305070127,304152591,305070127,0,2,0,0,2,1,1,1,0,0,0,0,0,0,0,1,0,0,0,0,0,1,0
333787965,1358071,305070127,304152591,305070127,0,2,0,0,2,1,1,1,0,0,0,0,0,0,0,1,0,0,0,0,0,1,0
334294999,1358071,305070127,304152591,305070127,0,2,0,0,2,1,1,1,0,0,0,0,0,0,0,1,0,0,0,0,0,1,0
334798095,1358071,305070127,304152591,305070127,0,2,0,0,2,1,1,1,0,0,0,0,0,0,0,1,0,0,0,0,0,1,0
335308001,1358071,305070127,304152591,305070127,0,2,0,0,2,1,1,1,0,0,0,0,0,0,0,1,0,0,0,0,0,1,0
335816171,1358071,305070127,304152591,305070127,0,2,0,0,2,1,1,1,0,0,0,0,0,0,0,1,0,0,0,0,0,1,0
336317126,1358071,305070127,304152591,305070127,0,2,0,0,2,1,1,1,0,0,0,0,0,0,0,1,0,0,0,0,0,1,0
336827970,1358071,305070127,304152591,305070127,0,2,0,0,2,1,1,1,0,0,0,0,0,0,0,1,0,0,0,0,0,1,0
337328839,1358071,305070127,304152591,305070127,0,2,0,0,2,1,1,1,0,0,0,0,0,0,0,1,0,0,0,0,0,1,0
337829182,1358071,305070127,304152591,305070127,0,2,0,0,2,1,1,1,0,0,0,0,0,0,0,1,0,0,0,0,0,1,0
338339002,1358071,305070127,304152591,305070127,0,2,0,0,2,1,1,1,0,0,0,0,0,0,0,1,0,0,0,0,0,1,0
338845969,1358071,305070127,304152591,305070127,0,2,0,0,2,1,1,1,0,0,0,0,0,0,0,1,0,0,0,0,0,1,0
339353807,1358071,305070127,304152591,305070127,0,2,0,0,2,1,1,1,0,0,0,0,0,0,0,1,0,0,0,0,0,1,0
339860965,1358071,305070127,304152591,305070127,0,2,0,0,2,1,1,1,0,0,0,0,0,0,0,1,0,0,0,0,0,1,0
340367988,1358071,305070127,304152591,305070127,0,2,0,0,2,1,1,1,0,0,0,0,0,0,0,1,0,0,0,0,0,1,0
340875006,1358071,305070127,304152591,305070127,0,2,0,0,2,1,1,1,0,0,0,0,0,0,0,1,0,0,0,0,0,1,0
341381965,1358071,305070127,304152591,305070127,0,2,0,0,2,1,1,1,0,0,0,0,0,0,0,1,0,0,0,0,0,1,0
341888965,1358071,305070127,304152591,305070127,0,2,0,0,2,1,1,1,0,0,0,0,0,0,0,1,0,0,0,0,0,1,0
342395034,1358071,305070127,304152591,305070127,0,2,0,0,2,1,1,1,0,0,0,0,0,0,0,1,0,0,0,0,0,1,0
342902084,1358071,305070127,304152591,305070127,0,2,0,0,2,1,1,1,0,0,0,0,0,0,0,1,0,0,0,0,0,1,0
343410005,1358071,305070127,304152591,305070127,0,2,0,0,2,1,1,1,0,0,0,0,0,0,0,1,0,0,0,0,0,1,0
343918353,1358071,305070127,304152591,305070127,0,2,0,0,2,1,1,1,0,0,0,0,0,0,0,1,0,0,0,0,0,1,0
344426039,1358071,305070127,304152591,305070127,0,2,0,0,2,1,1,1,0,0,0,0,0,0,0,1,0,0,0,0,0,1,0
344933969,1358071,305070127,304152591,305070127,0,2,0,0,2,1,1,1,0,0,0,0,0,0,0,1,0,0,0,0,0,1,0
345440973,1358071,305070127,304152591,305070127,0,2,0,0,2,1,1,1,0,0,0,0,0,0,0,1,0,0,0,0,0,1,0
345948966,1358071,305070127,304152591,305070127,0,2,0,0,2,1,1,1,0,0,0,0,0,0,0,1,0,0,0,0,0,1,0
346458966,1358071,305070127,304152591,305070127,0,2,0,0,2,1,1,1,0,0,0,0,0,0,0,1,0,0,0,0,0,1,0
346966021,1358071,305070127,304152591,305070127,0,2,0,0,2,1,1,1,0,0,0,0,0,0,0,1,0,0,0,0,0,1,0
347473183,1358071,305070127,304152591,305070127,0,2,0,0,2,1,1,1,0,0,0,0,0,0,0,1,0,0,0,0,0,1,0
347980039,1358071,305070127,304152591,305070127,0,2,0,0,2,1,1,1,0,0,0,0,0,0,0,1,0,0,0,0,0,1,0
348488969,1358071,305070127,304152591,305070127,0,2,0,0,2,1,1,1,0,0,0,0,0,0,0,1,0,0,0,0,0,1,0
348998125,1358071,305070127,304152591,305070127,0,2,0,0,2,1,1,1,0,0,0,0,0,0,0,1,0,0,0,0,0,1,0
349506762,1358071,305070127,304152591,305070127,0,2,0,0,2,1,1,1,0,0,0,0,0,0,0,1,0,0,0,0,0,1,0
350013207,1358071,305070127,304152591,305070127,0,2,0,0,2,1,1,1,0,0,0,0,0,0,0,1,0,0,0,0,0,1,0
350519996,1358071,305070127,304152591,305070127,0,2,0,0,2,1,1,1,0,0,0,0,0,0,0,1,0,0,0,0,0,1,0
351026698,1358071,305070127,304152591,305070127,0,2,0,0,2,1,1,1,0,0,0,0,0,0,0,1,0,0,0,0,0,1,0
351533967,1358071,305070127,304152591,305070127,0,2,0,0,2,1,1,1,0,0,0,0,0,0,0,1,0,0,0,0,0,1,0
352041967,1358071,305070127,304152591,305070127,0,2,0,0,2,1,1,1,0,0,0,0,0,0,0,1,0,0,0,0,0,1,0
352549079,1358071,305070127,304152591,305070127,0,2,0,0,2,1,1,1,0,0,0,0,0,0,0,1,0,0,0,0,0,1,0
353057114,1358071,305070127,304152591,305070127,0,2,0,0,2,1,1,1,0,0,0,0,0,0,0,1,0,0,0,0,0,1,0
353564572,1358071,305070127,304152591,305070127,0,2,0,0,2,1,1,1,0,0,0,0,0,0,0,1,0,0,0,0,0,1,0
354071724,1358071,305070127,304152591,305070127,0,2,0,0,2,1,1,1,0,0,0,0,0,0,0,1,0,0,0,0,0,1,0
354579040,1358071,305070127,304152591,305070127,0,2,0,0,2,1,1,1,0,0,0,0,0,0,0,1,0,0,0,0,0,1,0
355085971,1358071,305070127,304152591,305070127,0,2,0,0,2,1,1,1,0,0,0,0,0,0,0,1,0,0,0,0,0,1,0
355593073,1358071,305070127,304152591,305070127,0,2,0,0,2,1,1,1,0,0,0,0,0,0,0,1,0,0,0,0,0,1,0
356101167,1358071,305070127,304152591,305070127,0,2,0,0,2,1,1,1,0,0,0,0,0,0,0,1,0,0,0,0,0,1,0
356611094,1358071,305070127,304152591,305070127,0,2,0,0,2,1,1,1,0,0,0,0,0,0,0,1,0,0,0,0,0,1,0
357119978,1358071,305070127,304152591,305070127,0,2,0,0,2,1,1,1,0,0,0,0,0,0,0,1,0,0,0,0,0,1,0
357626081,1358071,305070127,304152591,305070127,0,2,0,0,2,1,1,1,0,0,0,0,0,0,0,1,0,0,0,0,0,1,0
358134406,1358071,305070127,304152591,305070127,0,2,0,0,2,1,1,1,0,0,0,0,0,0,0,1,0,0,0,0,0,1,0
358641031,1358071,305070127,304152591,305070127,0,2,0,0,2,1,1,1,0,0,0,0,0,0,0,1,0,0,0,0,0,1,0
359149986,1358071,305070127,304152591,305070127,0,2,0,0,2,1,1,1,0,0,0,0,0,0,0,1,0,0,0,0,0,1,0
359659168,1358071,305070127,304152591,305070127,0,2,0,0,2,1,1,1,0,0,0,0,0,0,0,1,0,0,0,0,0,1,0
360168131,1358071,305070127,304152591,305070127,0,2,0,0,2,1,1,1,0,0,0,0,0,0,0,1,0,0,0,0,0,1,0
360674969,1358071,305070127,304152591,305070127,0,2,0,0,2,1,1,1,0,0,0,0,0,0,0,1,0,0,0,0,0,1,0
361186009,1358071,305070127,304152591,305070127,0,2,0,0,2,1,1,1,0,0,0,0,0,0,0,1,0,0,0,0,0,1,0
361696995,1358071,305070127,304152591,305070127,0,2,0,0,2,1,1,1,0,0,0,0,0,0,0,1,0,0,0,0,0,1,0
362208484,1358071,305070127,304152591,305070127,0,2,0,0,2,1,1,1,0,0,0,0,0,0,0,1,0,0,0,0,0,1,0
362716966,1358071,305070127,304152591,305070127,0,2,0,0,2,1,1,1,0,0,0,0,0,0,0,1,0,0,0,0,0,1,0
363219095,1358071,305070127,304152591,305070127,0,2,0,0,2,1,1,1,0,0,0,0,0,0,0,1,0,0,0,0,0,1,0
363723046,1358071,305070127,304152591,305070127,0,2,0,0,2,1,1,1,0,0,0,0,0,0,0,1,0,0,0,0,0,1,0
364225169,1358071,305070127,304152591,305070127,0,2,0,0,2,1,1,1,0,0,0,0,0,0,0,1,0,0,0,0,0,1,0
364736593,1358071,305070127,304152591,305070127,0,2,0,0,2,1,1,1,0,0,0,0,0,0,0,1,0,0,0,0,0,1,0
365237966,1358071,305070127,304152591,305070127,0,2,0,0,2,1,1,1,0,0,0,0,0,0,0,1,0,0,0,0,0,1,0
365739965,1358071,305070127,304152591,305070127,0,2,0,0,2,1,1,1,0,0,0,0,0,0,0,1,0,0,0,0,0,1,0
366241109,1358071,305070127,304152591,305070127,0,2,0,0,2,1,1,1,0,0,0,0,0,0,0,1,0,0,0,0,0,1,0
366750297,1358071,305070127,304152591,305070127,0,2,0,0,2,1,1,1,0,0,0,0,0,0,0,1,0,0,0,0,0,1,0
367258252,1358071,305070127,304152591,305070127,0,2,0,0,2,1,1,1,0,0,0,0,0,0,0,1,0,0,0,0,0,1,0
367768029,1358071,305070127,304152591,305070127,0,2,0,0,2,1,1,1,0,0,0,0,0,0,0,1,0,0,0,0,0,1,0
368274029,1358071,305070127,304152591,305070127,0,2,0,0,2,1,1,1,0,0,0,0,0,0,0,1,0,0,0,0,0,1,0
368783177,1358071,305070127,304152591,305070127,0,2,0,0,2,1,1,1,0,0,0,0,0,0,0,1,0,0,0,0,0,1,0
369292141,1358071,305070127,304152591,305070127,0,2,0,0,2,1,1,1,0,0,0,0,0,0,0,1,0,0,0,0,0,1,0
369794034,1358071,305070127,304152591,305070127,0,2,0,0,2,1,1,1,0,0,0,0,0,0,0,1,0,0,0,0,0,1,0
370296066,1358071,305070127,304152591,305070127,0,2,0,0,2,1,1,1,0,0,0,0,0,0,0,1,0,0,0,0,0,1,0
370796397,1358071,305070127,304152591,305070127,0,2,0,0,2,1,1,1,0,0,0,0,0,0,0,1,0,0,0,0,0,1,0
371303966,1358071,305070127,304152591,305070127,0,2,0,0,2,1,1,1,0,0,0,0,0,0,0,1,0,0,0,0,0,1,0
371813007,1358071,305070127,304152591,305070127,0,2,0,0,2,1,1,1,0,0,0,0,0,0,0,1,0,0,0,0,0,1,0
372320015,1358071,305070127,304152591,305070127,0,2,0,0,2,1,1,1,0,0,0,0,0,0,0,1,0,0,0,0,0,1,0
372828965,1358071,305070127,304152591,305070127,0,2,0,0,2,1,1,1,0,0,0,0,0,0,0,1,0,0,0,0,0,1,0
373336109,1358071,305070127,304152591,305070127,0,2,0,0,2,1,1,1,0,0,0,0,0,0,0,1,0,0,0,0,0,1,0
373841966,1358071,305070127,304152591,305070127,0,2,0,0,2,1,1,1,0,0,0,0,0,0,0,1,0,0,0,0,0,1,0
374348966,1358071,305070127,304152591,305070127,0,2,0,0,2,1,1,1,0,0,0,0,0,0,0,1,0,0,0,0,0,1,0
374856523,1358071,305070127,304152591,305070127,0,2,0,0,2,1,1,1,0,0,0,0,0,0,0,1,0,0,0,0,0,1,0
375365198,1358071,305070127,304152591,305070127,0,2,0,0,2,1,1,1,0,0,0,0,0,0,0,1,0,0,0,0,0,1,0
375872143,1358071,305070127,304152591,305070127,0,2,0,0,2,1,1,1,0,0,0,0,0,0,0,1,0,0,0,0,0,1,0
376379026,1358071,305070127,304152591,305070127,0,2,0,0,2,1,1,1,0,0,0,0,0,0,0,1,0,0,0,0,0,1,0
376885967,1358071,305070127,304152591,305070127,0,2,0,0,2,1,1,1,0,0,0,0,0,0,0,1,0,0,0,0,0,1,0
377392968,1358071,305070127,304152591,305070127,0,2,0,0,2,1,1,1,0,0,0,0,0,0,0,1,0,0,0,0,0,1,0
377901474,1358071,305070127,304152591,305070127,0,2,0,0,2,1,1,1,0,0,0,0,0,0,0,1,0,0,0,0,0,1,0
378409325,1358071,305070127,304152591,305070127,0,2,0,0,2,1,1,1,0,0,0,0,0,0,0,1,0,0,0,0,0,1,0
378917119,1358071,305070127,304152591,305070127,0,2,0,0,2,1,1,1,0,0,0,0,0,0,0,1,0,0,0,0,0,1,0
379423970,1358071,305070127,304152591,305070127,0,2,0,0,2,1,1,1,0,0,0,0,0,0,0,1,0,0,0,0,0,1,0
379935047,1358071,305070127,304152591,305070127,0,2,0,0,2,1,1,1,0,0,0,0,0,0,0,1,0,0,0,0,0,1,0
380441966,1358071,305070127,304152591,305070127,0,2,0,0,2,1,1,1,0,0,0,0,0,0,0,1,0,0,0,0,0,1,0
380950006,1358071,305070127,304152591,305070127,0,2,0,0,2,1,1,1,0,0,0,0,0,0,0,1,0,0,0,0,0,1,0
381458071,1358071,305070127,304152591,305070127,0,2,0,0,2,1,1,1,0,0,0,0,0,0,0,1,0,0,0,0,0,1,0
381964234,1358071,305070127,304152591,305070127,0,2,0,0,2,1,1,1,0,0,0,0,0,0,0,1,0,0,0,0,0,1,0
382472592,1358071,305070127,304152591,305070127,0,2,0,0,2,1,1,1,0,0,0,0,0,0,0,1,0,0,0,0,0,1,0
382981995,1358071,305070127,304152591,305070127,0,2,0,0,2,1,1,1,0,0,0,0,0,0,0,1,0,0,0,0,0,1,0
383490066,1358071,305070127,304152591,305070127,0,2,0,0,2,1,1,1,0,0,0,0,0,0,0,1,0,0,0,0,0,1,0
383999030,1358071,305070127,304152591,305070127,0,2,0,0,2,1,1,1,0,0,0,0,0,0,0,1,0,0,0,0,0,1,0
384507037,1358071,305070127,304152591,305070127,0,2,0,0,2,1,1,1,0,0,0,0,0,0,0,1,0,0,0,0,0,1,0
385015771,1358071,305070127,304152591,305070127,0,2,0,0,2,1,1,1,0,0,0,0,0,0,0,1,0,0,0,0,0,1,0
385523964,1358071,305070127,304152591,305070127,0,2,0,0,2,1,1,1,0,0,0,0,0,0,0,1,0,0,0,0,0,1,0
386032220,1358071,305070127,304152591,305070127,0,2,0,0,2,1,1,1,0,0,0,0,0,0,0,1,0,0,0,0,0,1,0
386538971,1358071,305070127,304152591,305070127,0,2,0,0,2,1,1,1,0,0,0,0,0,0,0,1,0,0,0,0,0,1,0
387047969,1358071,305070127,304152591,305070127,0,2,0,0,2,1,1,1,0,0,0,0,0,0,0,1,0,0,0,0,0,1,0
387555967,1358071,305070127,304152591,305070127,0,2,0,0,2,1,1,1,0,0,0,0,0,0,0,1,0,0,0,0,0,1,0
388063966,1358071,305070127,304152591,305070127,0,2,0,0,2,1,1,1,0,0,0,0,0,0,0,1,0,0,0,0,0,1,0
388571966,1358071,305070127,304152591,305070127,0,2,0,0,2,1,1,1,0,0,0,0,0,0,0,1,0,0,0,0,0,1,0
389079024,1358071,305070127,304152591,305070127,0,2,0,0,2,1,1,1,0,0,0,0,0,0,0,1,0,0,0,0,0,1,0
389585996,1358071,305070127,304152591,305070127,0,2,0,0,2,1,1,1,0,0,0,0,0,0,0,1,0,0,0,0,0,1,0
390093131,1358071,305070127,304152591,305070127,0,2,0,0,2,1,1,1,0,0,0,0,0,0,0,1,0,0,0,0,0,1,0
390598992,1358071,305070127,304152591,305070127,0,2,0,0,2,1,1,1,0,0,0,0,0,0,0,1,0,0,0,0,0,1,0
391105985,1358071,305070127,304152591,305070127,0,2,0,0,2,1,1,1,0,0,0,0,0,0,0,1,0,0,0,0,0,1,0
391471160,1358071,305070127,304152591,305070127,0,1,0,0,2,1,1,1,0,0,0,0,0,0,0,1,0,0,0,0,0,1,1
391975305,1358071,305070127,304152623,305070127,0,1,0,0,2,1,1,1,0,0,0,0,0,0,0,1,0,0,0,0,0,1,1
