timestamp,magnetometer_ga[0],magnetometer_ga[1],magnetometer_ga[2]
29919986,0.0352236,0.298987,0.407667
29931213,0.0475477,0.296001,0.404689
30121429,0.0444667,0.3169,0.449362
30322414,0.0444667,0.298987,0.410645
30512430,0.0567908,0.313915,0.443406
30713390,0.0383046,0.301972,0.434471
30914552,0.0444667,0.319886,0.464253
31126948,0.0444667,0.3169,0.458297
31317086,0.0413857,0.301972,0.431493
31518936,0.0321426,0.304958,0.431493
31720442,0.0383046,0.310929,0.443406
31921747,0.0537097,0.313915,0.440428
32111761,0.0383046,0.310929,0.446384
32323975,0.0413857,0.310929,0.443406
32513963,0.0413857,0.304958,0.428515
32726404,0.0290616,0.301972,0.398732
32916250,0.0290616,0.304958,0.404689
33117350,0.0290616,0.301972,0.401711
33318583,0.0259806,0.301972,0.404689
33519888,0.0290616,0.301972,0.395754
33709800,0.0259806,0.301972,0.398732
33922171,0.0290616,0.304958,0.395754
34112154,0.0259806,0.301972,0.404689
34325545,0.0259806,0.301972,0.404689
34515657,0.0290616,0.304958,0.404689
34716697,0.0290616,0.301972,0.395754
34917891,0.0290616,0.301972,0.401711
35119237,0.0290616,0.301972,0.401711
35320232,0.0290616,0.301972,0.395754
35521306,0.0290616,0.301972,0.401711
35711660,0.0290616,0.301972,0.401711
35923870,0.0290616,0.304958,0.395754
36124864,0.0321426,0.301972,0.395754
36314887,0.0290616,0.301972,0.395754
36516097,0.0290616,0.301972,0.395754
36717325,0.0321426,0.301972,0.398732
36918273,0.0290616,0.304958,0.401711
37120711,0.0290616,0.301972,0.395754
37310911,0.0259806,0.301972,0.395754
37523112,0.0290616,0.304958,0.398732
37724123,0.0290616,0.301972,0.389798
37914311,0.0290616,0.304958,0.398732
38115518,0.0290616,0.304958,0.392776
38316613,0.0290616,0.301972,0.401711
38517726,0.0290616,0.301972,0.395754
38718750,0.0259806,0.301972,0.395754
38920095,0.0321426,0.301972,0.398732
39121175,0.0290616,0.304958,0.398732
39322172,0.0290616,0.304958,0.395754
39523388,0.0290616,0.301972,0.395754
39724592,0.0321426,0.304958,0.398732
39914641,0.0290616,0.301972,0.395754
40116600,0.0290616,0.304958,0.401711
40318081,0.0321426,0.301972,0.401711
40519465,0.0259806,0.304958,0.395754
40720505,0.0321426,0.301972,0.398732
40921633,0.0290616,0.304958,0.401711
41122835,0.0290616,0.301972,0.401711
41323991,0.0321426,0.304958,0.401711
41513988,0.0290616,0.304958,0.395754
41714935,0.0321426,0.304958,0.404689
41916407,0.0290616,0.304958,0.398732
42117502,0.0321426,0.304958,0.395754
42318577,0.0321426,0.304958,0.398732
42519576,0.0321426,0.301972,0.398732
42720928,0.0321426,0.304958,0.398732
42923153,0.0352236,0.304958,0.401711
43113234,0.0352236,0.301972,0.392776
43314395,0.0383046,0.304958,0.395754
43515587,0.0444667,0.304958,0.401711
43716806,0.0506287,0.304958,0.392776
43917904,0.0506287,0.301972,0.398732
44119008,0.0506287,0.304958,0.395754
44320108,0.0475477,0.301972,0.398732
44521471,0.0475477,0.301972,0.404689
44722503,0.0475477,0.307943,0.395754
44912485,0.0444667,0.304958,0.401711
45124737,0.0506287,0.304958,0.395754
45314892,0.0537097,0.304958,0.398732
45527048,0.0444667,0.310929,0.395754
45717960,0.0475477,0.3169,0.392776
45919388,0.0444667,0.307943,0.389798
46120837,0.0506287,0.370641,0.360016
46321760,0.0506287,0.355713,0.380863
46523150,0.0475477,0.313915,0.395754
46713138,0.0475477,0.304958,0.392776
46914245,0.0537097,0.304958,0.398732
47126375,0.0629528,0.301972,0.398732
47316620,0.0783579,0.301972,0.407667
47517729,0.0537097,0.301972,0.404689
47718857,0.0444667,0.304958,0.401711
47919969,0.0413857,0.304958,0.401711
48121126,0.0413857,0.304958,0.401711
48322189,0.0383046,0.263159,0.431493
48512299,0.0413857,0.287044,0.422558
48725397,0.0321426,0.298987,0.401711
48915759,0.0475477,0.304958,0.395754
49117026,0.0629528,0.307943,0.404689
49318161,0.0721959,0.310929,0.398732
49519234,0.0721959,0.307943,0.395754
49720309,0.0691148,0.307943,0.395754
49921509,0.0721959,0.310929,0.395754
50111543,0.0629528,0.334814,0.38682
50323764,0.0629528,0.349742,0.374907
50513906,0.0629528,0.343771,0.383841
50726333,0.0537097,0.3169,0.392776
50916188,0.0444667,0.307943,0.401711
51117365,0.0413857,0.307943,0.395754
51318418,0.0444667,0.358699,0.36895
51520801,0.0506287,0.346756,0.383841
51722114,0.0444667,0.304958,0.398732
51923253,0.0567908,0.304958,0.404689
52124407,0.0691148,0.310929,0.395754
52325671,0.0752769,0.304958,0.395754
52515574,0.0845199,0.304958,0.398732
52716778,0.0814389,0.301972,0.398732
52917896,0.0876009,0.307943,0.401711
53119162,0.0783579,0.313915,0.401711
53320082,0.0598718,0.307943,0.401711
53521279,0.0506287,0.310929,0.401711
53722556,0.0660338,0.310929,0.395754
53923735,0.0691148,0.310929,0.392776
54124789,0.0383046,0.307943,0.395754
54315630,0.0290616,0.304958,0.404689
54517107,0.0321426,0.310929,0.398732
54718394,0.0321426,0.307943,0.395754
54919419,0.0321426,0.358699,0.371928
55120531,0.0321426,0.310929,0.401711
55321957,0.0413857,0.307943,0.404689
55523075,0.0475477,0.304958,0.404689
55724007,0.0629528,0.307943,0.398732
55914143,0.0660338,0.307943,0.395754
56115424,0.0752769,0.313915,0.398732
56316507,0.090682,0.313915,0.398732
56517549,0.0876009,0.310929,0.398732
56718794,0.0783579,0.313915,0.395754
56920015,0.0752769,0.310929,0.404689
57121977,0.0537097,0.331828,0.395754
57323397,0.0475477,0.328843,0.395754
57513404,0.0660338,0.325857,0.401711
57714767,0.0721959,0.319886,0.395754
57916009,0.0783579,0.313915,0.401711
58116877,0.0845199,0.322872,0.401711
58318052,0.0783579,0.358699,0.371928
58519344,0.0814389,0.352728,0.377885
58720412,0.0845199,0.343771,0.383841
58921540,0.0876009,0.343771,0.38682
59122902,0.0814389,0.331828,0.392776
59324044,0.0752769,0.307943,0.410645
59513904,0.0721959,0.310929,0.404689
59715020,0.0845199,0.310929,0.404689
59916075,0.090682,0.307943,0.404689
60118510,0.093763,0.310929,0.401711
60319677,0.0814389,0.307943,0.407667
60520934,0.0691148,0.304958,0.401711
60722200,0.0537097,0.301972,0.407667
60923382,0.0752769,0.343771,0.389798
61113491,0.0814389,0.352728,0.374907
61314413,0.0721959,0.352728,0.380863
61515630,0.0629528,0.343771,0.389798
61716789,0.0475477,0.3169,0.401711
61917773,0.0352236,0.3169,0.404689
62118945,0.0290616,0.307943,0.404689
62320231,0.0413857,0.310929,0.398732
62521416,0.0629528,0.3169,0.398732
62722413,0.0721959,0.307943,0.401711
62913318,0.0814389,0.310929,0.398732
63114767,0.0783579,0.310929,0.398732
63316146,0.0783579,0.310929,0.401711
63517274,0.0783579,0.313915,0.404689
63718419,0.0814389,0.322872,0.398732
63919628,0.0783579,0.322872,0.395754
64120769,0.0721959,0.331828,0.395754
64321745,0.0691148,0.3378,0.38682
64512078,0.0660338,0.3169,0.395754
64713096,0.0691148,0.3169,0.398732
64914205,0.0660338,0.319886,0.398732
65126392,0.0629528,0.325857,0.398732
65316523,0.0629528,0.3169,0.398732
65517741,0.0413857,0.310929,0.398732
65719711,0.0383046,0.331828,0.395754
65921076,0.0413857,0.355713,0.374907
66122379,0.0475477,0.334814,0.395754
66312442,0.0537097,0.313915,0.398732
66524653,0.0629528,0.310929,0.404689
66725770,0.0691148,0.307943,0.401711
66915961,0.0721959,0.304958,0.401711
67117033,0.0814389,0.307943,0.401711
67318019,0.0598718,0.310929,0.401711
67519444,0.0660338,0.310929,0.404689
67720663,0.0752769,0.313915,0.395754
67921696,0.0660338,0.313915,0.404689
68122670,0.0691148,0.307943,0.401711
68324113,0.0845199,0.313915,0.395754
68514001,0.0567908,0.310929,0.401711
68716235,0.0352236,0.310929,0.401711
68917339,0.0321426,0.310929,0.401711
69118578,0.0290616,0.310929,0.401711
69319947,0.0228995,0.310929,0.395754
69520909,0.0290616,0.310929,0.401711
69722083,0.0290616,0.310929,0.395754
69923293,0.0691148,0.310929,0.395754
70113411,0.093763,0.310929,0.395754
70325678,0.109168,0.310929,0.392776
70515628,0.112249,0.3169,0.392776
70716756,0.109168,0.322872,0.392776
70918014,0.099925,0.319886,0.392776
71119157,0.0814389,0.313915,0.395754
71320235,0.0845199,0.307943,0.395754
71522652,0.0814389,0.3169,0.395754
71723892,0.0814389,0.322872,0.395754
71924981,0.0537097,0.313915,0.398732
72114889,0.0537097,0.322872,0.389798
72316150,0.0383046,0.325857,0.395754
72517349,0.0475477,0.391541,0.333212
72718371,0.0413857,0.346756,0.38682
72919696,0.0660338,0.3169,0.392776
73120762,0.0876009,0.310929,0.401711
73321983,0.096844,0.296001,0.404689
73523013,0.093763,0.29003,0.410645
73713075,0.0876009,0.272116,0.428515
73914346,0.0876009,0.26913,0.428515
74115420,0.093763,0.278087,0.422558
74317285,0.0845199,0.284059,0.41958
74518807,0.0629528,0.301972,0.404689
74720207,0.0629528,0.307943,0.398732
74921329,0.0629528,0.304958,0.398732
75122353,0.0537097,0.310929,0.401711
75323462,0.0567908,0.307943,0.404689
75513650,0.0537097,0.313915,0.395754
75714735,0.0537097,0.319886,0.395754
75915755,0.0660338,0.322872,0.398732
76117162,0.0691148,0.331828,0.401711
76318332,0.0721959,0.331828,0.401711
76519403,0.0567908,0.313915,0.404689
76720409,0.0506287,0.307943,0.404689
76921626,0.0752769,0.328843,0.401711
77111654,0.0814389,0.346756,0.380863
77325084,0.090682,0.352728,0.374907
77515110,0.096844,0.331828,0.395754
77716262,0.090682,0.313915,0.398732
77917638,0.0876009,0.310929,0.404689
78118771,0.096844,0.334814,0.38682
78320121,0.0876009,0.313915,0.38682
78521227,0.0876009,0.319886,0.392776
78722271,0.0814389,0.304958,0.404689
78923380,0.0783579,0.307943,0.398732
79113334,0.0814389,0.310929,0.395754
79325627,0.0752769,0.3169,0.392776
79515733,0.0691148,0.328843,0.395754
79716805,0.0660338,0.307943,0.398732
79917808,0.0721959,0.307943,0.401711
80119929,0.0721959,0.313915,0.398732
80321394,0.0721959,0.307943,0.395754
80522640,0.0629528,0.310929,0.395754
80712729,0.0537097,0.319886,0.395754
80924867,0.0444667,0.310929,0.392776
81115116,0.0352236,0.307943,0.404689
81316254,0.0413857,0.310929,0.398732
81517325,0.0383046,0.304958,0.401711
81718463,0.0444667,0.307943,0.401711
81919715,0.0444667,0.343771,0.392776
82120829,0.0444667,0.334814,0.38682
82321914,0.0444667,0.3169,0.398732
82523150,0.0444667,0.307943,0.398732
82713136,0.0506287,0.307943,0.401711
82926280,0.0567908,0.310929,0.404689
83116224,0.0783579,0.310929,0.398732
83317705,0.0475477,0.307943,0.401711
83519124,0.0352236,0.307943,0.404689
83719995,0.0352236,0.310929,0.401711
83910241,0.0352236,0.307943,0.404689
84122522,0.0691148,0.310929,0.401711
84312529,0.093763,0.307943,0.395754
84524926,0.099925,0.3169,0.395754
84714776,0.103006,0.310929,0.389798
84915851,0.093763,0.313915,0.395754
85117118,0.0598718,0.307943,0.401711
85318250,0.0444667,0.307943,0.404689
85519430,0.0475477,0.313915,0.401711
85720468,0.0629528,0.352728,0.36895
85922669,0.0721959,0.340785,0.392776
86124017,0.0598718,0.313915,0.398732
86325269,0.0598718,0.343771,0.389798
86515194,0.0567908,0.313915,0.395754
86716477,0.0537097,0.310929,0.404689
86917532,0.0598718,0.307943,0.404689
87118768,0.0721959,0.328843,0.38682
87319987,0.106087,0.340785,0.38682
87521082,0.11533,0.3169,0.389798
87722140,0.0660338,0.304958,0.401711
87923557,0.0660338,0.307943,0.401711
88113515,0.0721959,0.313915,0.395754
88314436,0.0629528,0.307943,0.410645
88515660,0.0721959,0.307943,0.398732
88717996,0.0814389,0.310929,0.401711
88919357,0.093763,0.310929,0.401711
89120441,0.103006,0.313915,0.395754
89321653,0.0721959,0.310929,0.404689
89522711,0.0537097,0.307943,0.401711
89712816,0.0506287,0.310929,0.401711
89925224,0.0506287,0.307943,0.404689
90115227,0.0475477,0.313915,0.404689
90316308,0.0537097,0.313915,0.407667
90517465,0.0567908,0.313915,0.395754
90718564,0.0413857,0.310929,0.404689
90919746,0.0752769,0.310929,0.395754
91120953,0.090682,0.319886,0.392776
91322135,0.099925,0.3169,0.401711
91523977,0.106087,0.310929,0.395754
91714273,0.099925,0.319886,0.38682
91915679,0.096844,0.334814,0.395754
92116811,0.096844,0.3169,0.392776
92317740,0.0660338,0.313915,0.401711
92519039,0.0444667,0.322872,0.395754
92720209,0.0352236,0.388555,0.342146
92921466,0.0506287,0.373627,0.357037
93122435,0.0691148,0.3169,0.395754
93312573,0.0814389,0.304958,0.404689
93513756,0.096844,0.322872,0.389798
93714907,0.106087,0.307943,0.395754
93915942,0.103006,0.301972,0.401711
94117374,0.096844,0.301972,0.410645
94318432,0.0876009,0.278087,0.422558
94520756,0.0876009,0.281073,0.428515
94721822,0.0752769,0.304958,0.401711
94922925,0.0537097,0.307943,0.398732
95112934,0.0537097,0.307943,0.404689
95314113,0.0537097,0.310929,0.401711
95515249,0.0506287,0.307943,0.395754
95727570,0.0506287,0.313915,0.401711
95917806,0.0537097,0.334814,0.401711
96118961,0.0567908,0.325857,0.404689
96319951,0.0537097,0.310929,0.398732
96521136,0.0629528,0.325857,0.398732
96711221,0.0752769,0.313915,0.398732
96923436,0.0876009,0.313915,0.398732
97113361,0.096844,0.319886,0.392776
97326587,0.090682,0.328843,0.389798
97516734,0.093763,0.3378,0.392776
97718039,0.0752769,0.3169,0.395754
97919486,0.0660338,0.313915,0.395754
98120877,0.0567908,0.313915,0.398732
98321715,0.0598718,0.349742,0.38682
98522685,0.0506287,0.310929,0.401711
98712723,0.0537097,0.307943,0.398732
98925035,0.0537097,0.307943,0.398732
99115230,0.0598718,0.310929,0.398732
99316197,0.0629528,0.349742,0.380863
99517449,0.0783579,0.367656,0.360016
99718740,0.0876009,0.322872,0.395754
99919864,0.0691148,0.307943,0.401711
100121689,0.099925,0.307943,0.398732
100312098,0.11533,0.296001,0.410645
100524634,0.11533,0.278087,0.422558
100714534,0.090682,0.301972,0.404689
100915538,0.0629528,0.310929,0.407667
101116884,0.0537097,0.310929,0.398732
101318122,0.0506287,0.310929,0.398732
101519142,0.0537097,0.313915,0.398732
101720287,0.0567908,0.313915,0.404689
101921519,0.0721959,0.310929,0.404689
102122734,0.0660338,0.29003,0.428515
102323814,0.0691148,0.296001,0.41958
102524942,0.0567908,0.313915,0.398732
102714922,0.0660338,0.313915,0.404689
102916998,0.0721959,0.313915,0.401711
103118441,0.0845199,0.3169,0.395754
103319652,0.0845199,0.313915,0.398732
103520805,0.0783579,0.313915,0.392776
103722081,0.0567908,0.310929,0.404689
103923127,0.0413857,0.358699,0.374907
104124157,0.0537097,0.355713,0.380863
104314355,0.0629528,0.322872,0.401711
104515547,0.0691148,0.3169,0.395754
104716468,0.0691148,0.3169,0.395754
104917684,0.0660338,0.3169,0.395754
105118994,0.0629528,0.313915,0.395754
105320259,0.0691148,0.3169,0.401711
105521360,0.0629528,0.313915,0.395754
105722470,0.0691148,0.313915,0.395754
105924748,0.0783579,0.313915,0.398732
106114832,0.0660338,0.307943,0.395754
106315919,0.0598718,0.310929,0.395754
106517044,0.0567908,0.313915,0.398732
106718255,0.0660338,0.313915,0.401711
106919527,0.0691148,0.307943,0.401711
107120519,0.0660338,0.307943,0.401711
107321722,0.0691148,0.310929,0.395754
107523100,0.0721959,0.307943,0.395754
107713022,0.0752769,0.310929,0.398732
107913974,0.0691148,0.313915,0.395754
108115512,0.0752769,0.307943,0.404689
108316503,0.106087,0.310929,0.398732
108517606,0.109168,0.310929,0.395754
108719462,0.109168,0.310929,0.389798
108920953,0.109168,0.310929,0.392776
109122349,0.0691148,0.313915,0.407667
109312318,0.0567908,0.358699,0.377885
109524519,0.0537097,0.313915,0.392776
109714673,0.0567908,0.310929,0.407667
109915812,0.0598718,0.310929,0.401711
110116928,0.0660338,0.310929,0.404689
110318082,0.0629528,0.322872,0.398732
110519317,0.0629528,0.352728,0.389798
110720490,0.0660338,0.343771,0.389798
110921521,0.0691148,0.319886,0.398732
111122754,0.0691148,0.313915,0.401711
111323745,0.0629528,0.307943,0.398732
111514729,0.0660338,0.313915,0.398732
111716201,0.0876009,0.313915,0.401711
111917295,0.0876009,0.310929,0.398732
112118602,0.0876009,0.310929,0.401711
112319845,0.0845199,0.310929,0.398732
112520797,0.0845199,0.3169,0.404689
112722079,0.0783579,0.3169,0.392776
112912181,0.0660338,0.313915,0.413624
113113177,0.0629528,0.313915,0.407667
113325472,0.0660338,0.313915,0.404689
113515412,0.0814389,0.3169,0.404689
113727754,0.0691148,0.3169,0.401711
113917933,0.0629528,0.307943,0.404689
114118955,0.0660338,0.310929,0.404689
114320080,0.0598718,0.313915,0.410645
114522424,0.0506287,0.313915,0.404689
114712579,0.0475477,0.310929,0.404689
114924762,0.0567908,0.310929,0.404689
115114959,0.0876009,0.307943,0.404689
115327162,0.099925,0.310929,0.395754
115517177,0.099925,0.3169,0.392776
115718207,0.103006,0.3169,0.398732
115919648,0.090682,0.307943,0.401711
116120672,0.0691148,0.310929,0.410645
116310690,0.0660338,0.310929,0.404689
116522840,0.0629528,0.328843,0.404689
116712927,0.0629528,0.313915,0.401711
116925424,0.0660338,0.313915,0.410645
117115301,0.0629528,0.343771,0.398732
117317299,0.0598718,0.361685,0.374907
117518782,0.0660338,0.3378,0.401711
117719887,0.0721959,0.310929,0.404689
117921275,0.103006,0.310929,0.404689
118122218,0.106087,0.301972,0.413624
118323377,0.11533,0.304958,0.407667
118524786,0.11533,0.307943,0.404689
118714579,0.099925,0.3169,0.404689
118915751,0.0783579,0.319886,0.404689
119117034,0.0537097,0.313915,0.404689
119318176,0.0506287,0.367656,0.371928
119519233,0.0506287,0.361685,0.383841
119720313,0.0567908,0.355713,0.38682
119921512,0.0629528,0.3378,0.404689
120123670,0.0660338,0.319886,0.413624
120313588,0.0691148,0.313915,0.401711
120515115,0.0691148,0.319886,0.404689
120716432,0.0660338,0.3378,0.401711
120917569,0.0660338,0.334814,0.398732
121118647,0.0629528,0.3169,0.401711
121319852,0.0691148,0.3169,0.401711
121521078,0.093763,0.304958,0.410645
121722180,0.096844,0.301972,0.413624
121923145,0.099925,0.307943,0.407667
122124495,0.099925,0.310929,0.401711
122325517,0.096844,0.310929,0.401711
122515663,0.096844,0.313915,0.404689
122716789,0.0814389,0.313915,0.404689
122918024,0.0567908,0.3169,0.404689
123120240,0.0537097,0.3169,0.404689
123321492,0.0506287,0.3169,0.395754
123522850,0.0537097,0.3169,0.404689
123724032,0.0506287,0.340785,0.392776
123913944,0.0537097,0.349742,0.383841
124115008,0.0537097,0.322872,0.395754
124315998,0.0537097,0.3169,0.404689
124517425,0.0567908,0.3169,0.404689
124718527,0.0814389,0.310929,0.404689
124919625,0.0876009,0.304958,0.407667
125120688,0.093763,0.3169,0.413624
125321818,0.090682,0.307943,0.404689
125523164,0.0876009,0.307943,0.401711
125713024,0.0845199,0.310929,0.404689
125915052,0.0783579,0.313915,0.401711
126116549,0.0598718,0.313915,0.407667
126317827,0.0567908,0.310929,0.404689
126518922,0.0537097,0.334814,0.398732
126720249,0.0567908,0.355713,0.383841
126921359,0.0629528,0.325857,0.401711
127122499,0.0691148,0.313915,0.401711
127312303,0.096844,0.310929,0.398732
127513513,0.109168,0.313915,0.395754
127714842,0.106087,0.310929,0.392776
127916074,0.099925,0.310929,0.392776
128116962,0.0876009,0.313915,0.398732
128318119,0.0691148,0.379598,0.348103
128519441,0.0752769,0.385569,0.342146
128721713,0.0660338,0.319886,0.395754
128911703,0.0691148,0.313915,0.398732
129124073,0.0691148,0.307943,0.404689
129314233,0.0752769,0.304958,0.404689
129515309,0.090682,0.301972,0.407667
129716325,0.103006,0.287044,0.416602
129917513,0.0876009,0.301972,0.398732
130118865,0.090682,0.310929,0.392776
130319975,0.0876009,0.319886,0.398732
130520953,0.090682,0.310929,0.395754
130722099,0.090682,0.310929,0.395754
130912271,0.0721959,0.310929,0.401711
131113502,0.0721959,0.307943,0.401711
131325609,0.0721959,0.310929,0.392776
131515640,0.0752769,0.313915,0.398732
131717986,0.0721959,0.331828,0.38682
131919309,0.0691148,0.304958,0.395754
132120637,0.0691148,0.304958,0.398732
132321749,0.0783579,0.304958,0.401711
132511654,0.0752769,0.301972,0.398732
132712724,0.0721959,0.304958,0.401711
132924961,0.0752769,0.298987,0.398732
133115237,0.0845199,0.301972,0.398732
133316316,0.096844,0.307943,0.395754
133517372,0.103006,0.310929,0.395754
133718558,0.093763,0.313915,0.392776
133919612,0.093763,0.349742,0.383841
134120969,0.0845199,0.313915,0.395754
134321937,0.0752769,0.310929,0.395754
134523965,0.0567908,0.310929,0.395754
134725537,0.0383046,0.307943,0.392776
134915677,0.0290616,0.304958,0.407667
135116701,0.0259806,0.301972,0.398732
135317879,0.0228995,0.298987,0.410645
135519081,0.0228995,0.301972,0.404689
135720206,0.0321426,0.293015,0.422558
135921334,0.0290616,0.301972,0.407667
136122502,0.0259806,0.310929,0.398732
136323771,0.0383046,0.307943,0.404689
136524737,0.0383046,0.310929,0.404689
136714717,0.0444667,0.313915,0.395754
136915960,0.0383046,0.343771,0.389798
137117320,0.0475477,0.325857,0.392776
137319212,0.0444667,0.313915,0.395754
137520596,0.0598718,0.3169,0.401711
137721960,0.0752769,0.313915,0.401711
137923222,0.0876009,0.313915,0.398732
138124300,0.0845199,0.3169,0.404689
138314118,0.0783579,0.319886,0.395754
138515438,0.0752769,0.322872,0.395754
138716634,0.0475477,0.3169,0.398732
138917766,0.0321426,0.3169,0.413624
139118712,0.0321426,0.355713,0.380863
139320079,0.0321426,0.379598,0.348103
139521321,0.0352236,0.370641,0.36895
139722378,0.0290616,0.370641,0.36895
139923412,0.0321426,0.3378,0.401711
140113439,0.0352236,0.310929,0.404689
140315598,0.0444667,0.307943,0.410645
140517055,0.0475477,0.307943,0.407667
140718368,0.0475477,0.310929,0.410645
140919261,0.0475477,0.3169,0.410645
141120663,0.0475477,0.340785,0.392776
141321697,0.0444667,0.3378,0.401711
141522763,0.0475477,0.352728,0.383841
141724107,0.0537097,0.370641,0.374907
141914074,0.0537097,0.358699,0.383841
142115147,0.0444667,0.3169,0.407667
142316351,0.0783579,0.313915,0.404689
142517608,0.096844,0.293015,0.425536
142718717,0.099925,0.284059,0.431493
142919765,0.099925,0.29003,0.425536
143121846,0.0876009,0.301972,0.413624
143323298,0.0444667,0.310929,0.401711
143524497,0.0413857,0.313915,0.404689
143714433,0.0506287,0.352728,0.38682
143915726,0.0567908,0.388555,0.351081
144116849,0.0567908,0.379598,0.360016
144318147,0.0475477,0.322872,0.401711
144519110,0.0506287,0.313915,0.404689
144720610,0.0506287,0.340785,0.395754
144921562,0.0537097,0.388555,0.339168
145122735,0.0537097,0.388555,0.345124
145312807,0.0444667,0.319886,0.404689
145513810,0.0506287,0.310929,0.404689
145715080,0.0691148,0.313915,0.404689
145917144,0.0876009,0.307943,0.404689
146118460,0.0876009,0.307943,0.404689
146319672,0.0876009,0.304958,0.407667
146520990,0.0845199,0.310929,0.407667
146722065,0.0814389,0.310929,0.404689
146911912,0.0567908,0.313915,0.404689
147113214,0.0475477,0.3169,0.398732
147314384,0.0506287,0.319886,0.401711
147515548,0.0691148,0.322872,0.404689
147716684,0.0752769,0.334814,0.404689
147917735,0.0721959,0.3169,0.407667
148119069,0.0691148,0.310929,0.401711
148320101,0.0721959,0.349742,0.38682
148521300,0.0721959,0.385569,0.348103
148723279,0.0660338,0.367656,0.36895
148913573,0.0660338,0.343771,0.389798
149126012,0.0752769,0.385569,0.351081
149316125,0.0691148,0.328843,0.398732
149517073,0.0783579,0.3378,0.395754
149718452,0.0629528,0.313915,0.401711
149919422,0.0598718,0.310929,0.401711
150120703,0.0629528,0.310929,0.407667
150321857,0.0537097,0.325857,0.404689
150511876,0.0691148,0.361685,0.36895
150724111,0.0814389,0.346756,0.383841
150925253,0.0629528,0.3169,0.392776
151115278,0.0598718,0.310929,0.398732
151316572,0.0567908,0.313915,0.395754
151517493,0.0506287,0.310929,0.395754
151719554,0.0475477,0.319886,0.401711
151921145,0.0383046,0.313915,0.398732
152111212,0.0413857,0.310929,0.395754
152323430,0.0352236,0.310929,0.398732
152524614,0.0383046,0.310929,0.404689
152714733,0.0413857,0.310929,0.398732
152915851,0.0383046,0.358699,0.36895
153116888,0.0413857,0.3378,0.398732
153318126,0.0475477,0.3169,0.398732
153519434,0.0475477,0.313915,0.404689
153720547,0.0444667,0.310929,0.395754
153921756,0.0506287,0.331828,0.392776
154122792,0.0475477,0.343771,0.389798
154324123,0.0444667,0.319886,0.389798
154526458,0.0444667,0.3169,0.401711
154716301,0.0444667,0.3378,0.395754
154917555,0.0444667,0.310929,0.404689
155118593,0.0444667,0.310929,0.407667
155319865,0.0475477,0.310929,0.398732
155521176,0.0444667,0.340785,0.395754
155722286,0.0413857,0.376613,0.348103
155923437,0.0413857,0.355713,0.36895
156124479,0.0413857,0.3169,0.395754
156314565,0.0444667,0.313915,0.395754
156515721,0.0413857,0.307943,0.404689
156716840,0.0506287,0.307943,0.401711
156917825,0.0475477,0.313915,0.401711
157119080,0.0413857,0.307943,0.401711
157321086,0.0444667,0.310929,0.398732
157522529,0.0444667,0.307943,0.404689
157723721,0.0475477,0.307943,0.398732
157913872,0.0506287,0.310929,0.398732
158114971,0.0506287,0.349742,0.38682
158316229,0.0537097,0.313915,0.398732
158517211,0.0629528,0.313915,0.404689
158718430,0.0660338,0.3378,0.38682
158919704,0.0629528,0.36467,0.365972
159120888,0.0629528,0.349742,0.38682
159321893,0.0598718,0.3169,0.395754
159511914,0.0567908,0.310929,0.404689
159713214,0.0506287,0.307943,0.401711
159914323,0.0475477,0.313915,0.401711
160115347,0.0475477,0.310929,0.398732
160317404,0.0598718,0.310929,0.398732
160518894,0.0752769,0.310929,0.395754
160720264,0.0752769,0.310929,0.398732
160921213,0.0537097,0.310929,0.398732
161111473,0.0413857,0.349742,0.380863
161323541,0.0413857,0.361685,0.36895
161513608,0.0475477,0.319886,0.404689
161714817,0.0444667,0.310929,0.401711
161916111,0.0537097,0.3169,0.395754
162117220,0.0567908,0.325857,0.401711
162318310,0.0475477,0.307943,0.401711
162519496,0.0444667,0.304958,0.401711
162720481,0.0444667,0.310929,0.398732
162921857,0.0506287,0.349742,0.380863
163123873,0.0506287,0.340785,0.392776
163314117,0.0537097,0.313915,0.398732
163515289,0.0876009,0.322872,0.389798
163716558,0.096844,0.319886,0.38682
163917652,0.096844,0.3169,0.398732
164118940,0.0752769,0.307943,0.398732
164320073,0.0598718,0.304958,0.401711
164521019,0.0660338,0.307943,0.398732
164722218,0.0598718,0.310929,0.401711
164912339,0.0537097,0.307943,0.395754
165124681,0.0475477,0.307943,0.401711
165314648,0.0444667,0.310929,0.398732
165526845,0.0814389,0.310929,0.392776
165716794,0.090682,0.304958,0.392776
165918930,0.096844,0.307943,0.395754
166120392,0.093763,0.304958,0.398732
166321494,0.0814389,0.310929,0.392776
166511616,0.0783579,0.310929,0.392776
166723954,0.0475477,0.310929,0.398732
166914054,0.0444667,0.373627,0.360016
167126228,0.0506287,0.331828,0.395754
167316217,0.0475477,0.307943,0.395754
167517457,0.0413857,0.358699,0.365972
167718707,0.0537097,0.322872,0.383841
167919801,0.0629528,0.307943,0.395754
168120843,0.0721959,0.367656,0.360016
168322249,0.0691148,0.307943,0.395754
168512112,0.0721959,0.301972,0.395754
168724699,0.0721959,0.304958,0.395754
168915561,0.093763,0.304958,0.398732
169116924,0.103006,0.304958,0.392776
169317981,0.0660338,0.304958,0.395754
169519000,0.0629528,0.301972,0.395754
169720245,0.0629528,0.304958,0.392776
169921342,0.0629528,0.310929,0.389798
170122649,0.0691148,0.349742,0.371928
170323728,0.0783579,0.346756,0.374907
170524996,0.0629528,0.304958,0.398732
170715087,0.0845199,0.301972,0.392776
170916227,0.093763,0.304958,0.392776
171117133,0.093763,0.304958,0.392776
171318621,0.0691148,0.301972,0.395754
171519690,0.0629528,0.307943,0.395754
171721620,0.0660338,0.307943,0.392776
171923026,0.0721959,0.334814,0.383841
172113150,0.0660338,0.310929,0.392776
172314475,0.0660338,0.301972,0.404689
172526548,0.0691148,0.307943,0.395754
172716599,0.0691148,0.310929,0.395754
172917901,0.0691148,0.340785,0.392776
173119079,0.0721959,0.370641,0.357037
173319987,0.0721959,0.310929,0.38682
173521232,0.0814389,0.307943,0.395754
173722474,0.099925,0.340785,0.377885
173923697,0.109168,0.334814,0.380863
174124719,0.112249,0.325857,0.374907
174314865,0.0814389,0.304958,0.398732
174516735,0.0691148,0.301972,0.398732
174718161,0.0660338,0.301972,0.395754
174919325,0.0629528,0.298987,0.395754
175120520,0.0691148,0.307943,0.395754
175321911,0.0783579,0.340785,0.383841
175523049,0.0721959,0.307943,0.389798
175724138,0.0691148,0.3169,0.38682
175913986,0.0783579,0.319886,0.38682
176115163,0.0783579,0.307943,0.392776
176316483,0.0721959,0.307943,0.392776
176517493,0.0691148,0.304958,0.395754
176718837,0.0721959,0.304958,0.392776
176919993,0.0721959,0.307943,0.395754
177121071,0.0691148,0.307943,0.389798
177322222,0.0567908,0.313915,0.392776
177513023,0.0383046,0.310929,0.392776
177714551,0.0136565,0.325857,0.374907
177915813,-0.0171537,0.319886,0.374907
178116883,-0.0387209,0.319886,0.380863
178318222,-0.0479639,0.301972,0.38682
178519425,-0.0448829,0.298987,0.389798
178720623,-0.0479639,0.307943,0.38682
178921436,-0.0448829,0.301972,0.389798
179111741,-0.0479639,0.307943,0.392776
179312846,-0.0664501,0.310929,0.389798
179525062,-0.0787741,0.307943,0.377885
179714999,-0.0972603,0.313915,0.374907
179916292,-0.121908,0.310929,0.365972
180117479,-0.149638,0.266145,0.395754
180319667,-0.171205,0.248231,0.401711
180520914,-0.177367,0.245246,0.398732
180722156,-0.180448,0.24226,0.398732
180923336,-0.177367,0.26913,0.380863
181124378,-0.171205,0.257188,0.389798
181314398,-0.177367,0.24226,0.398732
181526626,-0.195853,0.224346,0.395754
181716869,-0.21742,0.203447,0.38682
181917888,-0.223582,0.197476,0.38682
182119105,-0.226663,0.19449,0.380863
182320374,-0.226663,0.19449,0.380863
182521405,-0.235906,0.188519,0.38682
182722465,-0.257473,0.164634,0.383841
182912620,-0.269797,0.140749,0.38682
183125752,-0.282121,0.137763,0.377885
183315829,-0.275959,0.203447,0.348103
183517124,-0.297527,0.0989504,0.377885
183718648,-0.282121,0.0959648,0.389798
183919742,-0.294446,0.0690943,0.38682
184120858,-0.300608,0.125821,0.365972
184321834,-0.300608,0.063123,0.38682
184511942,-0.303689,0.0452093,0.38682
184724251,-0.303689,0.0332669,0.38682
184914221,-0.300608,0.02431,0.383841
185126526,-0.30677,0.02431,0.38682
185316472,-0.303689,0.0213244,0.383841
185517654,-0.303689,0.02431,0.383841
185718917,-0.300608,0.0302813,0.38682
185920913,-0.303689,0.0332669,0.383841
186111140,-0.30677,0.0302813,0.380863
186323681,-0.312932,0.0332669,0.380863
186513564,-0.303689,0.0332669,0.380863
186726207,-0.30677,0.0332669,0.38682
186915979,-0.30677,0.0302813,0.380863
187117190,-0.303689,0.0302813,0.380863
187318209,-0.303689,0.0302813,0.38682
187519397,-0.300608,0.0541662,0.383841
187720532,-0.303689,0.0362525,0.380863
187921857,-0.303689,0.0362525,0.383841
188111918,-0.297527,0.063123,0.383841
188324074,-0.303689,0.0332669,0.380863
188514241,-0.30677,0.104922,0.357037
188715371,-0.303689,0.101936,0.354059
188917215,-0.300608,0.0392381,0.383841
189118713,-0.303689,0.0272957,0.377885
189319921,-0.303689,0.0272957,0.371928
189521170,-0.309851,0.02431,0.371928
189722172,-0.309851,0.0213244,0.371928
189923402,-0.30677,0.0183388,0.365972
190113550,-0.303689,0.0123676,0.371928
190314682,-0.30677,0.00341073,0.36895
190515753,-0.300608,-0.0025605,0.374907
190716872,-0.297527,-0.0174886,0.371928
190918119,-0.300608,-0.0204742,0.371928
191119336,-0.300608,-0.00853173,0.374907
191320261,-0.300608,0.00341073,0.371928
191521592,-0.303689,0.00639635,0.365972
191723834,-0.303689,0.00341073,0.36895
191913929,-0.300608,-0.0025605,0.374907
192126188,-0.30677,-0.00853173,0.371928
192316358,-0.303689,-0.0115173,0.36895
192517548,-0.300608,-0.014503,0.371928
192718651,-0.300608,0.0272957,0.365972
192919712,-0.303689,-0.0115173,0.36895
193121083,-0.300608,-0.014503,0.374907
193322200,-0.30677,-0.0174886,0.371928
193523282,-0.30677,-0.0174886,0.36895
193724533,-0.303689,0.00639635,0.371928
193914490,-0.30677,-0.00853173,0.36895
194115670,-0.30677,-0.0115173,0.374907
194316672,-0.303689,-0.00853173,0.371928
194518631,-0.309851,0.0272957,0.365972
194720276,-0.30677,-0.00554611,0.36895
194921515,-0.300608,-0.0025605,0.374907
195122608,-0.303689,-0.0025605,0.36895
195323803,-0.30677,-0.00554611,0.371928
195513903,-0.297527,0.0392381,0.374907
195715046,-0.303689,0.00938196,0.365972
195916095,-0.309851,0.0153532,0.36895
196117304,-0.303689,0.00341073,0.365972
196318502,-0.300608,0.00639635,0.36895
196519634,-0.303689,0.0541662,0.371928
196720653,-0.303689,0.00938196,0.371928
196921810,-0.303689,-0.0025605,0.36895
197112024,-0.303689,-0.00853173,0.374907
197313135,-0.303689,-0.0383879,0.36895
197514994,-0.300608,-0.0652584,0.374907
197716668,-0.297527,-0.0831721,0.36895
197917974,-0.291365,-0.0891433,0.362994
198118960,-0.294446,-0.0951146,0.371928
198320193,-0.291365,-0.104071,0.36895
198521250,-0.285203,-0.116014,0.36895
198722365,-0.272878,-0.133928,0.374907
198912454,-0.266716,-0.151841,0.36895
199124648,-0.257473,-0.169755,0.371928
199314773,-0.245149,-0.184683,0.365972
199516050,-0.232825,-0.199611,0.36895
199717104,-0.21742,-0.217525,0.362994
199918115,-0.208177,-0.232453,0.371928
200119409,-0.195853,-0.24141,0.371928
200321694,-0.180448,-0.250367,0.371928
200522983,-0.161962,-0.262309,0.365972
200723990,-0.140395,-0.274251,0.371928
200914259,-0.124989,-0.283208,0.371928
201115361,-0.106503,-0.28918,0.36895
201316408,-0.0880172,-0.298136,0.36895
201517471,-0.060288,-0.304108,0.377885
201718660,-0.0418019,-0.307093,0.380863
201920029,-0.0356399,-0.307093,0.374907
202121056,-0.0325588,-0.310079,0.380863
202322271,-0.0387209,-0.310079,0.374907
202512339,-0.0294778,-0.313064,0.371928
202724445,-0.0202348,-0.304108,0.374907
202914473,-0.0479639,-0.304108,0.374907
203116543,-0.0263968,-0.307093,0.374907
203317761,-0.0202348,-0.31605,0.371928
203519211,-0.0109917,-0.322021,0.371928
203720358,-0.00482965,-0.322021,0.371928
203921537,0.00133239,-0.327993,0.365972
204111655,0.00441341,-0.345906,0.348103
204324025,0.0136565,-0.325007,0.371928
204513963,0.0167375,-0.319036,0.374907
204726458,0.0198185,-0.351877,0.342146
204916435,0.0228995,-0.357849,0.333212
205117520,0.0259806,-0.348892,0.345124
205318656,0.0228995,-0.319036,0.383841
205519631,0.0290616,-0.313064,0.38682
205721017,0.0598718,-0.313064,0.374907
205922165,0.0660338,-0.313064,0.380863
206124394,0.0598718,-0.31605,0.380863
206325574,0.0567908,-0.313064,0.380863
206515700,0.0537097,-0.31605,0.38682
206716880,0.0444667,-0.319036,0.383841
206917843,0.0228995,-0.319036,0.374907
207119077,0.0198185,-0.319036,0.383841
207320160,0.0413857,-0.31605,0.38682
207521445,0.0352236,-0.319036,0.383841
207722538,0.0598718,-0.31605,0.380863
207923727,0.0537097,-0.319036,0.38682
208113882,0.0506287,-0.31605,0.374907
208314911,0.0475477,-0.31605,0.38682
208516075,0.0506287,-0.31605,0.38682
208717256,0.0259806,-0.31605,0.38682
208919559,0.0259806,-0.31605,0.383841
209120778,0.0228995,-0.31605,0.380863
209322111,0.0228995,-0.325007,0.374907
209523129,0.0352236,-0.313064,0.38682
209713311,0.0321426,-0.31605,0.389798
209914195,0.0444667,-0.327993,0.374907
210115356,0.0567908,-0.322021,0.380863
210316478,0.0506287,-0.322021,0.383841
210517842,0.0444667,-0.325007,0.377885
210718850,0.0444667,-0.325007,0.377885
210920236,0.0290616,-0.319036,0.38682
211121392,0.0259806,-0.313064,0.38682
211322431,0.0259806,-0.31605,0.383841
211512266,0.0259806,-0.319036,0.383841
211725523,0.0537097,-0.31605,0.38682
211915922,0.0598718,-0.319036,0.377885
212117242,0.0567908,-0.319036,0.383841
212318167,0.0567908,-0.31605,0.383841
212519541,0.0259806,-0.31605,0.383841
212720789,0.0198185,-0.31605,0.38682
212921859,0.0198185,-0.31605,0.389798
213123100,0.0198185,-0.31605,0.380863
213324209,0.0475477,-0.319036,0.383841
213514240,0.0475477,-0.322021,0.380863
213715328,0.0506287,-0.322021,0.380863
213916281,0.0506287,-0.325007,0.380863
214117663,0.0290616,-0.319036,0.383841
214318867,0.0259806,-0.319036,0.383841
214519926,0.0259806,-0.322021,0.377885
214721858,0.0290616,-0.327993,0.36895
214923399,0.0290616,-0.319036,0.383841
215113628,0.0321426,-0.31605,0.38682
215315167,0.0228995,-0.319036,0.380863
215515914,0.0228995,-0.319036,0.389798
215716880,0.0352236,-0.310079,0.38682
215917994,0.0567908,-0.307093,0.392776
216119275,0.0660338,-0.313064,0.38682
216320442,0.0691148,-0.31605,0.38682
216521602,0.0352236,-0.31605,0.38682
216711694,0.0198185,-0.31605,0.383841
216912693,0.0228995,-0.313064,0.380863
217125079,0.0228995,-0.313064,0.38682
217315078,0.0228995,-0.310079,0.38682
217517370,0.0228995,-0.310079,0.392776
217718572,0.0290616,-0.319036,0.377885
217919980,0.0228995,-0.313064,0.383841
218121092,0.0228995,-0.319036,0.377885
218311059,0.0198185,-0.313064,0.38682
218512087,0.0475477,-0.313064,0.38682
218713396,0.0537097,-0.31605,0.380863
218914627,0.0537097,-0.319036,0.380863
219115712,0.0567908,-0.31605,0.380863
219316681,0.0290616,-0.310079,0.38682
219518111,0.0228995,-0.313064,0.377885
219719294,0.0352236,-0.31605,0.380863
219920382,0.0475477,-0.319036,0.374907
220121363,0.0567908,-0.319036,0.374907
220323378,0.0537097,-0.313064,0.383841
220513752,0.0198185,-0.31605,0.383841
220715039,0.0136565,-0.313064,0.383841
220916136,0.0136565,-0.31605,0.380863
221117307,0.0136565,-0.313064,0.383841
221318632,0.0136565,-0.310079,0.383841
221519736,0.0136565,-0.310079,0.38682
221720833,0.0136565,-0.310079,0.38682
221921978,0.0136565,-0.313064,0.380863
222123040,0.0167375,-0.310079,0.38682
222324351,0.0136565,-0.313064,0.38682
222514215,0.0105755,-0.310079,0.38682
222715501,0.0136565,-0.26828,0.416602
222916715,0.00749443,-0.304108,0.38682
223117768,0.0105755,-0.310079,0.38682
223320141,0.0105755,-0.313064,0.380863
223521364,0.0105755,-0.313064,0.377885
223722590,0.0198185,-0.310079,0.38682
223923665,0.0321426,-0.313064,0.377885
224113534,0.0383046,-0.310079,0.392776
224325985,0.0105755,-0.310079,0.38682
224516078,0.0105755,-0.310079,0.380863
224717084,0.0136565,-0.310079,0.380863
224918460,0.0167375,-0.310079,0.389798
225119510,0.0198185,-0.307093,0.392776
225320740,0.0290616,-0.304108,0.389798
225521686,0.0352236,-0.310079,0.389798
225723099,0.0198185,-0.313064,0.38682
225924078,0.0352236,-0.313064,0.377885
226114976,0.0475477,-0.313064,0.383841
226316109,0.0506287,-0.310079,0.38682
226517572,0.0413857,-0.307093,0.389798
226718932,0.0136565,-0.310079,0.38682
226920104,0.0136565,-0.274251,0.410645
227121329,0.00749443,-0.307093,0.392776
227322214,0.0136565,-0.310079,0.38682
227523443,0.0167375,-0.313064,0.383841
227713477,0.0259806,-0.313064,0.383841
227914601,0.0290616,-0.310079,0.38682
228115826,0.0321426,-0.313064,0.392776
228317085,0.0290616,-0.310079,0.380863
228518255,0.0290616,-0.313064,0.38682
228719385,0.0167375,-0.310079,0.38682
228921286,0.0105755,-0.307093,0.38682
229122756,0.0105755,-0.307093,0.38682
229324107,0.00749443,-0.357849,0.339168
229513979,0.00749443,-0.369791,0.315342
229715331,0.00749443,-0.31605,0.383841
229916447,0.0228995,-0.310079,0.392776
230117528,0.0506287,-0.310079,0.38682
230318631,0.0444667,-0.310079,0.389798
230519818,0.0444667,-0.307093,0.392776
230721060,0.0259806,-0.313064,0.38682
230922178,0.0290616,-0.313064,0.38682
231112136,0.00441341,-0.313064,0.38682
231324697,0.0321426,-0.307093,0.389798
231514622,0.0413857,-0.211554,0.455319
231716440,0.00749443,-0.322021,0.377885
231917951,0.0167375,-0.31605,0.377885
232119076,0.0198185,-0.313064,0.383841
232320478,0.0321426,-0.313064,0.38682
232521461,0.0321426,-0.319036,0.38682
232722700,0.0321426,-0.31605,0.38682
232923952,0.0352236,-0.31605,0.389798
233113936,0.0136565,-0.31605,0.389798
233314889,0.0105755,-0.319036,0.383841
233516091,0.00749443,-0.313064,0.38682
233717414,0.0383046,-0.313064,0.389798
233918548,0.0475477,-0.31605,0.383841
234119619,0.0352236,-0.313064,0.389798
234320949,0.0198185,-0.31605,0.383841
234522084,0.0352236,-0.310079,0.38682
234713313,0.0537097,-0.313064,0.38682
234914315,0.0506287,-0.313064,0.38682
235115410,0.0167375,-0.313064,0.389798
235316796,0.0105755,-0.322021,0.374907
235517984,0.0105755,-0.360834,0.330233
235718889,0.0136565,-0.336949,0.357037
235920220,0.0105755,-0.319036,0.380863
236121443,0.0105755,-0.313064,0.38682
236311357,0.0105755,-0.319036,0.383841
236512498,0.0105755,-0.31605,0.380863
236724866,0.00749443,-0.31605,0.380863
236914899,0.00749443,-0.31605,0.383841
237127311,0.00441341,-0.313064,0.389798
237317285,0.00749443,-0.31605,0.383841
237519542,0.0105755,-0.313064,0.38682
237720827,0.00749443,-0.310079,0.38682
237921860,0.00749443,-0.31605,0.38682
238111909,0.0105755,-0.31605,0.38682
238313169,0.0105755,-0.31605,0.383841
238525355,0.0136565,-0.277237,0.413624
238726557,0.0136565,-0.319036,0.38682
238916448,0.0228995,-0.31605,0.383841
239117845,0.0383046,-0.319036,0.380863
239318958,0.0444667,-0.319036,0.38682
239519939,0.0506287,-0.319036,0.38682
239721173,0.0290616,-0.325007,0.374907
239922482,0.0105755,-0.319036,0.380863
240123649,0.0105755,-0.31605,0.38682
240325538,0.0136565,-0.277237,0.422558
240515521,0.00441341,-0.31605,0.38682
240716984,0.0167375,-0.319036,0.380863
240918309,0.0259806,-0.307093,0.398732
241119417,0.0198185,-0.313064,0.392776
241320544,0.0413857,-0.322021,0.380863
241521793,0.0413857,-0.336949,0.365972
241723022,0.0475477,-0.336949,0.36895
241924293,0.0444667,-0.330978,0.371928
242114095,0.0506287,-0.325007,0.377885
242315224,0.0506287,-0.322021,0.380863
242516455,0.0537097,-0.322021,0.377885
242717551,0.0444667,-0.31605,0.383841
242918869,0.0383046,-0.31605,0.38682
243119943,0.0506287,-0.310079,0.392776
243321985,0.0598718,-0.28918,0.407667
243523343,0.0475477,-0.313064,0.392776
243713577,0.0228995,-0.31605,0.38682
243925909,0.0198185,-0.28918,0.413624
244115753,0.0167375,-0.310079,0.389798
244316798,0.0167375,-0.31605,0.38682
244518017,0.0198185,-0.31605,0.38682
244719462,0.0259806,-0.298136,0.404689
244920416,0.0167375,-0.31605,0.38682
245121453,0.0167375,-0.31605,0.380863
245322873,0.0259806,-0.319036,0.377885
245523992,0.0383046,-0.322021,0.374907
245725063,0.0352236,-0.319036,0.380863
245915192,0.0383046,-0.31605,0.380863
246117022,0.0167375,-0.31605,0.380863
246318517,0.0167375,-0.313064,0.380863
246519746,0.0167375,-0.31605,0.377885
246720843,0.0105755,-0.313064,0.380863
246922257,0.0136565,-0.313064,0.380863
247123162,0.0105755,-0.313064,0.383841
247324314,0.0136565,-0.310079,0.383841
247514497,0.0321426,-0.307093,0.389798
247715604,0.0228995,-0.310079,0.38682
247916881,0.0167375,-0.310079,0.38682
248117829,0.0105755,-0.313064,0.374907
248319016,0.0136565,-0.313064,0.377885
248520105,0.0259806,-0.310079,0.380863
248721476,0.0290616,-0.313064,0.380863
248923378,0.0167375,-0.310079,0.383841
249113323,0.0198185,-0.310079,0.38682
249314888,0.0228995,-0.310079,0.380863
249516170,0.0228995,-0.310079,0.380863
249717139,0.0198185,-0.313064,0.377885
249918473,0.0167375,-0.298136,0.389798
250119731,0.0167375,-0.310079,0.380863
250320837,0.0136565,-0.310079,0.383841
250521832,0.0321426,-0.310079,0.38682
250711913,0.0321426,-0.310079,0.383841
250924258,0.0383046,-0.310079,0.38682
251114271,0.0475477,-0.313064,0.377885
251315405,0.0413857,-0.31605,0.380863
251516745,0.0290616,-0.310079,0.383841
251717846,0.0290616,-0.310079,0.38682
251919808,0.0321426,-0.310079,0.380863
252121293,0.0475477,-0.310079,0.389798
252322518,0.0383046,-0.313064,0.383841
252523666,0.0167375,-0.31605,0.380863
252713557,0.0136565,-0.31605,0.380863
252914853,0.0136565,-0.319036,0.377885
253116078,0.0228995,-0.31605,0.374907
253317249,0.0136565,-0.31605,0.377885
253518255,0.0167375,-0.313064,0.380863
253719362,0.0136565,-0.313064,0.380863
253920496,0.0198185,-0.313064,0.38682
254121853,0.0352236,-0.313064,0.377885
254322832,0.0537097,-0.319036,0.371928
254513077,0.0537097,-0.313064,0.383841
254715231,0.0475477,-0.313064,0.38682
254916569,0.0383046,-0.313064,0.380863
255117704,0.0105755,-0.313064,0.380863
255318751,0.0136565,-0.280223,0.407667
255520076,0.0136565,-0.310079,0.380863
255721134,0.0136565,-0.319036,0.377885
255922209,0.0228995,-0.31605,0.377885
256112204,0.0444667,-0.31605,0.380863
256324661,0.0475477,-0.313064,0.383841
256525943,0.0506287,-0.310079,0.38682
256726802,0.0567908,-0.307093,0.38682
256916995,0.0691148,-0.310079,0.38682
257118251,0.0598718,-0.310079,0.383841
257319387,0.0537097,-0.304108,0.389798
257521212,0.0290616,-0.280223,0.404689
257722414,0.0136565,-0.28918,0.407667
257923942,0.0136565,-0.310079,0.389798
258125222,0.0105755,-0.313064,0.380863
258326265,0.00749443,-0.313064,0.377885
258516503,0.0105755,-0.277237,0.41958
258717600,0.00441341,-0.280223,0.410645
258918792,-0.00174863,-0.304108,0.38682
259119768,0.00133239,-0.301122,0.38682
259320949,-0.00482965,-0.310079,0.38682
259522229,0.00441341,-0.304108,0.395754
259723369,-0.00482965,-0.304108,0.392776
259924474,0.00133239,-0.238424,0.434471
260114362,-0.00482965,-0.301122,0.395754
260315518,0.0198185,-0.310079,0.389798
260517701,0.0383046,-0.330978,0.365972
260719083,0.0383046,-0.333964,0.371928
260920262,0.0321426,-0.345906,0.357037
261121615,0.0167375,-0.325007,0.374907
261322807,0.0105755,-0.313064,0.383841
261523734,0.0167375,-0.307093,0.389798
261713938,0.0228995,-0.307093,0.389798
261915176,0.0413857,-0.310079,0.389798
262116077,0.0506287,-0.310079,0.392776
262317238,0.0290616,-0.304108,0.395754
262518430,0.00749443,-0.28918,0.398732
262719751,0.0105755,-0.292165,0.404689
262920934,0.0136565,-0.292165,0.404689
263122051,0.0105755,-0.307093,0.395754
263313112,0.0259806,-0.313064,0.38682
263525576,0.0383046,-0.304108,0.395754
263715486,0.0352236,-0.307093,0.395754
263916770,0.0136565,-0.313064,0.389798
264117997,0.0228995,-0.313064,0.389798
264319206,0.0352236,-0.313064,0.38682
264520085,0.0321426,-0.31605,0.38682
264721470,0.0259806,-0.313064,0.389798
264922408,0.0290616,-0.304108,0.395754
265123725,0.0105755,-0.313064,0.38682
265313805,0.00441341,-0.319036,0.389798
265514918,0.0167375,-0.313064,0.389798
265715915,0.0198185,-0.295151,0.404689
265917201,0.0198185,-0.310079,0.392776
266119141,0.0228995,-0.31605,0.383841
266320598,0.0352236,-0.31605,0.389798
266522028,0.0259806,-0.310079,0.38682
266723117,0.0167375,-0.313064,0.389798
266924140,0.0259806,-0.31605,0.389798
267114240,0.0136565,-0.313064,0.38682
267315237,0.0198185,-0.313064,0.38682
267516556,0.0321426,-0.310079,0.389798
267717701,0.0352236,-0.31605,0.38682
267919081,0.0383046,-0.31605,0.389798
268120146,0.0444667,-0.313064,0.389798
268321149,0.0198185,-0.319036,0.38682
268522304,0.0105755,-0.31605,0.389798
268712193,0.00749443,-0.313064,0.392776
268913419,0.00749443,-0.307093,0.389798
269115571,0.00749443,-0.313064,0.389798
269317075,0.00749443,-0.31605,0.389798
269518326,0.0105755,-0.313064,0.392776
269719495,0.0167375,-0.313064,0.389798
269920429,0.0259806,-0.31605,0.392776
270121615,0.0444667,-0.313064,0.392776
270311882,0.0660338,-0.313064,0.392776
270524153,0.0598718,-0.313064,0.392776
270713944,0.0259806,-0.313064,0.38682
270915240,0.0198185,-0.313064,0.392776
271116367,0.0198185,-0.31605,0.383841
271317585,0.0167375,-0.319036,0.383841
271518575,0.0105755,-0.313064,0.38682
271719885,0.0105755,-0.292165,0.404689
271922166,0.00441341,-0.310079,0.395754
272123491,0.00133239,-0.313064,0.38682
272313349,0.0105755,-0.292165,0.404689
272514691,0.00749443,-0.310079,0.389798
272715829,0.00749443,-0.31605,0.389798
272916991,0.0167375,-0.31605,0.389798
273117916,0.0383046,-0.31605,0.389798
273319231,0.0352236,-0.31605,0.395754
273520517,0.0167375,-0.31605,0.38682
273721591,0.00749443,-0.313064,0.392776
273922644,0.00441341,-0.31605,0.38682
274123881,0.0167375,-0.31605,0.383841
274313970,0.0290616,-0.313064,0.392776
274515092,0.0352236,-0.31605,0.389798
274717076,0.0290616,-0.313064,0.395754
274918516,0.0198185,-0.31605,0.392776
275119888,0.0198185,-0.31605,0.392776
275320894,0.0259806,-0.313064,0.392776
275510887,0.0167375,-0.313064,0.389798
275723289,0.0105755,-0.313064,0.392776
275913338,0.0105755,-0.313064,0.38682
276125589,0.0105755,-0.295151,0.404689
276315600,0.0167375,-0.313064,0.383841
276516731,0.0167375,-0.322021,0.383841
276717828,0.0228995,-0.319036,0.377885
276918989,0.0321426,-0.31605,0.389798
277120154,0.0198185,-0.31605,0.383841
277321386,0.0167375,-0.31605,0.38682
277523493,0.0167375,-0.313064,0.389798
277724899,0.0105755,-0.310079,0.392776
277915003,0.00749443,-0.295151,0.404689
278116213,0.00133239,-0.307093,0.392776
278317374,0.00441341,-0.310079,0.38682
278518376,0.0136565,-0.283208,0.413624
278719649,0.0167375,-0.286194,0.410645
278920785,0.0167375,-0.298136,0.395754
279122084,0.0136565,-0.307093,0.392776
279323086,0.0352236,-0.31605,0.392776
279524230,0.0506287,-0.319036,0.383841
279714379,0.0444667,-0.31605,0.383841
279915506,0.0290616,-0.319036,0.380863
280116746,0.0228995,-0.322021,0.377885
280317965,0.0198185,-0.325007,0.380863
280520260,0.0228995,-0.313064,0.383841
280721411,0.0228995,-0.31605,0.389798
280922619,0.0259806,-0.319036,0.380863
281123753,0.0290616,-0.313064,0.38682
281313726,0.0475477,-0.307093,0.383841
281514826,0.0475477,-0.307093,0.395754
281715907,0.0444667,-0.307093,0.392776
281917029,0.0290616,-0.310079,0.389798
282118361,0.0167375,-0.307093,0.392776
282319513,0.0105755,-0.310079,0.389798
282520581,0.0136565,-0.313064,0.38682
282721836,0.0167375,-0.310079,0.389798
282911820,0.0167375,-0.310079,0.38682
283124101,0.0198185,-0.310079,0.389798
283314873,0.0167375,-0.28918,0.404689
283516370,0.0167375,-0.307093,0.38682
283717751,0.0228995,-0.307093,0.392776
283918914,0.0321426,-0.307093,0.38682
284120070,0.0383046,-0.310079,0.392776
284321152,0.0413857,-0.307093,0.395754
284522460,0.0444667,-0.307093,0.38682
284723510,0.0413857,-0.310079,0.392776
284924560,0.0136565,-0.310079,0.383841
285114947,0.0136565,-0.307093,0.38682
285315981,0.0105755,-0.313064,0.38682
285517005,0.0105755,-0.304108,0.395754
285717999,0.00749443,-0.307093,0.395754
285919413,0.0105755,-0.307093,0.389798
286121277,0.0105755,-0.286194,0.407667
286322554,0.0136565,-0.286194,0.404689
286523941,0.00749443,-0.310079,0.38682
286713899,0.0105755,-0.301122,0.395754
286915288,0.0105755,-0.307093,0.38682
287116324,0.0352236,-0.313064,0.389798
287317558,0.0321426,-0.313064,0.38682
287518893,0.0321426,-0.310079,0.389798
287719949,0.0321426,-0.310079,0.389798
287921111,0.0259806,-0.307093,0.389798
288122328,0.0105755,-0.304108,0.395754
288312155,0.00749443,-0.307093,0.389798
288513411,0.00749443,-0.301122,0.389798
288714390,0.0105755,-0.307093,0.392776
288915584,0.0167375,-0.310079,0.389798
289117975,0.0228995,-0.310079,0.389798
289319281,0.0167375,-0.307093,0.389798
289520340,0.0136565,-0.301122,0.395754
289721420,0.00749443,-0.307093,0.389798
289911663,0.00441341,-0.313064,0.389798
290123929,0.0136565,-0.271266,0.413624
290313707,0.00441341,-0.301122,0.392776
290515150,0.0105755,-0.313064,0.38682
290716104,0.0167375,-0.322021,0.383841
290917360,0.00749443,-0.31605,0.38682
291118702,0.0105755,-0.313064,0.383841
291319722,0.0228995,-0.310079,0.392776
291520975,0.0321426,-0.310079,0.38682
291722432,0.0352236,-0.310079,0.395754
291913119,0.0321426,-0.310079,0.38682
292125778,0.0321426,-0.307093,0.395754
292315651,0.0105755,-0.313064,0.38682
292516697,0.0167375,-0.26828,0.41958
292718105,0.00441341,-0.31605,0.38682
292919136,0.0136565,-0.31605,0.383841
293120311,0.0228995,-0.274251,0.413624
293321443,0.0105755,-0.313064,0.392776
293522425,0.0290616,-0.304108,0.395754
293723763,0.0321426,-0.310079,0.389798
293913822,0.0352236,-0.310079,0.395754
294114773,0.0352236,-0.313064,0.389798
294327077,0.0105755,-0.313064,0.38682
294517259,0.0105755,-0.310079,0.392776
294719268,0.0105755,-0.310079,0.389798
294920374,0.0290616,-0.310079,0.395754
295121821,0.0259806,-0.310079,0.392776
295323139,0.0136565,-0.310079,0.389798
295513177,0.0136565,-0.310079,0.38682
295725408,0.0198185,-0.310079,0.392776
295915444,0.0321426,-0.310079,0.389798
296116741,0.0383046,-0.310079,0.395754
296317817,0.0321426,-0.310079,0.392776
296518824,0.0105755,-0.310079,0.395754
296720105,0.0105755,-0.310079,0.38682
296921158,0.00749443,-0.310079,0.389798
297122485,0.0105755,-0.307093,0.392776
297323464,0.00749443,-0.277237,0.413624
297524627,0.00441341,-0.310079,0.392776
297715869,0.00441341,-0.307093,0.392776
297917215,0.00749443,-0.310079,0.38682
298118429,0.0167375,-0.310079,0.392776
298319563,0.0321426,-0.307093,0.392776
298520715,0.0290616,-0.310079,0.389798
298721845,0.0167375,-0.307093,0.389798
298922937,0.0105755,-0.310079,0.389798
299124040,0.0136565,-0.307093,0.392776
299314301,0.00749443,-0.310079,0.392776
299515286,0.00749443,-0.310079,0.392776
299716364,0.00749443,-0.310079,0.389798
299917640,0.00749443,-0.313064,0.38682
300118790,0.00441341,-0.310079,0.389798
300319971,0.0136565,-0.310079,0.389798
300521853,0.0198185,-0.304108,0.389798
300723427,0.0228995,-0.304108,0.395754
300913542,0.0198185,-0.313064,0.395754
301114645,0.0167375,-0.310079,0.395754
301315980,0.0167375,-0.286194,0.407667
301517079,0.0259806,-0.274251,0.422558
301718085,0.0105755,-0.307093,0.392776
301919230,0.00749443,-0.313064,0.383841
302120621,0.00749443,-0.313064,0.38682
302321513,0.00749443,-0.307093,0.392776
302511692,0.00441341,-0.298136,0.395754
302723863,0.0105755,-0.310079,0.38682
302925075,0.0136565,-0.31605,0.38682
303114958,0.0105755,-0.313064,0.389798
303317121,0.0105755,-0.31605,0.38682
303518239,0.0136565,-0.310079,0.392776
303719804,0.00441341,-0.28918,0.401711
303921165,0.00133239,-0.28918,0.404689
304122267,-0.00174863,-0.304108,0.395754
304323158,-0.00482965,-0.310079,0.38682
304524399,0.0136565,-0.307093,0.392776
304714591,0.0167375,-0.307093,0.392776
304915699,0.0136565,-0.307093,0.38682
305116939,0.00749443,-0.310079,0.389798
305317854,0.0383046,-0.307093,0.395754
305519316,0.0352236,-0.313064,0.389798
305720389,0.0321426,-0.310079,0.392776
305921356,0.0290616,-0.310079,0.392776
306122593,0.0259806,-0.307093,0.395754
306313716,0.0228995,-0.307093,0.392776
306515025,0.0198185,-0.310079,0.395754
306716108,0.00441341,-0.310079,0.389798
306917454,0.00749443,-0.307093,0.392776
307118634,0.0290616,-0.304108,0.395754
307319721,0.0259806,-0.307093,0.392776
307521144,0.0290616,-0.307093,0.395754
307721963,0.0105755,-0.310079,0.38682
307912122,0.00749443,-0.310079,0.389798
308113142,0.00441341,-0.304108,0.395754
308314255,0.00749443,-0.310079,0.392776
308515585,0.00441341,-0.313064,0.38682
308716754,0.00749443,-0.310079,0.389798
308917858,0.00441341,-0.313064,0.38682
309119814,0.0105755,-0.304108,0.395754
309321319,0.0136565,-0.298136,0.401711
309511490,0.00441341,-0.304108,0.389798
309723731,0.00749443,-0.307093,0.389798
309913832,0.00441341,-0.310079,0.38682
310126110,0.00749443,-0.310079,0.389798
310316122,0.00749443,-0.310079,0.389798
310517099,0.00133239,-0.310079,0.383841
310718539,-0.00174863,-0.313064,0.389798
310919608,-0.00174863,-0.307093,0.395754
311120783,-0.00482965,-0.313064,0.389798
311321696,-0.00482965,-0.313064,0.38682
311511870,-0.00482965,-0.313064,0.38682
311724294,-0.00482965,-0.304108,0.395754
311915115,-0.00482965,-0.304108,0.395754
312116477,-0.00482965,-0.307093,0.395754
312317777,-0.00791067,-0.301122,0.389798
312518855,-0.00174863,-0.271266,0.413624
312720121,-0.00482965,-0.262309,0.41958
312921302,-0.00482965,-0.301122,0.38682
313111414,0.0228995,-0.301122,0.395754
313323705,0.0413857,-0.313064,0.380863
313513588,0.0413857,-0.310079,0.389798
313714625,0.00133239,-0.310079,0.38682
313915899,0.00133239,-0.310079,0.38682
314117141,-0.00174863,-0.327993,0.371928
314318254,-0.00174863,-0.322021,0.374907
314519289,-0.00174863,-0.310079,0.383841
314721405,-0.00174863,-0.310079,0.383841
314922855,0.00133239,-0.307093,0.383841
315124088,-0.00174863,-0.304108,0.38682
315325116,0.00133239,-0.304108,0.389798
315526284,0.0167375,-0.307093,0.380863
315716589,0.00749443,-0.310079,0.380863
315917517,0.00441341,-0.307093,0.389798
316118850,0.00441341,-0.310079,0.380863
316319917,0.00749443,-0.310079,0.380863
316521146,0.00749443,-0.310079,0.383841
316722206,0.00441341,-0.31605,0.380863
316923367,0.00441341,-0.310079,0.38682
317124554,0.00749443,-0.307093,0.383841
317314653,0.00441341,-0.310079,0.380863
317515632,0.00133239,-0.310079,0.380863
317717735,0.00749443,-0.307093,0.38682
317919138,0.00133239,-0.28918,0.404689
318120555,-0.00174863,-0.292165,0.395754
318321544,0.00749443,-0.295151,0.395754
318522869,0.0167375,-0.295151,0.389798
318724173,0.00749443,-0.307093,0.392776
318914091,0.00133239,-0.307093,0.38682
319114990,-0.00791067,-0.307093,0.38682
319316135,-0.00791067,-0.253352,0.422558
319517376,-0.0140727,-0.304108,0.38682
319718689,-0.0109917,-0.307093,0.383841
319919637,-0.00482965,-0.304108,0.392776
320120931,-0.00791067,-0.307093,0.38682
320322136,-0.00174863,-0.310079,0.38682
320513080,0.0198185,-0.310079,0.38682
320714382,0.0105755,-0.313064,0.383841
320915840,0.00749443,-0.313064,0.380863
321116916,0.0290616,-0.313064,0.383841
321318033,0.0105755,-0.310079,0.38682
321518984,0.00749443,-0.313064,0.383841
321720403,0.00749443,-0.307093,0.38682
321921567,-0.00174863,-0.310079,0.38682
322122701,0.00441341,-0.307093,0.392776
322324030,0.00441341,-0.310079,0.380863
322524869,-0.00482965,-0.310079,0.38682
322715010,0.00441341,-0.310079,0.389798
322916080,0.0105755,-0.307093,0.395754
323117514,0.00133239,-0.307093,0.38682
323319219,-0.00174863,-0.310079,0.389798
323520728,-0.00482965,-0.310079,0.383841
323721967,-0.00482965,-0.310079,0.38682
323923400,-0.00791067,-0.307093,0.38682
324124273,-0.00174863,-0.283208,0.407667
324314427,-0.0140727,-0.310079,0.38682
324515471,-0.0109917,-0.310079,0.38682
324716576,-0.00791067,-0.310079,0.38682
324917878,-0.00482965,-0.28918,0.401711
325118922,-0.00791067,-0.307093,0.389798
325320033,-0.00482965,-0.313064,0.38682
325521444,-0.00791067,-0.295151,0.395754
325722620,-0.0109917,-0.280223,0.404689
325912449,-0.00791067,-0.277237,0.407667
326113522,-0.0109917,-0.307093,0.38682
326315933,-0.0109917,-0.310079,0.38682
326528406,-0.0109917,-0.310079,0.383841
326718444,-0.00482965,-0.307093,0.38682
326919444,0.00441341,-0.307093,0.389798
327120551,-0.00482965,-0.310079,0.389798
327321924,-0.0109917,-0.307093,0.389798
327511946,-0.0109917,-0.310079,0.38682
327712870,-0.00791067,-0.310079,0.38682
327914205,-0.00482965,-0.310079,0.383841
328126638,-0.00791067,-0.310079,0.389798
328316551,-0.00482965,-0.307093,0.389798
328517570,-0.00482965,-0.313064,0.38682
328718849,-0.00174863,-0.313064,0.377885
328919877,0.0105755,-0.310079,0.38682
329110931,0.0198185,-0.31605,0.380863
329323432,0.0444667,-0.307093,0.389798
329513738,0.0598718,-0.310079,0.383841
329726001,0.0783579,-0.307093,0.389798
329915913,0.090682,-0.307093,0.395754
330116963,0.112249,-0.295151,0.392776
330318284,0.130735,-0.28918,0.389798
330519448,0.149221,-0.283208,0.395754
330720502,0.164626,-0.280223,0.389798
330921713,0.17387,-0.274251,0.395754
331122795,0.186194,-0.26828,0.401711
331324123,0.201599,-0.259323,0.398732
331525225,0.223166,-0.238424,0.410645
331715322,0.247814,-0.22051,0.404689
331917229,0.2663,-0.199611,0.407667
332118675,0.281705,-0.181697,0.404689
332319798,0.290948,-0.163784,0.413624
332521109,0.29711,-0.154827,0.413624
332711310,0.306353,-0.139899,0.413624
332923495,0.312515,-0.130942,0.416602
333124611,0.315596,-0.118999,0.410645
333314625,0.312515,-0.124971,0.410645
333515833,0.318677,-0.113028,0.413624
333717059,0.315596,-0.113028,0.416602
333918022,0.321759,-0.113028,0.416602
334119263,0.334083,-0.118999,0.398732
334320376,0.32484,-0.118999,0.407667
334521622,0.32484,-0.127956,0.410645
334722634,0.312515,-0.130942,0.41958
334925013,0.312515,-0.130942,0.416602
335126434,0.312515,-0.127956,0.413624
335316356,0.315596,-0.127956,0.416602
335517360,0.309434,-0.124971,0.422558
335718576,0.315596,-0.113028,0.422558
335919793,0.318677,-0.0981002,0.413624
336121031,0.321759,-0.0831721,0.413624
336321977,0.321759,-0.0831721,0.422558
336523409,0.334083,-0.0801865,0.413624
336724557,0.361812,-0.0772009,0.392776
336914445,0.361812,-0.0801865,0.392776
337115454,0.327921,-0.0742153,0.422558
337316801,0.327921,-0.068244,0.41958
337517977,0.327921,-0.0652584,0.422558
337720014,0.327921,-0.068244,0.422558
337921369,0.346407,-0.0652584,0.416602
338122720,0.358731,-0.068244,0.398732
338323971,0.358731,-0.0622728,0.401711
338513754,0.358731,-0.0652584,0.404689
338714957,0.327921,-0.0712297,0.416602
338916042,0.321759,-0.107057,0.410645
339117369,0.327921,-0.0831721,0.422558
339318396,0.327921,-0.0712297,0.425536
339519524,0.327921,-0.0563016,0.431493
339720661,0.327921,-0.0443591,0.425536
339922115,0.331002,-0.0354023,0.428515
340123079,0.331002,-0.029431,0.428515
340313040,0.331002,-0.0234598,0.428515
340515123,0.327921,-0.0234598,0.434471
340716540,0.327921,-0.0204742,0.437449
340917743,0.32484,-0.0115173,0.428515
341119164,0.331002,-0.0115173,0.428515
341320088,0.334083,-0.00853173,0.428515
341521285,0.334083,-0.00853173,0.422558
341722355,0.349488,-0.0115173,0.41958
341923563,0.358731,-0.0115173,0.410645
342124907,0.364893,-0.0115173,0.398732
342314916,0.364893,-0.014503,0.404689
342516023,0.343326,-0.014503,0.416602
342717076,0.334083,-0.0174886,0.425536
342918455,0.331002,-0.0204742,0.41958
343119550,0.334083,-0.0174886,0.422558
343320558,0.346407,-0.0174886,0.422558
343522629,0.346407,-0.0174886,0.416602
343724121,0.343326,-0.0204742,0.41958
343914252,0.358731,-0.014503,0.404689
344115445,0.35565,-0.0174886,0.407667
344316610,0.35565,-0.014503,0.410645
344517765,0.337164,-0.0174886,0.422558
344718954,0.331002,-0.0204742,0.422558
344920097,0.327921,-0.0234598,0.434471
345121274,0.331002,-0.0204742,0.422558
345322437,0.346407,-0.0174886,0.413624
345512314,0.331002,-0.014503,0.41958
345713569,0.331002,-0.0174886,0.425536
345914578,0.327921,-0.0174886,0.422558
346127123,0.331002,-0.0115173,0.422558
346317906,0.334083,-0.00554611,0.422558
346519367,0.334083,0.000425116,0.428515
346720583,0.35565,0.00341073,0.404689
346921799,0.367974,0.00341073,0.395754
347111649,0.364893,0.00639635,0.395754
347323955,0.35565,0.00938196,0.401711
347513981,0.334083,0.0153532,0.422558
347726433,0.331002,0.0123676,0.416602
347916272,0.331002,0.00938196,0.425536
348117595,0.334083,0.00639635,0.422558
348318669,0.340245,0.00938196,0.416602
348519999,0.352569,0.00639635,0.413624
348720954,0.364893,0.00938196,0.392776
348922099,0.371055,0.00938196,0.389798
349113326,0.367974,0.00938196,0.38682
349325852,0.361812,0.00938196,0.395754
349515663,0.331002,0.00938196,0.422558
349716849,0.331002,0.00938196,0.425536
349918233,0.331002,0.0153532,0.416602
350119316,0.334083,0.0213244,0.425536
350320282,0.331002,0.00938196,0.416602
350521584,0.349488,0.00639635,0.410645
350711667,0.35565,0.00341073,0.395754
350924068,0.361812,0.00639635,0.389798
351124996,0.358731,0.00938196,0.395754
351315018,0.334083,0.00938196,0.416602
351516384,0.334083,0.0123676,0.416602
351717496,0.334083,0.0123676,0.413624
351918438,0.349488,0.0183388,0.410645
352120833,0.361812,0.0153532,0.392776
352322053,0.340245,0.0153532,0.413624
352523358,0.331002,0.0153532,0.416602
352724516,0.334083,0.0183388,0.413624
352914510,0.334083,0.0153532,0.413624
353126915,0.337164,0.0123676,0.410645
353316783,0.346407,0.0183388,0.404689
353517966,0.352569,0.0153532,0.404689
353719208,0.35565,0.0183388,0.401711
353920405,0.352569,0.0153532,0.404689
354121469,0.352569,0.0183388,0.401711
354322597,0.352569,0.0153532,0.395754
354523860,0.352569,0.0183388,0.389798
354725028,0.35565,0.0183388,0.392776
354915824,0.349488,0.02431,0.392776
355117248,0.346407,0.0332669,0.401711
355318718,0.352569,0.0392381,0.401711
355519554,0.340245,0.0452093,0.407667
355720777,0.327921,0.0452093,0.410645
355922005,0.331002,0.0452093,0.413624
356123059,0.331002,0.0392381,0.410645
356324493,0.346407,0.0302813,0.398732
356514276,0.361812,0.0213244,0.395754
356715492,0.361812,0.02431,0.383841
356916621,0.352569,0.0332669,0.395754
357117931,0.337164,0.0332669,0.410645
357319224,0.337164,0.0362525,0.410645
357520195,0.337164,0.0362525,0.410645
357722411,0.346407,0.0392381,0.407667
357923826,0.346407,0.0362525,0.410645
358113627,0.349488,0.0392381,0.404689
358315084,0.340245,0.0392381,0.413624
358516147,0.340245,0.0392381,0.413624
358717267,0.334083,0.0392381,0.416602
358918654,0.331002,0.0511806,0.41958
359119623,0.331002,0.0392381,0.41958
359320784,0.331002,0.0422237,0.41958
359521878,0.334083,0.0452093,0.422558
359722903,0.331002,0.048195,0.41958
359912933,0.327921,0.0511806,0.422558
360114352,0.32484,0.0661087,0.422558
360315337,0.32484,0.0750655,0.416602
360517262,0.321759,0.0840223,0.407667
360718822,0.321759,0.0959648,0.407667
360920264,0.318677,0.107907,0.407667
361121223,0.306353,0.131792,0.413624
361311468,0.294029,0.152691,0.410645
361523673,0.287867,0.164634,0.407667
361713692,0.315596,0.16762,0.392776
361914662,0.318677,0.170605,0.389798
362115829,0.29711,0.176576,0.395754
362316993,0.269381,0.19449,0.413624
362518288,0.250895,0.206433,0.413624
362719391,0.238571,0.224346,0.413624
362920674,0.220085,0.233303,0.413624
363121819,0.201599,0.251217,0.416602
363322971,0.186194,0.263159,0.410645
363513688,0.17387,0.266145,0.407667
363715162,0.186194,0.266145,0.404689
363916430,0.192356,0.266145,0.404689
364117678,0.164626,0.272116,0.407667
364318839,0.14614,0.281073,0.410645
364519953,0.133816,0.310929,0.383841
364721227,0.161545,0.29003,0.395754
364922207,0.167707,0.287044,0.395754
365112153,0.167707,0.287044,0.395754
365324596,0.17387,0.284059,0.398732
365514662,0.152302,0.281073,0.407667
365715819,0.143059,0.281073,0.407667
365916847,0.158464,0.275102,0.407667
366118176,0.17387,0.275102,0.404689
366320358,0.183113,0.275102,0.404689
366521693,0.180032,0.281073,0.401711
366711699,0.176951,0.278087,0.401711
366923855,0.183113,0.284059,0.398732
367114088,0.189275,0.29003,0.38682
367326339,0.180032,0.29003,0.389798
367516311,0.139978,0.301972,0.395754
367717489,0.133816,0.343771,0.38682
367918691,0.139978,0.298987,0.398732
368119774,0.139978,0.281073,0.413624
368320810,0.136897,0.284059,0.410645
368522083,0.136897,0.284059,0.413624
368712229,0.136897,0.281073,0.410645
368924431,0.143059,0.281073,0.404689
369115266,0.133816,0.287044,0.410645
369316781,0.106087,0.298987,0.395754
369518096,0.090682,0.301972,0.407667
369719110,0.0814389,0.301972,0.404689
369920234,0.0845199,0.304958,0.395754
370121402,0.0845199,0.304958,0.398732
370322698,0.0814389,0.304958,0.395754
370523807,0.0814389,0.304958,0.404689
370724992,0.0783579,0.304958,0.398732
370915150,0.0721959,0.3378,0.395754
371116263,0.0691148,0.304958,0.398732
371317242,0.0691148,0.304958,0.401711
371518417,0.0721959,0.301972,0.404689
371719745,0.093763,0.301972,0.398732
371920959,0.106087,0.301972,0.401711
372122799,0.112249,0.304958,0.404689
372324269,0.112249,0.304958,0.395754
372514300,0.11533,0.304958,0.398732
372715602,0.0814389,0.301972,0.401711
372916734,0.0721959,0.355713,0.374907
373118011,0.0783579,0.340785,0.395754
373319193,0.0845199,0.313915,0.392776
373520161,0.0845199,0.301972,0.398732
373721324,0.0845199,0.301972,0.407667
373922569,0.0845199,0.301972,0.404689
374123713,0.103006,0.298987,0.401711
374324916,0.121492,0.304958,0.392776
374514895,0.133816,0.301972,0.38682
374716077,0.133816,0.304958,0.398732
374918346,0.136897,0.304958,0.389798
375119598,0.130735,0.307943,0.389798
375320888,0.11533,0.310929,0.389798
375521960,0.0814389,0.313915,0.392776
375723197,0.0814389,0.304958,0.395754
375924236,0.0814389,0.3378,0.383841
376114287,0.0783579,0.301972,0.395754
376315472,0.0814389,0.304958,0.404689
376516736,0.0814389,0.331828,0.38682
376717620,0.0814389,0.3378,0.389798
376918891,0.0814389,0.304958,0.401711
377120075,0.0876009,0.301972,0.398732
377321289,0.133816,0.298987,0.395754
377522342,0.133816,0.296001,0.398732
377713204,0.112249,0.29003,0.407667
377914623,0.093763,0.301972,0.395754
378115926,0.0876009,0.298987,0.401711
378316992,0.0876009,0.301972,0.401711
378518247,0.099925,0.301972,0.401711
378719610,0.103006,0.301972,0.398732
378920714,0.103006,0.307943,0.398732
379121675,0.106087,0.301972,0.392776
379311814,0.112249,0.307943,0.395754
379513107,0.127654,0.307943,0.392776
379714163,0.099925,0.304958,0.395754
379915299,0.0814389,0.307943,0.398732
380116548,0.0721959,0.304958,0.395754
380317745,0.0752769,0.298987,0.398732
380518812,0.0783579,0.304958,0.395754
380720766,0.0783579,0.301972,0.398732
380922245,0.0783579,0.301972,0.395754
381123528,0.0783579,0.301972,0.392776
381313549,0.0814389,0.301972,0.395754
381514623,0.0814389,0.307943,0.398732
381715883,0.0845199,0.301972,0.407667
381917096,0.103006,0.304958,0.395754
382118198,0.124573,0.307943,0.392776
382319412,0.130735,0.304958,0.38682
382520456,0.133816,0.304958,0.389798
382721779,0.130735,0.304958,0.392776
382922827,0.127654,0.304958,0.389798
383112808,0.124573,0.304958,0.395754
383325124,0.0845199,0.301972,0.398732
383516241,0.0783579,0.307943,0.395754
383717490,0.0752769,0.298987,0.395754
383918581,0.0783579,0.304958,0.398732
384120008,0.0783579,0.307943,0.398732
384321119,0.0845199,0.301972,0.392776
384522148,0.0845199,0.301972,0.392776
384712134,0.090682,0.301972,0.395754
384924702,0.099925,0.301972,0.398732
385114676,0.127654,0.301972,0.38682
385326755,0.133816,0.304958,0.38682
385516781,0.127654,0.301972,0.389798
385717926,0.11533,0.301972,0.392776
385919295,0.121492,0.307943,0.38682
386120366,0.124573,0.298987,0.38682
386311099,0.112249,0.304958,0.395754
386523753,0.090682,0.298987,0.401711
386714036,0.0814389,0.301972,0.401711
386926205,0.0752769,0.304958,0.398732
387116096,0.118411,0.298987,0.392776
387317548,0.090682,0.304958,0.398732
387518642,0.090682,0.296001,0.401711
387719584,0.090682,0.301972,0.401711
387920883,0.090682,0.301972,0.398732
388122080,0.090682,0.304958,0.398732
388312092,0.0876009,0.304958,0.395754
388524329,0.0845199,0.313915,0.395754
388725435,0.090682,0.301972,0.398732
388915696,0.0876009,0.301972,0.395754
389116739,0.0876009,0.298987,0.401711
389319050,0.0721959,0.331828,0.389798
389520477,0.090682,0.29003,0.410645
389721579,0.0660338,0.319886,0.389798
389922775,0.0660338,0.301972,0.398732
390123701,0.0660338,0.301972,0.395754
390313876,0.0691148,0.304958,0.392776
390514893,0.0660338,0.301972,0.398732
390716068,0.0660338,0.301972,0.401711
390917150,0.0660338,0.301972,0.398732
391118530,0.0660338,0.301972,0.395754
391319707,0.0629528,0.301972,0.395754
391520770,0.0660338,0.296001,0.401711
391721804,0.0845199,0.296001,0.41958
391923194,0.0814389,0.304958,0.47021
392114182,0.0660338,0.296001,0.404689
392326615,0.0598718,0.301972,0.395754
