timestamp,timestamp_last_signal,rssi,rc_lost_frame_count,rc_total_frame_count,rc_ppm_frame_length,values[0],values[1],values[2],values[3],values[4],values[5],values[6],values[7],values[8],values[9],values[10],values[11],values[12],values[13],values[14],values[15],values[16],values[17],channel_count,rc_failsafe,rc_lost,input_source
26352790,26352790,38,0,0,0,1503,1499,1932,1923,1499,1065,1065,1065,1933,1057,1542,1542,1514,1514,1514,1514,998,998,18,0,0,4
26374260,26374260,38,0,0,0,1503,1499,1932,1923,1499,1065,1065,1065,1933,1057,1542,1542,1514,1514,1514,1514,998,998,18,0,0,4
26843603,26843603,38,0,0,0,1503,1499,1932,1492,1499,1065,1065,1065,1933,1057,1542,1542,1514,1514,1514,1514,998,998,18,0,0,4
27352349,27352349,38,0,0,0,1503,1499,1932,1503,1499,1065,1065,1065,1933,1057,1542,1542,1514,1514,1514,1514,998,998,18,0,0,4
27842438,27842438,38,0,0,0,1503,1499,1846,1506,1499,1065,1065,1065,1933,1057,1542,1542,1514,1514,1514,1514,998,998,18,0,0,4
28330777,28330777,38,0,0,0,1503,1499,1846,1499,1499,1065,1065,1065,1933,1057,1542,1542,1514,1514,1514,1514,998,998,18,0,0,4
28842168,28842168,38,0,0,0,1503,1499,1846,1503,1499,1065,1065,1065,1933,1057,1542,1542,1514,1514,1514,1514,998,998,18,0,0,4
29353480,29353480,38,0,0,0,1503,1499,1847,1503,1499,1065,1065,1065,1933,1057,1542,1542,1514,1514,1514,1514,998,998,18,0,0,4
29840350,29840350,38,0,0,0,1554,1500,1798,1505,1499,1065,1065,1065,1933,1057,1542,1542,1514,1514,1514,1514,998,998,18,0,0,4
30354364,30354364,38,0,0,0,1610,1500,1798,1503,1499,1065,1065,1065,1933,1057,1542,1542,1514,1514,1514,1514,998,998,18,0,0,4
30846012,30846012,38,0,0,0,1600,1500,1773,1507,1499,1065,1065,1065,1933,1057,1542,1542,1514,1514,1514,1514,998,998,18,0,0,4
31338146,31338146,38,0,0,0,1584,1500,1715,1511,1499,1065,1065,1065,1933,1057,1542,1542,1514,1514,1514,1514,998,998,18,0,0,4
31851199,31851199,38,0,0,0,1583,1497,1702,1511,1499,1065,1065,1065,1933,1057,1542,1542,1514,1514,1514,1514,998,998,18,0,0,4
32343421,32343421,38,0,0,0,1591,1497,1657,1513,1499,1065,1065,1065,1933,1057,1542,1542,1514,1514,1514,1514,998,998,18,0,0,4
32854211,32854211,38,0,0,0,1583,1498,1606,1513,1499,1065,1065,1065,1933,1057,1542,1542,1514,1514,1514,1514,998,998,18,0,0,4
33345960,33345960,38,0,0,0,1583,1498,1563,1515,1499,1065,1065,1065,1933,1057,1542,1542,1514,1514,1514,1514,998,998,18,0,0,4
33835123,33835123,38,0,0,0,1575,1498,1533,1507,1499,1065,1065,1065,1933,1057,1542,1542,1514,1514,1514,1514,998,998,18,0,0,4
34344085,34344085,38,0,0,0,1565,1498,1498,1499,1499,1065,1065,1065,1933,1057,1542,1542,1514,1514,1514,1514,998,998,18,0,0,4
34853581,34853581,38,0,0,0,1608,1501,1492,1500,1499,1065,1065,1065,1933,1057,1542,1542,1514,1514,1514,1514,998,998,18,0,0,4
35344731,35344731,38,0,0,0,1610,1500,1435,1510,1499,1065,1065,1065,1933,1057,1542,1542,1514,1514,1514,1514,998,998,18,0,0,4
35853600,35853600,38,0,0,0,1602,1495,1430,1499,1499,1065,1065,1065,1933,1057,1542,1542,1514,1514,1514,1514,998,998,18,0,0,4
36345199,36345199,38,0,0,0,1577,1442,1438,1496,1499,1065,1065,1065,1933,1057,1542,1542,1514,1514,1514,1514,998,998,18,0,0,4
36834562,36834562,38,0,0,0,1592,1500,1510,1497,1499,1065,1065,1065,1933,1057,1542,1542,1514,1514,1514,1514,998,998,18,0,0,4
37343176,37343176,38,0,0,0,1533,1512,1542,1508,1499,1065,1065,1065,1933,1057,1542,1542,1514,1514,1514,1514,998,998,18,0,0,4
37854716,37854716,38,0,0,0,1503,1500,1523,1590,1499,1065,1065,1065,1933,1057,1542,1542,1514,1514,1514,1514,998,998,18,0,0,4
38346393,38346393,38,0,0,0,1584,1499,1437,1502,1499,1065,1065,1065,1933,1057,1542,1542,1514,1514,1514,1514,998,998,18,0,0,4
38838027,38838027,38,0,0,0,1655,1505,1440,1499,1499,1065,1065,1065,1933,1057,1542,1542,1514,1514,1514,1514,998,998,18,0,0,4
39338566,39338566,38,0,0,0,1616,1500,1443,1508,1499,1065,1065,1065,1933,1057,1542,1542,1514,1514,1514,1514,998,998,18,0,0,4
39849973,39849973,38,0,0,0,1503,1499,1443,1502,1499,1065,1065,1065,1933,1057,1542,1542,1514,1514,1514,1514,998,998,18,0,0,4
40355119,40355119,38,0,0,0,1504,1499,1441,1500,1499,1933,1065,1065,1933,1057,1542,1542,1514,1514,1514,1514,998,998,18,0,0,4
40841758,40841758,38,0,0,0,1503,1499,1442,1500,1499,1933,1065,1065,1933,1057,1542,1542,1514,1514,1514,1514,998,998,18,0,0,4
41353159,41353159,38,0,0,0,1503,1499,1402,1505,1499,1933,1065,1065,1933,1057,1542,1542,1514,1514,1514,1514,998,998,18,0,0,4
41844654,41844654,38,0,0,0,1503,1499,1400,1504,1499,1933,1065,1065,1933,1057,1542,1542,1514,1514,1514,1514,998,998,18,0,0,4
42353473,42353473,38,0,0,0,1503,1499,1400,1504,1499,1933,1065,1065,1933,1057,1542,1542,1514,1514,1514,1514,998,998,18,0,0,4
42844960,42844960,38,0,0,0,1503,1499,1401,1507,1499,1933,1065,1065,1933,1057,1542,1542,1514,1514,1514,1514,998,998,18,0,0,4
43334374,43334374,38,0,0,0,1503,1499,1401,1507,1499,1933,1065,1065,1933,1057,1542,1542,1514,1514,1514,1514,998,998,18,0,0,4
43846017,43846017,38,0,0,0,1503,1499,1400,1507,1499,1933,1065,1065,1933,1057,1542,1542,1514,1514,1514,1514,998,998,18,0,0,4
44334760,44334760,38,0,0,0,1503,1499,1401,1507,1499,1933,1065,1065,1933,1057,1542,1542,1514,1514,1514,1514,998,998,18,0,0,4
44846247,44846247,38,0,0,0,1503,1499,1401,1507,1499,1933,1065,1065,1933,1057,1542,1542,1514,1514,1514,1514,998,998,18,0,0,4
45355406,45355406,38,0,0,0,1503,1499,1400,1506,1499,1933,1065,1065,1933,1057,1542,1542,1514,1514,1514,1514,998,998,18,0,0,4
45844276,45844276,38,0,0,0,1503,1499,1400,1505,1499,1933,1065,1065,1933,1057,1542,1542,1514,1514,1514,1514,998,998,18,0,0,4
46355825,46355825,38,0,0,0,1503,1499,1401,1505,1499,1933,1065,1065,1933,1057,1542,1542,1514,1514,1514,1514,998,998,18,0,0,4
46847336,46847336,38,0,0,0,1503,1499,1401,1500,1499,1933,1065,1065,1933,1057,1542,1542,1514,1514,1514,1514,998,998,18,0,0,4
47334420,47334420,38,0,0,0,1503,1499,1282,1508,1499,1933,1065,1065,1933,1057,1542,1542,1514,1514,1514,1514,998,998,18,0,0,4
47848277,47848277,38,0,0,0,1505,1498,1200,1498,1499,1933,1065,1065,1933,1057,1542,1542,1514,1514,1514,1514,998,998,18,0,0,4
48340162,48340162,38,0,0,0,1505,1498,1194,1507,1499,1933,1065,1065,1933,1057,1542,1542,1514,1514,1514,1514,998,998,18,0,0,4
48851933,48851933,38,0,0,0,1506,1498,1295,1507,1499,1933,1065,1065,1933,1057,1542,1542,1514,1514,1514,1514,998,998,18,0,0,4
49355235,49355235,38,0,0,0,1506,1496,1204,1497,1499,1933,1065,1065,1933,1057,1542,1542,1514,1514,1514,1514,998,998,18,0,0,4
49844347,49844347,38,0,0,0,1503,1499,1194,1497,1499,1933,1065,1065,1933,1057,1542,1542,1514,1514,1514,1514,998,998,18,0,0,4
50356507,50356507,38,0,0,0,1503,1499,1305,1503,1499,1933,1065,1065,1933,1057,1542,1542,1514,1514,1514,1514,998,998,18,0,0,4
50851640,50851640,38,0,0,0,1506,1437,1406,1495,1499,1933,1065,1065,1933,1057,1542,1542,1514,1514,1514,1514,998,998,18,0,0,4
51353939,51353939,38,0,0,0,1505,1382,1397,1502,1499,1933,1065,1065,1933,1057,1542,1542,1514,1514,1514,1514,998,998,18,0,0,4
51845376,51845376,38,0,0,0,1505,1398,1396,1499,1499,1933,1065,1065,1933,1057,1542,1542,1514,1514,1514,1514,998,998,18,0,0,4
52354245,52354245,38,0,0,0,1505,1388,1388,1507,1499,1933,1065,1065,1933,1057,1542,1542,1514,1514,1514,1514,998,998,18,0,0,4
52843531,52843531,38,0,0,0,1505,1397,1392,1495,1499,1933,1065,1065,1933,1057,1542,1542,1514,1514,1514,1514,998,998,18,0,0,4
53352428,53352428,38,0,0,0,1505,1383,1387,1503,1499,1933,1065,1065,1933,1057,1542,1542,1514,1514,1514,1514,998,998,18,0,0,4
53836679,53836679,38,0,0,0,1506,1391,1414,1500,1499,1933,1065,1065,1933,1057,1542,1542,1514,1514,1514,1514,998,998,18,0,0,4
54348193,54348193,38,0,0,0,1506,1381,1467,1497,1499,1933,1065,1065,1933,1057,1542,1542,1514,1514,1514,1514,998,998,18,0,0,4
54834800,54834800,38,0,0,0,1506,1363,1469,1495,1499,1933,1065,1065,1933,1057,1542,1542,1514,1514,1514,1514,998,998,18,0,0,4
55346298,55346298,38,0,0,0,1505,1390,1464,1507,1499,1933,1065,1065,1933,1057,1542,1542,1514,1514,1514,1514,998,998,18,0,0,4
55855080,55855080,38,0,0,0,1506,1383,1460,1507,1499,1933,1065,1065,1933,1057,1542,1542,1514,1514,1514,1514,998,998,18,0,0,4
56344234,56344234,38,0,0,0,1506,1366,1458,1500,1499,1933,1065,1065,1933,1057,1542,1542,1514,1514,1514,1514,998,998,18,0,0,4
56835955,56835955,38,0,0,0,1506,1360,1461,1495,1499,1933,1065,1065,1933,1057,1542,1542,1514,1514,1514,1514,998,998,18,0,0,4
57344638,57344638,38,0,0,0,1505,1355,1468,1496,1499,1933,1065,1065,1933,1057,1542,1542,1514,1514,1514,1514,998,998,18,0,0,4
57834676,57834676,38,0,0,0,1506,1342,1465,1499,1499,1933,1065,1065,1933,1057,1542,1542,1514,1514,1514,1514,998,998,18,0,0,4
58345486,58345486,38,0,0,0,1506,1383,1461,1508,1499,1933,1065,1065,1933,1057,1542,1542,1514,1514,1514,1514,998,998,18,0,0,4
58834538,58834538,38,0,0,0,1505,1380,1472,1493,1499,1933,1065,1065,1933,1057,1542,1542,1514,1514,1514,1514,998,998,18,0,0,4
59345845,59345845,38,0,0,0,1467,1395,1470,1498,1499,1933,1065,1065,1933,1057,1542,1542,1514,1514,1514,1514,998,998,18,0,0,4
59835101,59835101,38,0,0,0,1500,1358,1465,1500,1499,1933,1065,1065,1933,1057,1542,1542,1514,1514,1514,1514,998,998,18,0,0,4
60343941,60343941,38,0,0,0,1505,1349,1465,1504,1499,1933,1065,1065,1933,1057,1542,1542,1514,1514,1514,1514,998,998,18,0,0,4
60853653,60853653,38,0,0,0,1505,1344,1464,1507,1499,1933,1065,1065,1933,1057,1542,1542,1514,1514,1514,1514,998,998,18,0,0,4
61341579,61341579,38,0,0,0,1480,1356,1467,1497,1499,1933,1065,1065,1933,1057,1542,1542,1514,1514,1514,1514,998,998,18,0,0,4
61853656,61853656,38,0,0,0,1485,1357,1465,1497,1499,1933,1065,1065,1933,1057,1542,1542,1514,1514,1514,1514,998,998,18,0,0,4
62342875,62342875,38,0,0,0,1483,1373,1463,1499,1499,1933,1065,1065,1933,1057,1542,1542,1514,1514,1514,1514,998,998,18,0,0,4
62854327,62854327,38,0,0,0,1470,1367,1467,1498,1499,1933,1065,1065,1933,1057,1542,1542,1514,1514,1514,1514,998,998,18,0,0,4
63345797,63345797,38,0,0,0,1477,1355,1463,1503,1499,1933,1065,1065,1933,1057,1542,1542,1514,1514,1514,1514,998,998,18,0,0,4
63854510,63854510,38,0,0,0,1476,1353,1465,1496,1499,1933,1065,1065,1933,1057,1542,1542,1514,1514,1514,1514,998,998,18,0,0,4
64341181,64341181,38,0,0,0,1480,1350,1463,1503,1499,1933,1065,1065,1933,1057,1542,1542,1514,1514,1514,1514,998,998,18,0,0,4
64832893,64832893,38,0,0,0,1490,1350,1462,1503,1499,1933,1065,1065,1933,1057,1542,1542,1514,1514,1514,1514,998,998,18,0,0,4
65347050,65347050,38,0,0,0,1479,1345,1463,1510,1499,1933,1065,1065,1933,1057,1542,1542,1514,1514,1514,1514,998,998,18,0,0,4
65855951,65855951,38,0,0,0,1490,1383,1461,1497,1499,1933,1065,1065,1933,1057,1542,1542,1514,1514,1514,1514,998,998,18,0,0,4
66345081,66345081,38,0,0,0,1503,1500,1461,1508,1499,1933,1065,1065,1933,1057,1542,1542,1514,1514,1514,1514,998,998,18,0,0,4
66853872,66853872,38,0,0,0,1505,1463,1443,1502,1499,1933,1065,1065,1933,1057,1542,1542,1514,1514,1514,1514,998,998,18,0,0,4
67343268,67343268,38,0,0,0,1486,1398,1452,1498,1499,1933,1065,1065,1933,1057,1542,1542,1514,1514,1514,1514,998,998,18,0,0,4
67854811,67854811,38,0,0,0,1467,1393,1449,1503,1499,1933,1065,1065,1933,1057,1542,1542,1514,1514,1514,1514,998,998,18,0,0,4
68342713,68342713,38,0,0,0,1465,1372,1437,1498,1499,1933,1065,1065,1933,1057,1542,1542,1514,1514,1514,1514,998,998,18,0,0,4
68853418,68853418,38,0,0,0,1478,1353,1437,1501,1499,1933,1065,1065,1933,1057,1542,1542,1514,1514,1514,1514,998,998,18,0,0,4
69341892,69341892,38,0,0,0,1487,1357,1437,1508,1499,1933,1065,1065,1933,1057,1542,1542,1514,1514,1514,1514,998,998,18,0,0,4
69851516,69851516,38,0,0,0,1483,1350,1437,1501,1499,1933,1065,1065,1933,1057,1542,1542,1514,1514,1514,1514,998,998,18,0,0,4
70343039,70343039,38,0,0,0,1488,1343,1437,1501,1499,1933,1065,1065,1933,1057,1542,1542,1514,1514,1514,1514,998,998,18,0,0,4
70853846,70853846,38,0,0,0,1490,1353,1436,1499,1499,1933,1065,1065,1933,1057,1542,1542,1514,1514,1514,1514,998,998,18,0,0,4
71342721,71342721,38,0,0,0,1476,1378,1437,1499,1499,1933,1065,1065,1933,1057,1542,1542,1514,1514,1514,1514,998,998,18,0,0,4
71834613,71834613,38,0,0,0,1459,1380,1431,1503,1499,1933,1065,1065,1933,1057,1542,1542,1514,1514,1514,1514,998,998,18,0,0,4
72349323,72349323,38,0,0,0,1467,1370,1430,1496,1499,1933,1065,1065,1933,1057,1542,1542,1514,1514,1514,1514,998,998,18,0,0,4
72840414,72840414,38,0,0,0,1467,1354,1431,1498,1499,1933,1065,1065,1933,1057,1542,1542,1514,1514,1514,1514,998,998,18,0,0,4
73351504,73351504,38,0,0,0,1458,1356,1430,1495,1499,1933,1065,1065,1933,1057,1542,1542,1514,1514,1514,1514,998,998,18,0,0,4
73839299,73839299,38,0,0,0,1465,1350,1432,1492,1499,1933,1065,1065,1933,1057,1542,1542,1514,1514,1514,1514,998,998,18,0,0,4
74329870,74329870,38,0,0,0,1465,1354,1432,1505,1499,1933,1065,1065,1933,1057,1542,1542,1514,1514,1514,1514,998,998,18,0,0,4
74841804,74841804,38,0,0,0,1475,1347,1430,1498,1499,1933,1065,1065,1933,1057,1542,1542,1514,1514,1514,1514,998,998,18,0,0,4
75349935,75349935,38,0,0,0,1478,1343,1432,1498,1499,1933,1065,1065,1933,1057,1542,1542,1514,1514,1514,1514,998,998,18,0,0,4
75840069,75840069,38,0,0,0,1499,1346,1431,1494,1499,1933,1065,1065,1933,1057,1542,1542,1514,1514,1514,1514,998,998,18,0,0,4
76350877,76350877,38,0,0,0,1492,1345,1433,1497,1499,1933,1065,1065,1933,1057,1542,1542,1514,1514,1514,1514,998,998,18,0,0,4
76837929,76837929,38,0,0,0,1505,1352,1430,1505,1499,1933,1065,1065,1933,1057,1542,1542,1514,1514,1514,1514,998,998,18,0,0,4
77343979,77343979,38,0,0,0,1492,1339,1429,1495,1499,1933,1065,1065,1933,1057,1542,1542,1514,1514,1514,1514,998,998,18,0,0,4
77857624,77857624,38,0,0,0,1500,1330,1429,1499,1499,1933,1065,1065,1933,1057,1542,1542,1514,1514,1514,1514,998,998,18,0,0,4
78344326,78344326,38,0,0,0,1485,1331,1430,1498,1499,1933,1065,1065,1933,1057,1542,1542,1514,1514,1514,1514,998,998,18,0,0,4
78834339,78834339,38,0,0,0,1470,1340,1431,1505,1499,1933,1065,1065,1933,1057,1542,1542,1514,1514,1514,1514,998,998,18,0,0,4
79347546,79347546,38,0,0,0,1492,1338,1430,1495,1499,1933,1065,1065,1933,1057,1542,1542,1514,1514,1514,1514,998,998,18,0,0,4
79836633,79836633,38,0,0,0,1463,1342,1430,1499,1499,1933,1065,1065,1933,1057,1542,1542,1514,1514,1514,1514,998,998,18,0,0,4
80345690,80345690,38,0,0,0,1472,1338,1430,1503,1499,1933,1065,1065,1933,1057,1542,1542,1514,1514,1514,1514,998,998,18,0,0,4
80854611,80854611,38,0,0,0,1498,1335,1432,1502,1499,1933,1065,1065,1933,1057,1542,1542,1514,1514,1514,1514,998,998,18,0,0,4
81346358,81346358,38,0,0,0,1468,1340,1433,1498,1499,1933,1065,1065,1933,1057,1542,1542,1514,1514,1514,1514,998,998,18,0,0,4
81837794,81837794,38,0,0,0,1490,1343,1433,1505,1499,1933,1065,1065,1933,1057,1542,1542,1514,1514,1514,1514,998,998,18,0,0,4
82346521,82346521,38,0,0,0,1468,1352,1432,1499,1499,1933,1065,1065,1933,1057,1542,1542,1514,1514,1514,1514,998,998,18,0,0,4
82833564,82833564,38,0,0,0,1473,1347,1432,1499,1499,1933,1065,1065,1933,1057,1542,1542,1514,1514,1514,1514,998,998,18,0,0,4
83347424,83347424,38,0,0,0,1458,1357,1431,1503,1499,1933,1065,1065,1933,1057,1542,1542,1514,1514,1514,1514,998,998,18,0,0,4
83839561,83839561,38,0,0,0,1457,1354,1430,1506,1499,1933,1065,1065,1933,1057,1542,1542,1514,1514,1514,1514,998,998,18,0,0,4
84352793,84352793,38,0,0,0,1464,1349,1431,1502,1499,1933,1065,1065,1933,1057,1542,1542,1514,1514,1514,1514,998,998,18,0,0,4
84844491,84844491,38,0,0,0,1464,1338,1431,1495,1499,1933,1065,1065,1933,1057,1542,1542,1514,1514,1514,1514,998,998,18,0,0,4
85335884,85335884,38,0,0,0,1465,1340,1432,1498,1499,1933,1065,1065,1933,1057,1542,1542,1514,1514,1514,1514,998,998,18,0,0,4
85845080,85845080,38,0,0,0,1504,1331,1431,1504,1499,1933,1065,1065,1933,1057,1542,1542,1514,1514,1514,1514,998,998,18,0,0,4
86354579,86354579,38,0,0,0,1505,1333,1430,1499,1499,1933,1065,1065,1933,1057,1542,1542,1514,1514,1514,1514,998,998,18,0,0,4
86845788,86845788,38,0,0,0,1503,1403,1430,1507,1499,1933,1065,1065,1933,1057,1542,1542,1514,1514,1514,1514,998,998,18,0,0,4
87354643,87354643,38,0,0,0,1503,1499,1431,1506,1499,1933,1065,1065,1933,1057,1542,1542,1514,1514,1514,1514,998,998,18,0,0,4
87843503,87843503,38,0,0,0,1508,1468,1411,1498,1499,1933,1065,1065,1933,1057,1542,1542,1514,1514,1514,1514,998,998,18,0,0,4
88352822,88352822,38,0,0,0,1505,1386,1419,1503,1499,1933,1065,1065,1933,1057,1542,1542,1514,1514,1514,1514,998,998,18,0,0,4
88844927,88844927,38,0,0,0,1507,1346,1431,1503,1499,1933,1065,1065,1933,1057,1542,1542,1514,1514,1514,1514,998,998,18,0,0,4
89333506,89333506,38,0,0,0,1506,1350,1432,1502,1499,1933,1065,1065,1933,1057,1542,1542,1514,1514,1514,1514,998,998,18,0,0,4
89842658,89842658,38,0,0,0,1506,1347,1433,1502,1499,1933,1065,1065,1933,1057,1542,1542,1514,1514,1514,1514,998,998,18,0,0,4
90353945,90353945,38,0,0,0,1506,1340,1433,1502,1499,1933,1065,1065,1933,1057,1542,1542,1514,1514,1514,1514,998,998,18,0,0,4
90845494,90845494,38,0,0,0,1505,1328,1432,1502,1499,1933,1065,1065,1933,1057,1542,1542,1514,1514,1514,1514,998,998,18,0,0,4
91334372,91334372,38,0,0,0,1503,1336,1432,1502,1499,1933,1065,1065,1933,1057,1542,1542,1514,1514,1514,1514,998,998,18,0,0,4
91840875,91840875,38,0,0,0,1480,1343,1432,1502,1499,1933,1065,1065,1933,1057,1542,1542,1514,1514,1514,1514,998,998,18,0,0,4
92351407,92351407,38,0,0,0,1505,1340,1432,1502,1499,1933,1065,1065,1933,1057,1542,1542,1514,1514,1514,1514,998,998,18,0,0,4
92834134,92834134,38,0,0,0,1483,1349,1432,1502,1499,1933,1065,1065,1933,1057,1542,1542,1514,1514,1514,1514,998,998,18,0,0,4
93348875,93348875,38,0,0,0,1482,1350,1432,1502,1499,1933,1065,1065,1933,1057,1542,1542,1514,1514,1514,1514,998,998,18,0,0,4
93840520,93840520,38,0,0,0,1499,1338,1432,1502,1499,1933,1065,1065,1933,1057,1542,1542,1514,1514,1514,1514,998,998,18,0,0,4
94353610,94353610,38,0,0,0,1478,1341,1432,1502,1499,1933,1065,1065,1933,1057,1542,1542,1514,1514,1514,1514,998,998,18,0,0,4
94845105,94845105,38,0,0,0,1468,1346,1432,1502,1499,1933,1065,1065,1933,1057,1542,1542,1514,1514,1514,1514,998,998,18,0,0,4
95354935,95354935,38,0,0,0,1465,1367,1432,1502,1499,1933,1065,1065,1933,1057,1542,1542,1514,1514,1514,1514,998,998,18,0,0,4
95845997,95845997,38,0,0,0,1482,1367,1432,1502,1499,1933,1065,1065,1933,1057,1542,1542,1514,1514,1514,1514,998,998,18,0,0,4
96354681,96354681,38,0,0,0,1483,1330,1432,1502,1499,1933,1065,1065,1933,1057,1542,1542,1514,1514,1514,1514,998,998,18,0,0,4
96848454,96848454,38,0,0,0,1467,1337,1432,1502,1499,1933,1065,1065,1933,1057,1542,1542,1514,1514,1514,1514,998,998,18,0,0,4
97352966,97352966,38,0,0,0,1466,1338,1432,1502,1499,1933,1065,1065,1933,1057,1542,1542,1514,1514,1514,1514,998,998,18,0,0,4
97842013,97842013,38,0,0,0,1476,1323,1432,1502,1499,1933,1065,1065,1933,1057,1542,1542,1514,1514,1514,1514,998,998,18,0,0,4
98355982,98355982,38,0,0,0,1477,1316,1432,1502,1499,1933,1065,1065,1933,1057,1542,1542,1514,1514,1514,1514,998,998,18,0,0,4
98847368,98847368,38,0,0,0,1483,1302,1432,1502,1499,1933,1065,1065,1933,1057,1542,1542,1514,1514,1514,1514,998,998,18,0,0,4
99334239,99334239,38,0,0,0,1490,1297,1432,1502,1499,1933,1065,1065,1933,1057,1542,1542,1514,1514,1514,1514,998,998,18,0,0,4
99843315,99843315,38,0,0,0,1478,1308,1432,1502,1499,1933,1065,1065,1933,1057,1542,1542,1514,1514,1514,1514,998,998,18,0,0,4
100354719,100354719,38,0,0,0,1505,1328,1432,1502,1499,1933,1065,1065,1933,1057,1542,1542,1514,1514,1514,1514,998,998,18,0,0,4
100843647,100843647,38,0,0,0,1467,1327,1432,1502,1499,1933,1065,1065,1933,1057,1542,1542,1514,1514,1514,1514,998,998,18,0,0,4
101355157,101355157,38,0,0,0,1488,1338,1432,1502,1499,1933,1065,1065,1933,1057,1542,1542,1514,1514,1514,1514,998,998,18,0,0,4
101841618,101841618,38,0,0,0,1432,1356,1432,1502,1499,1933,1065,1065,1933,1057,1542,1542,1514,1514,1514,1514,998,998,18,0,0,4
102353242,102353242,38,0,0,0,1461,1344,1432,1502,1499,1933,1065,1065,1933,1057,1542,1542,1514,1514,1514,1514,998,998,18,0,0,4
102839817,102839817,38,0,0,0,1461,1347,1432,1502,1499,1933,1065,1065,1933,1057,1542,1542,1514,1514,1514,1514,998,998,18,0,0,4
103354094,103354094,38,0,0,0,1462,1341,1432,1502,1499,1933,1065,1065,1933,1057,1542,1542,1514,1514,1514,1514,998,998,18,0,0,4
103837841,103837841,38,0,0,0,1460,1302,1432,1502,1499,1933,1065,1065,1933,1057,1542,1542,1514,1514,1514,1514,998,998,18,0,0,4
104349789,104349789,38,0,0,0,1474,1307,1432,1502,1499,1933,1065,1065,1933,1057,1542,1542,1514,1514,1514,1514,998,998,18,0,0,4
104840932,104840932,38,0,0,0,1477,1315,1432,1502,1499,1933,1065,1065,1933,1057,1542,1542,1514,1514,1514,1514,998,998,18,0,0,4
105355171,105355171,38,0,0,0,1472,1312,1432,1502,1499,1933,1065,1065,1933,1057,1542,1542,1514,1514,1514,1514,998,998,18,0,0,4
105842423,105842423,38,0,0,0,1485,1319,1432,1502,1499,1933,1065,1065,1933,1057,1542,1542,1514,1514,1514,1514,998,998,18,0,0,4
106350489,106350489,38,0,0,0,1482,1315,1432,1502,1499,1933,1065,1065,1933,1057,1542,1542,1514,1514,1514,1514,998,998,18,0,0,4
106842115,106842115,38,0,0,0,1467,1331,1432,1502,1499,1933,1065,1065,1933,1057,1542,1542,1514,1514,1514,1514,998,998,18,0,0,4
107353501,107353501,38,0,0,0,1467,1318,1432,1502,1499,1933,1065,1065,1933,1057,1542,1542,1514,1514,1514,1514,998,998,18,0,0,4
107840499,107840499,38,0,0,0,1478,1315,1432,1502,1499,1933,1065,1065,1933,1057,1542,1542,1514,1514,1514,1514,998,998,18,0,0,4
108351887,108351887,38,0,0,0,1475,1332,1432,1502,1499,1933,1065,1065,1933,1057,1542,1542,1514,1514,1514,1514,998,998,18,0,0,4
108841687,108841687,38,0,0,0,1474,1361,1432,1502,1499,1933,1065,1065,1933,1057,1542,1542,1514,1514,1514,1514,998,998,18,0,0,4
109354694,109354694,38,0,0,0,1468,1357,1432,1502,1499,1933,1065,1065,1933,1057,1542,1542,1514,1514,1514,1514,998,998,18,0,0,4
109844013,109844013,38,0,0,0,1457,1350,1432,1502,1499,1933,1065,1065,1933,1057,1542,1542,1514,1514,1514,1514,998,998,18,0,0,4
110352798,110352798,38,0,0,0,1449,1348,1432,1502,1499,1933,1065,1065,1933,1057,1542,1542,1514,1514,1514,1514,998,998,18,0,0,4
110842817,110842817,38,0,0,0,1453,1347,1432,1502,1499,1933,1065,1065,1933,1057,1542,1542,1514,1514,1514,1514,998,998,18,0,0,4
111353665,111353665,38,0,0,0,1452,1346,1432,1502,1499,1933,1065,1065,1933,1057,1542,1542,1514,1514,1514,1514,998,998,18,0,0,4
111845182,111845182,38,0,0,0,1466,1347,1432,1502,1499,1933,1065,1065,1933,1057,1542,1542,1514,1514,1514,1514,998,998,18,0,0,4
112353977,112353977,38,0,0,0,1431,1355,1432,1502,1499,1933,1065,1065,1933,1057,1542,1542,1514,1514,1514,1514,998,998,18,0,0,4
112843177,112843177,38,0,0,0,1449,1356,1432,1502,1499,1933,1065,1065,1933,1057,1542,1542,1514,1514,1514,1514,998,998,18,0,0,4
113352121,113352121,38,0,0,0,1459,1340,1432,1502,1499,1933,1065,1065,1933,1057,1542,1542,1514,1514,1514,1514,998,998,18,0,0,4
113841874,113841874,38,0,0,0,1438,1330,1432,1502,1499,1933,1065,1065,1933,1057,1542,1542,1514,1514,1514,1514,998,998,18,0,0,4
114355161,114355161,38,0,0,0,1448,1337,1432,1502,1499,1933,1065,1065,1933,1057,1542,1542,1514,1514,1514,1514,998,998,18,0,0,4
114845031,114845031,38,0,0,0,1467,1309,1432,1502,1499,1933,1065,1065,1933,1057,1542,1542,1514,1514,1514,1514,998,998,18,0,0,4
115355984,115355984,38,0,0,0,1464,1325,1432,1502,1499,1933,1065,1065,1933,1057,1542,1542,1514,1514,1514,1514,998,998,18,0,0,4
115847406,115847406,38,0,0,0,1452,1323,1432,1502,1499,1933,1065,1065,1933,1057,1542,1542,1514,1514,1514,1514,998,998,18,0,0,4
116336374,116336374,38,0,0,0,1466,1319,1432,1502,1499,1933,1065,1065,1933,1057,1542,1542,1514,1514,1514,1514,998,998,18,0,0,4
121853227,121853227,38,0,0,0,1505,1318,1607,1495,1499,1933,1065,1065,1933,1057,1542,1542,1514,1514,1514,1514,998,998,18,0,0,4
122340065,122340065,38,0,0,0,1504,1302,1695,1505,1499,1933,1065,1065,1933,1057,1542,1542,1514,1514,1514,1514,998,998,18,0,0,4
122846427,122846427,38,0,0,0,1505,1290,1742,1508,1499,1933,1065,1065,1933,1057,1542,1542,1514,1514,1514,1514,998,998,18,0,0,4
123337889,123337889,38,0,0,0,1505,1287,1739,1495,1499,1933,1065,1065,1933,1057,1542,1542,1514,1514,1514,1514,998,998,18,0,0,4
123852927,123852927,38,0,0,0,1505,1288,1771,1504,1499,1933,1065,1065,1933,1057,1542,1542,1514,1514,1514,1514,998,998,18,0,0,4
124343925,124343925,38,0,0,0,1505,1303,1772,1503,1499,1933,1065,1065,1933,1057,1542,1542,1514,1514,1514,1514,998,998,18,0,0,4
124855263,124855263,38,0,0,0,1500,1284,1732,1505,1499,1933,1065,1065,1933,1057,1542,1542,1514,1514,1514,1514,998,998,18,0,0,4
125342069,125342069,38,0,0,0,1501,1262,1722,1498,1499,1933,1065,1065,1933,1057,1542,1542,1514,1514,1514,1514,998,998,18,0,0,4
125855915,125855915,38,0,0,0,1505,1268,1795,1507,1499,1933,1065,1065,1933,1057,1542,1542,1514,1514,1514,1514,998,998,18,0,0,4
126344825,126344825,38,0,0,0,1506,1268,1894,1507,1499,1933,1065,1065,1933,1057,1542,1542,1514,1514,1514,1514,998,998,18,0,0,4
126836431,126836431,38,0,0,0,1493,1273,1904,1500,1499,1933,1065,1065,1933,1057,1542,1542,1514,1514,1514,1514,998,998,18,0,0,4
127342982,127342982,38,0,0,0,1477,1355,1812,1495,1499,1933,1065,1065,1933,1057,1542,1542,1514,1514,1514,1514,998,998,18,0,0,4
127851860,127851860,38,0,0,0,1460,1352,1795,1503,1499,1933,1065,1065,1933,1057,1542,1542,1514,1514,1514,1514,998,998,18,0,0,4
128339618,128339618,38,0,0,0,1458,1355,1797,1505,1499,1933,1065,1065,1933,1057,1542,1542,1514,1514,1514,1514,998,998,18,0,0,4
128853263,128853263,38,0,0,0,1505,1435,1797,1503,1499,1933,1065,1065,1933,1057,1542,1542,1514,1514,1514,1514,998,998,18,0,0,4
129344296,129344296,38,0,0,0,1500,1458,1797,1493,1499,1933,1065,1065,1933,1057,1542,1542,1514,1514,1514,1514,998,998,18,0,0,4
129835687,129835687,38,0,0,0,1504,1499,1795,1507,1499,1933,1065,1065,1933,1057,1542,1542,1514,1514,1514,1514,998,998,18,0,0,4
130344520,130344520,38,0,0,0,1503,1499,1796,1503,1499,1933,1065,1065,1933,1057,1542,1542,1514,1514,1514,1514,998,998,18,0,0,4
130851104,130851104,38,0,0,0,1503,1499,1796,1506,1499,1933,1065,1065,1933,1057,1542,1542,1514,1514,1514,1514,998,998,18,0,0,4
131340724,131340724,38,0,0,0,1503,1499,1796,1505,1499,1933,1065,1065,1933,1057,1542,1542,1514,1514,1514,1514,998,998,18,0,0,4
131854141,131854141,38,0,0,0,1503,1499,1873,1497,1499,1933,1065,1065,1933,1057,1542,1542,1514,1514,1514,1514,998,998,18,0,0,4
132338633,132338633,38,0,0,0,1503,1499,1852,1493,1499,1933,1065,1065,1933,1057,1542,1542,1514,1514,1514,1514,998,998,18,0,0,4
132847309,132847309,38,0,0,0,1494,1453,1707,1505,1499,1933,1065,1065,1933,1057,1542,1542,1514,1514,1514,1514,998,998,18,0,0,4
133356346,133356346,38,0,0,0,1502,1457,1833,1501,1499,1933,1065,1065,1933,1057,1542,1542,1514,1514,1514,1514,998,998,18,0,0,4
133843173,133843173,38,0,0,0,1505,1466,1839,1505,1499,1933,1065,1065,1933,1057,1542,1542,1514,1514,1514,1514,998,998,18,0,0,4
134351913,134351913,38,0,0,0,1490,1388,1797,1507,1499,1933,1065,1065,1933,1057,1542,1542,1514,1514,1514,1514,998,998,18,0,0,4
134841881,134841881,38,0,0,0,1505,1395,1778,1500,1499,1933,1065,1065,1933,1057,1542,1542,1514,1514,1514,1514,998,998,18,0,0,4
135350023,135350023,38,0,0,0,1505,1358,1780,1500,1499,1933,1065,1065,1933,1057,1542,1542,1514,1514,1514,1514,998,998,18,0,0,4
135839787,135839787,38,0,0,0,1505,1342,1772,1497,1499,1933,1065,1065,1933,1057,1542,1542,1514,1514,1514,1514,998,998,18,0,0,4
136351493,136351493,38,0,0,0,1505,1347,1540,1507,1499,1933,1065,1065,1933,1057,1542,1542,1514,1514,1514,1514,998,998,18,0,0,4
136842422,136842422,38,0,0,0,1478,1340,1541,1499,1499,1933,1065,1065,1933,1057,1542,1542,1514,1514,1514,1514,998,998,18,0,0,4
137353813,137353813,38,0,0,0,1505,1325,1525,1498,1499,1933,1065,1065,1933,1057,1542,1542,1514,1514,1514,1514,998,998,18,0,0,4
137842906,137842906,38,0,0,0,1488,1331,1523,1506,1499,1933,1065,1065,1933,1057,1542,1542,1514,1514,1514,1514,998,998,18,0,0,4
138334429,138334429,38,0,0,0,1487,1333,1440,1510,1499,1933,1065,1065,1933,1057,1542,1542,1514,1514,1514,1514,998,998,18,0,0,4
138846041,138846041,38,0,0,0,1497,1328,1440,1495,1499,1933,1065,1065,1933,1057,1542,1542,1514,1514,1514,1514,998,998,18,0,0,4
139354947,139354947,38,0,0,0,1486,1317,1403,1502,1499,1933,1065,1065,1933,1057,1542,1542,1514,1514,1514,1514,998,998,18,0,0,4
139847090,139847090,38,0,0,0,1456,1348,1405,1495,1499,1933,1065,1065,1933,1057,1542,1542,1514,1514,1514,1514,998,998,18,0,0,4
140335412,140335412,38,0,0,0,1490,1334,1407,1505,1499,1933,1065,1065,1933,1057,1542,1542,1514,1514,1514,1514,998,998,18,0,0,4
140841919,140841919,38,0,0,0,1470,1319,1404,1498,1499,1933,1065,1065,1933,1057,1542,1542,1514,1514,1514,1514,998,998,18,0,0,4
141346451,141346451,38,0,0,0,1483,1312,1460,1495,1499,1933,1065,1065,1933,1057,1542,1542,1514,1514,1514,1514,998,998,18,0,0,4
141855157,141855157,38,0,0,0,1462,1313,1507,1497,1499,1933,1065,1065,1933,1057,1542,1542,1514,1514,1514,1514,998,998,18,0,0,4
142346616,142346616,38,0,0,0,1470,1306,1505,1497,1499,1933,1065,1065,1933,1057,1542,1542,1514,1514,1514,1514,998,998,18,0,0,4
142846411,142846411,38,0,0,0,1493,1305,1505,1511,1499,1933,1065,1065,1933,1057,1542,1542,1514,1514,1514,1514,998,998,18,0,0,4
143353311,143353311,38,0,0,0,1482,1282,1504,1505,1499,1933,1065,1065,1933,1057,1542,1542,1514,1514,1514,1514,998,998,18,0,0,4
143844326,143844326,38,0,0,0,1487,1290,1503,1505,1499,1933,1065,1065,1933,1057,1542,1542,1514,1514,1514,1514,998,998,18,0,0,4
144357625,144357625,38,0,0,0,1485,1293,1504,1501,1499,1933,1065,1065,1933,1057,1542,1542,1514,1514,1514,1514,998,998,18,0,0,4
144849205,144849205,38,0,0,0,1456,1298,1503,1496,1499,1933,1065,1065,1933,1057,1542,1542,1514,1514,1514,1514,998,998,18,0,0,4
145338596,145338596,38,0,0,0,1475,1301,1503,1504,1499,1933,1065,1065,1933,1057,1542,1542,1514,1514,1514,1514,998,998,18,0,0,4
145850097,145850097,38,0,0,0,1473,1295,1503,1495,1499,1933,1065,1065,1933,1057,1542,1542,1514,1514,1514,1514,998,998,18,0,0,4
146335116,146335116,38,0,0,0,1475,1293,1503,1496,1499,1933,1065,1065,1933,1057,1542,1542,1514,1514,1514,1514,998,998,18,0,0,4
146848486,146848486,38,0,0,0,1460,1284,1503,1497,1499,1933,1065,1065,1933,1057,1542,1542,1514,1514,1514,1514,998,998,18,0,0,4
147340073,147340073,38,0,0,0,1484,1280,1505,1506,1499,1933,1065,1065,1933,1057,1542,1542,1514,1514,1514,1514,998,998,18,0,0,4
147853675,147853675,38,0,0,0,1482,1278,1505,1493,1499,1933,1065,1065,1933,1057,1542,1542,1514,1514,1514,1514,998,998,18,0,0,4
148345084,148345084,38,0,0,0,1482,1293,1505,1511,1499,1933,1065,1065,1933,1057,1542,1542,1514,1514,1514,1514,998,998,18,0,0,4
148834309,148834309,38,0,0,0,1505,1435,1505,1500,1499,1933,1065,1065,1933,1057,1542,1542,1514,1514,1514,1514,998,998,18,0,0,4
149347305,149347305,38,0,0,0,1503,1499,1504,1500,1499,1933,1065,1065,1933,1057,1542,1542,1514,1514,1514,1514,998,998,18,0,0,4
149834723,149834723,38,0,0,0,1503,1499,1505,1503,1499,1933,1065,1065,1933,1057,1542,1542,1514,1514,1514,1514,998,998,18,0,0,4
150341307,150341307,38,0,0,0,1503,1499,1504,1502,1499,1933,1065,1065,1933,1057,1542,1542,1514,1514,1514,1514,998,998,18,0,0,4
150849177,150849177,38,0,0,0,1503,1499,1504,1500,1499,1933,1065,1065,1933,1057,1542,1542,1514,1514,1514,1514,998,998,18,0,0,4
151339315,151339315,38,0,0,0,1503,1499,1504,1502,1499,1933,1065,1065,1933,1057,1542,1542,1514,1514,1514,1514,998,998,18,0,0,4
151850770,151850770,38,0,0,0,1503,1499,1505,1505,1499,1933,1065,1065,1933,1057,1542,1542,1514,1514,1514,1514,998,998,18,0,0,4
152343014,152343014,38,0,0,0,1503,1499,1505,1509,1499,1933,1065,1065,1933,1057,1542,1542,1514,1514,1514,1514,998,998,18,0,0,4
152854322,152854322,38,0,0,0,1503,1499,1541,1494,1499,1933,1065,1065,1933,1057,1542,1542,1514,1514,1514,1514,998,998,18,0,0,4
153345391,153345391,38,0,0,0,1503,1498,1635,1505,1499,1933,1065,1065,1933,1057,1542,1542,1514,1514,1514,1514,998,998,18,0,0,4
153834863,153834863,38,0,0,0,1503,1499,1637,1497,1499,1933,1065,1065,1933,1057,1542,1542,1514,1514,1514,1514,998,998,18,0,0,4
154348492,154348492,38,0,0,0,1503,1499,1632,1503,1499,1933,1065,1065,1933,1057,1542,1542,1514,1514,1514,1514,998,998,18,0,0,4
154840148,154840148,38,0,0,0,1503,1499,1632,1505,1499,1933,1065,1065,1933,1057,1542,1542,1514,1514,1514,1514,998,998,18,0,0,4
155354222,155354222,38,0,0,0,1503,1499,1630,1503,1499,1933,1065,1065,1933,1057,1542,1542,1514,1514,1514,1514,998,998,18,0,0,4
155843148,155843148,38,0,0,0,1503,1499,1628,1503,1499,1933,1065,1065,1933,1057,1542,1542,1514,1514,1514,1514,998,998,18,0,0,4
156349843,156349843,38,0,0,0,1503,1499,1632,1493,1499,1933,1065,1065,1933,1057,1542,1542,1514,1514,1514,1514,998,998,18,0,0,4
156836424,156836424,38,0,0,0,1503,1499,1632,1507,1499,1933,1065,1065,1933,1057,1542,1542,1514,1514,1514,1514,998,998,18,0,0,4
157342931,157342931,38,0,0,0,1503,1499,1632,1507,1499,1933,1065,1065,1933,1057,1542,1542,1514,1514,1514,1514,998,998,18,0,0,4
157854261,157854261,38,0,0,0,1503,1499,1633,1505,1499,1933,1065,1065,1933,1057,1542,1542,1514,1514,1514,1514,998,998,18,0,0,4
158341329,158341329,38,0,0,0,1505,1379,1608,1501,1499,1933,1065,1065,1933,1057,1542,1542,1514,1514,1514,1514,998,998,18,0,0,4
158832483,158832483,38,0,0,0,1504,1400,1608,1507,1499,1933,1065,1065,1933,1057,1542,1542,1514,1514,1514,1514,998,998,18,0,0,4
159343879,159343879,38,0,0,0,1503,1388,1608,1500,1499,1933,1065,1065,1933,1057,1542,1542,1514,1514,1514,1514,998,998,18,0,0,4
159853207,159853207,38,0,0,0,1503,1391,1608,1501,1499,1933,1065,1065,1933,1057,1542,1542,1514,1514,1514,1514,998,998,18,0,0,4
160342031,160342031,38,0,0,0,1463,1398,1606,1500,1499,1933,1065,1065,1933,1057,1542,1542,1514,1514,1514,1514,998,998,18,0,0,4
160853728,160853728,38,0,0,0,1482,1402,1608,1497,1499,1933,1065,1065,1933,1057,1542,1542,1514,1514,1514,1514,998,998,18,0,0,4
161345112,161345112,38,0,0,0,1481,1377,1608,1504,1499,1933,1065,1065,1933,1057,1542,1542,1514,1514,1514,1514,998,998,18,0,0,4
161836659,161836659,38,0,0,0,1462,1367,1607,1510,1499,1933,1065,1065,1933,1057,1542,1542,1514,1514,1514,1514,998,998,18,0,0,4
162343312,162343312,38,0,0,0,1453,1358,1607,1498,1499,1933,1065,1065,1933,1057,1542,1542,1514,1514,1514,1514,998,998,18,0,0,4
162855070,162855070,38,0,0,0,1468,1355,1608,1505,1499,1933,1065,1065,1933,1057,1542,1542,1514,1514,1514,1514,998,998,18,0,0,4
163344101,163344101,38,0,0,0,1483,1370,1608,1499,1499,1933,1065,1065,1933,1057,1542,1542,1514,1514,1514,1514,998,998,18,0,0,4
163852699,163852699,38,0,0,0,1493,1343,1607,1508,1499,1933,1065,1065,1933,1057,1542,1542,1514,1514,1514,1514,998,998,18,0,0,4
164344413,164344413,38,0,0,0,1489,1337,1607,1501,1499,1933,1065,1065,1933,1057,1542,1542,1514,1514,1514,1514,998,998,18,0,0,4
164856021,164856021,38,0,0,0,1495,1302,1608,1499,1499,1933,1065,1065,1933,1057,1542,1542,1514,1514,1514,1514,998,998,18,0,0,4
165348926,165348926,38,0,0,0,1465,1333,1608,1501,1499,1933,1065,1065,1933,1057,1542,1542,1514,1514,1514,1514,998,998,18,0,0,4
165854110,165854110,38,0,0,0,1447,1335,1608,1499,1499,1933,1065,1065,1933,1057,1542,1542,1514,1514,1514,1514,998,998,18,0,0,4
166343400,166343400,38,0,0,0,1463,1328,1607,1510,1499,1933,1065,1065,1933,1057,1542,1542,1514,1514,1514,1514,998,998,18,0,0,4
166852225,166852225,38,0,0,0,1477,1317,1608,1499,1499,1933,1065,1065,1933,1057,1542,1542,1514,1514,1514,1514,998,998,18,0,0,4
167342035,167342035,38,0,0,0,1472,1310,1607,1510,1499,1933,1065,1065,1933,1057,1542,1542,1514,1514,1514,1514,998,998,18,0,0,4
167848054,167848054,38,0,0,0,1468,1308,1608,1496,1499,1933,1065,1065,1933,1057,1542,1542,1514,1514,1514,1514,998,998,18,0,0,4
168339866,168339866,38,0,0,0,1488,1308,1608,1502,1499,1933,1065,1065,1933,1057,1542,1542,1514,1514,1514,1514,998,998,18,0,0,4
168853227,168853227,38,0,0,0,1494,1302,1607,1495,1499,1933,1065,1065,1933,1057,1542,1542,1514,1514,1514,1514,998,998,18,0,0,4
169342489,169342489,38,0,0,0,1483,1288,1606,1503,1499,1933,1065,1065,1933,1057,1542,1542,1514,1514,1514,1514,998,998,18,0,0,4
169851530,169851530,38,0,0,0,1433,1301,1605,1508,1499,1933,1065,1065,1933,1057,1542,1542,1514,1514,1514,1514,998,998,18,0,0,4
170343028,170343028,38,0,0,0,1467,1332,1607,1504,1499,1933,1065,1065,1933,1057,1542,1542,1514,1514,1514,1514,998,998,18,0,0,4
170854591,170854591,38,0,0,0,1503,1499,1575,1502,1499,1933,1065,1065,1933,1057,1542,1542,1514,1514,1514,1514,998,998,18,0,0,4
171345104,171345104,38,0,0,0,1484,1368,1441,1507,1499,1933,1065,1065,1933,1057,1542,1542,1514,1514,1514,1514,998,998,18,0,0,4
171855177,171855177,38,0,0,0,1465,1350,1443,1502,1499,1933,1065,1065,1933,1057,1542,1542,1514,1514,1514,1514,998,998,18,0,0,4
172341784,172341784,38,0,0,0,1475,1307,1443,1503,1499,1933,1065,1065,1933,1057,1542,1542,1514,1514,1514,1514,998,998,18,0,0,4
172851736,172851736,38,0,0,0,1468,1283,1442,1498,1499,1933,1065,1065,1933,1057,1542,1542,1514,1514,1514,1514,998,998,18,0,0,4
173342803,173342803,38,0,0,0,1422,1290,1442,1503,1499,1933,1065,1065,1933,1057,1542,1542,1514,1514,1514,1514,998,998,18,0,0,4
173848642,173848642,38,0,0,0,1451,1286,1442,1501,1499,1933,1065,1065,1933,1057,1542,1542,1514,1514,1514,1514,998,998,18,0,0,4
174338027,174338027,38,0,0,0,1475,1257,1441,1501,1499,1933,1065,1065,1933,1057,1542,1542,1514,1514,1514,1514,998,998,18,0,0,4
174851918,174851918,38,0,0,0,1464,1245,1442,1499,1499,1933,1065,1065,1933,1057,1542,1542,1514,1514,1514,1514,998,998,18,0,0,4
175343261,175343261,38,0,0,0,1482,1335,1442,1509,1499,1933,1065,1065,1933,1057,1542,1542,1514,1514,1514,1514,998,998,18,0,0,4
175855092,175855092,38,0,0,0,1495,1393,1441,1499,1499,1933,1065,1065,1933,1057,1542,1542,1514,1514,1514,1514,998,998,18,0,0,4
176357605,176357605,38,0,0,0,1473,1327,1443,1499,1499,1933,1065,1065,1933,1057,1542,1542,1514,1514,1514,1514,998,998,18,0,0,4
176845704,176845704,38,0,0,0,1481,1300,1444,1504,1499,1933,1065,1065,1933,1057,1542,1542,1514,1514,1514,1514,998,998,18,0,0,4
177334711,177334711,38,0,0,0,1477,1277,1443,1509,1499,1933,1065,1065,1933,1057,1542,1542,1514,1514,1514,1514,998,998,18,0,0,4
177846762,177846762,38,0,0,0,1470,1259,1443,1500,1499,1933,1065,1065,1933,1057,1542,1542,1514,1514,1514,1514,998,998,18,0,0,4
178337810,178337810,38,0,0,0,1455,1259,1444,1507,1499,1933,1065,1065,1933,1057,1542,1542,1514,1514,1514,1514,998,998,18,0,0,4
178851877,178851877,38,0,0,0,1449,1255,1443,1495,1499,1933,1065,1065,1933,1057,1542,1542,1514,1514,1514,1514,998,998,18,0,0,4
179340672,179340672,38,0,0,0,1460,1257,1443,1497,1499,1933,1065,1065,1933,1057,1542,1542,1514,1514,1514,1514,998,998,18,0,0,4
179847260,179847260,38,0,0,0,1448,1280,1442,1507,1499,1933,1065,1065,1933,1057,1542,1542,1514,1514,1514,1514,998,998,18,0,0,4
180338798,180338798,38,0,0,0,1473,1311,1444,1499,1499,1933,1065,1065,1933,1057,1542,1542,1514,1514,1514,1514,998,998,18,0,0,4
180850234,180850234,38,0,0,0,1487,1448,1443,1501,1499,1933,1065,1065,1933,1057,1542,1542,1514,1514,1514,1514,998,998,18,0,0,4
181336103,181336103,38,0,0,0,1503,1499,1443,1510,1499,1933,1065,1065,1933,1057,1542,1542,1514,1514,1514,1514,998,998,18,0,0,4
181849120,181849120,38,0,0,0,1503,1499,1446,1505,1499,1933,1065,1065,1933,1057,1542,1542,1514,1514,1514,1514,998,998,18,0,0,4
182340646,182340646,38,0,0,0,1499,1499,1447,1498,1499,1933,1065,1065,1933,1057,1542,1542,1514,1514,1514,1514,998,998,18,0,0,4
182854139,182854139,38,0,0,0,1503,1499,1445,1506,1499,1933,1065,1065,1933,1057,1542,1542,1514,1514,1514,1514,998,998,18,0,0,4
183343091,183343091,38,0,0,0,1503,1499,1445,1502,1499,1933,1065,1065,1933,1057,1542,1542,1514,1514,1514,1514,998,998,18,0,0,4
183834545,183834545,38,0,0,0,1503,1499,1445,1504,1499,1933,1065,1065,1933,1057,1542,1542,1514,1514,1514,1514,998,998,18,0,0,4
184350508,184350508,38,0,0,0,1498,1499,1443,1496,1499,1933,1065,1065,1933,1057,1542,1542,1514,1514,1514,1514,998,998,18,0,0,4
184837674,184837674,38,0,0,0,1503,1499,1445,1496,1499,1933,1065,1065,1933,1057,1542,1542,1514,1514,1514,1514,998,998,18,0,0,4
185352821,185352821,38,0,0,0,1503,1499,1444,1493,1499,1933,1065,1065,1933,1057,1542,1542,1514,1514,1514,1514,998,998,18,0,0,4
185840700,185840700,38,0,0,0,1503,1499,1445,1500,1499,1933,1065,1065,1933,1057,1542,1542,1514,1514,1514,1514,998,998,18,0,0,4
186352209,186352209,38,0,0,0,1505,1488,1445,1507,1499,1933,1065,1065,1933,1057,1542,1542,1514,1514,1514,1514,998,998,18,0,0,4
186842105,186842105,38,0,0,0,1505,1482,1445,1492,1499,1933,1065,1065,1933,1057,1542,1542,1514,1514,1514,1514,998,998,18,0,0,4
187353196,187353196,38,0,0,0,1506,1499,1445,1499,1499,1933,1065,1065,1933,1057,1542,1542,1514,1514,1514,1514,998,998,18,0,0,4
187848647,187848647,38,0,0,0,1505,1438,1444,1492,1499,1933,1065,1065,1933,1057,1542,1542,1514,1514,1514,1514,998,998,18,0,0,4
188351800,188351800,38,0,0,0,1473,1362,1445,1505,1499,1933,1065,1065,1933,1057,1542,1542,1514,1514,1514,1514,998,998,18,0,0,4
188840193,188840193,38,0,0,0,1501,1398,1445,1505,1499,1933,1065,1065,1933,1057,1542,1542,1514,1514,1514,1514,998,998,18,0,0,4
189351770,189351770,38,0,0,0,1454,1366,1445,1499,1499,1933,1065,1065,1933,1057,1542,1542,1514,1514,1514,1514,998,998,18,0,0,4
189841134,189841134,38,0,0,0,1457,1365,1445,1494,1499,1933,1065,1065,1933,1057,1542,1542,1514,1514,1514,1514,998,998,18,0,0,4
190347983,190347983,38,0,0,0,1465,1327,1445,1507,1499,1933,1065,1065,1933,1057,1542,1542,1514,1514,1514,1514,998,998,18,0,0,4
190839964,190839964,38,0,0,0,1464,1305,1445,1499,1499,1933,1065,1065,1933,1057,1542,1542,1514,1514,1514,1514,998,998,18,0,0,4
191352671,191352671,38,0,0,0,1478,1284,1445,1508,1499,1933,1065,1065,1933,1057,1542,1542,1514,1514,1514,1514,998,998,18,0,0,4
191842642,191842642,38,0,0,0,1472,1278,1444,1507,1499,1933,1065,1065,1933,1057,1542,1542,1514,1514,1514,1514,998,998,18,0,0,4
192353480,192353480,38,0,0,0,1487,1237,1443,1499,1499,1933,1065,1065,1933,1057,1542,1542,1514,1514,1514,1514,998,998,18,0,0,4
192842346,192842346,38,0,0,0,1493,1245,1443,1510,1499,1933,1065,1065,1933,1057,1542,1542,1514,1514,1514,1514,998,998,18,0,0,4
193357497,193357497,38,0,0,0,1448,1253,1443,1510,1499,1933,1065,1065,1933,1057,1542,1542,1514,1514,1514,1514,998,998,18,0,0,4
193848662,193848662,38,0,0,0,1444,1259,1444,1497,1499,1933,1065,1065,1933,1057,1542,1542,1514,1514,1514,1514,998,998,18,0,0,4
194340224,194340224,38,0,0,0,1447,1255,1443,1499,1499,1933,1065,1065,1933,1057,1542,1542,1514,1514,1514,1514,998,998,18,0,0,4
194851709,194851709,38,0,0,0,1448,1258,1443,1505,1499,1933,1065,1065,1933,1057,1542,1542,1514,1514,1514,1514,998,998,18,0,0,4
195343316,195343316,38,0,0,0,1464,1261,1443,1501,1499,1933,1065,1065,1933,1057,1542,1542,1514,1514,1514,1514,998,998,18,0,0,4
195851487,195851487,38,0,0,0,1474,1243,1443,1505,1499,1933,1065,1065,1933,1057,1542,1542,1514,1514,1514,1514,998,998,18,0,0,4
196343302,196343302,38,0,0,0,1465,1237,1443,1500,1499,1933,1065,1065,1933,1057,1542,1542,1514,1514,1514,1514,998,998,18,0,0,4
196852434,196852434,38,0,0,0,1467,1228,1443,1507,1499,1933,1065,1065,1933,1057,1542,1542,1514,1514,1514,1514,998,998,18,0,0,4
197339532,197339532,38,0,0,0,1488,1219,1443,1510,1499,1933,1065,1065,1933,1057,1542,1542,1514,1514,1514,1514,998,998,18,0,0,4
197850438,197850438,38,0,0,0,1498,1195,1443,1500,1499,1933,1065,1065,1933,1057,1542,1542,1514,1514,1514,1514,998,998,18,0,0,4
198342520,198342520,38,0,0,0,1497,1193,1443,1508,1499,1933,1065,1065,1933,1057,1542,1542,1514,1514,1514,1514,998,998,18,0,0,4
198855824,198855824,38,0,0,0,1505,1368,1444,1510,1499,1933,1065,1065,1933,1057,1542,1542,1514,1514,1514,1514,998,998,18,0,0,4
199345214,199345214,38,0,0,0,1503,1499,1444,1504,1499,1933,1065,1065,1933,1057,1542,1542,1514,1514,1514,1514,998,998,18,0,0,4
199853435,199853435,38,0,0,0,1503,1470,1444,1497,1499,1933,1065,1065,1933,1057,1542,1542,1514,1514,1514,1514,998,998,18,0,0,4
200341811,200341811,38,0,0,0,1506,1434,1441,1509,1499,1933,1065,1065,1933,1057,1542,1542,1514,1514,1514,1514,998,998,18,0,0,4
200851200,200851200,38,0,0,0,1503,1489,1440,1507,1499,1933,1065,1065,1933,1057,1542,1542,1514,1514,1514,1514,998,998,18,0,0,4
201336433,201336433,38,0,0,0,1505,1490,1282,1507,1499,1933,1065,1065,1933,1057,1542,1542,1514,1514,1514,1514,998,998,18,0,0,4
201840138,201840138,38,0,0,0,1487,1467,1273,1505,1499,1933,1065,1065,1933,1057,1542,1542,1514,1514,1514,1514,998,998,18,0,0,4
202346801,202346801,38,0,0,0,1503,1462,1309,1490,1499,1933,1065,1065,1933,1057,1542,1542,1514,1514,1514,1514,998,998,18,0,0,4
202836775,202836775,38,0,0,0,1493,1467,1313,1499,1499,1933,1065,1065,1933,1057,1542,1542,1514,1514,1514,1514,998,998,18,0,0,4
203344200,203344200,38,0,0,0,1505,1493,1315,1502,1499,1933,1065,1065,1933,1057,1542,1542,1514,1514,1514,1514,998,998,18,0,0,4
203850204,203850204,38,0,0,0,1503,1499,1312,1509,1499,1933,1065,1065,1933,1057,1542,1542,1514,1514,1514,1514,998,998,18,0,0,4
204337852,204337852,38,0,0,0,1489,1499,1418,1495,1499,1933,1065,1065,1933,1057,1542,1542,1514,1514,1514,1514,998,998,18,0,0,4
204847102,204847102,38,0,0,0,1487,1494,1419,1500,1499,1933,1065,1065,1933,1057,1542,1542,1514,1514,1514,1514,998,998,18,0,0,4
205339411,205339411,38,0,0,0,1491,1491,1427,1440,1499,1933,1065,1065,1933,1057,1542,1542,1514,1514,1514,1514,998,998,18,0,0,4
205850136,205850136,38,0,0,0,1497,1494,1407,1324,1499,1933,1065,1065,1933,1057,1542,1542,1514,1514,1514,1514,998,998,18,0,0,4
206354634,206354634,38,0,0,0,1499,1495,1405,1302,1499,1933,1065,1065,1933,1057,1542,1542,1514,1514,1514,1514,998,998,18,0,0,4
206844563,206844563,38,0,0,0,1498,1498,1406,1318,1499,1933,1065,1065,1933,1057,1542,1542,1514,1514,1514,1514,998,998,18,0,0,4
207354677,207354677,38,0,0,0,1497,1498,1407,1332,1499,1933,1065,1065,1933,1057,1542,1542,1514,1514,1514,1514,998,998,18,0,0,4
207846281,207846281,38,0,0,0,1498,1496,1405,1318,1499,1933,1065,1065,1933,1057,1542,1542,1514,1514,1514,1514,998,998,18,0,0,4
208339652,208339652,38,0,0,0,1501,1499,1406,1347,1499,1933,1065,1065,1933,1057,1542,1542,1514,1514,1514,1514,998,998,18,0,0,4
208848185,208848185,38,0,0,0,1503,1499,1407,1318,1499,1933,1065,1065,1933,1057,1542,1542,1514,1514,1514,1514,998,998,18,0,0,4
209338318,209338318,38,0,0,0,1503,1499,1407,1321,1499,1933,1065,1065,1933,1057,1542,1542,1514,1514,1514,1514,998,998,18,0,0,4
209847576,209847576,38,0,0,0,1503,1499,1405,1315,1499,1933,1065,1065,1933,1057,1542,1542,1514,1514,1514,1514,998,998,18,0,0,4
210335670,210335670,38,0,0,0,1501,1499,1407,1318,1499,1933,1065,1065,1933,1057,1542,1542,1514,1514,1514,1514,998,998,18,0,0,4
210846915,210846915,38,0,0,0,1504,1499,1404,1302,1499,1933,1065,1065,1933,1057,1542,1542,1514,1514,1514,1514,998,998,18,0,0,4
211345858,211345858,38,0,0,0,1505,1499,1405,1291,1499,1933,1065,1065,1933,1057,1542,1542,1514,1514,1514,1514,998,998,18,0,0,4
211842204,211842204,38,0,0,0,1505,1499,1406,1317,1499,1933,1065,1065,1933,1057,1542,1542,1514,1514,1514,1514,998,998,18,0,0,4
212328853,212328853,38,0,0,0,1505,1499,1405,1270,1499,1933,1065,1065,1933,1057,1542,1542,1514,1514,1514,1514,998,998,18,0,0,4
212843595,212843595,38,0,0,0,1505,1499,1406,1300,1499,1933,1065,1065,1933,1057,1542,1542,1514,1514,1514,1514,998,998,18,0,0,4
213354713,213354713,38,0,0,0,1505,1499,1408,1445,1499,1933,1065,1065,1933,1057,1542,1542,1514,1514,1514,1514,998,998,18,0,0,4
213841299,213841299,38,0,0,0,1498,1483,1743,1507,1499,1933,1065,1065,1933,1057,1542,1542,1514,1514,1514,1514,998,998,18,0,0,4
214351315,214351315,38,0,0,0,1497,1400,1772,1498,1499,1933,1065,1065,1933,1057,1542,1542,1514,1514,1514,1514,998,998,18,0,0,4
214856113,214856113,38,0,0,0,1483,1376,1772,1502,1499,1933,1065,1065,1933,1057,1542,1542,1514,1514,1514,1514,998,998,18,0,0,4
215342404,215342404,38,0,0,0,1482,1380,1855,1503,1499,1933,1065,1065,1933,1057,1542,1542,1514,1514,1514,1514,998,998,18,0,0,4
215848381,215848381,38,0,0,0,1480,1382,1854,1495,1499,1933,1065,1065,1933,1057,1542,1542,1514,1514,1514,1514,998,998,18,0,0,4
216337575,216337575,38,0,0,0,1418,1418,1853,1504,1499,1933,1065,1065,1933,1057,1542,1542,1514,1514,1514,1514,998,998,18,0,0,4
216851346,216851346,38,0,0,0,1586,1455,1852,1498,1499,1933,1065,1065,1933,1057,1542,1542,1514,1514,1514,1514,998,998,18,0,0,4
217341162,217341162,38,0,0,0,1585,1464,1853,1500,1499,1933,1065,1065,1933,1057,1542,1542,1514,1514,1514,1514,998,998,18,0,0,4
217852141,217852141,38,0,0,0,1613,1474,1853,1499,1499,1933,1065,1065,1933,1057,1542,1542,1514,1514,1514,1514,998,998,18,0,0,4
218341219,218341219,38,0,0,0,1507,1499,1855,1508,1499,1933,1065,1065,1933,1057,1542,1542,1514,1514,1514,1514,998,998,18,0,0,4
218853006,218853006,38,0,0,0,1507,1495,1717,1493,1499,1933,1065,1065,1933,1057,1542,1542,1514,1514,1514,1514,998,998,18,0,0,4
219342497,219342497,38,0,0,0,1630,1496,1681,1503,1499,1933,1065,1065,1933,1057,1542,1542,1514,1514,1514,1514,998,998,18,0,0,4
219854236,219854236,38,0,0,0,1611,1497,1680,1503,1499,1933,1065,1065,1933,1057,1542,1542,1514,1514,1514,1514,998,998,18,0,0,4
220344927,220344927,38,0,0,0,1628,1497,1682,1504,1499,1933,1065,1065,1933,1057,1542,1542,1514,1514,1514,1514,998,998,18,0,0,4
220833851,220833851,38,0,0,0,1643,1488,1682,1503,1499,1933,1065,1065,1933,1057,1542,1542,1514,1514,1514,1514,998,998,18,0,0,4
221347953,221347953,38,0,0,0,1507,1387,1686,1502,1499,1933,1065,1065,1933,1057,1542,1542,1514,1514,1514,1514,998,998,18,0,0,4
221837072,221837072,38,0,0,0,1506,1338,1684,1508,1499,1933,1065,1065,1933,1057,1542,1542,1514,1514,1514,1514,998,998,18,0,0,4
222348325,222348325,38,0,0,0,1507,1335,1684,1507,1499,1933,1065,1065,1933,1057,1542,1542,1514,1514,1514,1514,998,998,18,0,0,4
222838247,222838247,38,0,0,0,1505,1315,1683,1508,1499,1933,1065,1065,1933,1057,1542,1542,1514,1514,1514,1514,998,998,18,0,0,4
223351513,223351513,38,0,0,0,1505,1301,1683,1510,1499,1933,1065,1065,1933,1057,1542,1542,1514,1514,1514,1514,998,998,18,0,0,4
223838037,223838037,38,0,0,0,1505,1293,1683,1507,1499,1933,1065,1065,1933,1057,1542,1542,1514,1514,1514,1514,998,998,18,0,0,4
224353004,224353004,38,0,0,0,1505,1285,1683,1507,1499,1933,1065,1065,1933,1057,1542,1542,1514,1514,1514,1514,998,998,18,0,0,4
224838755,224838755,38,0,0,0,1505,1277,1684,1507,1499,1933,1065,1065,1933,1057,1542,1542,1514,1514,1514,1514,998,998,18,0,0,4
225347671,225347671,38,0,0,0,1505,1279,1683,1507,1499,1933,1065,1065,1933,1057,1542,1542,1514,1514,1514,1514,998,998,18,0,0,4
225839228,225839228,38,0,0,0,1499,1382,1682,1510,1499,1933,1065,1065,1933,1057,1542,1542,1514,1514,1514,1514,998,998,18,0,0,4
226353323,226353323,38,0,0,0,1505,1352,1680,1504,1499,1933,1065,1065,1933,1057,1542,1542,1514,1514,1514,1514,998,998,18,0,0,4
226838512,226838512,38,0,0,0,1505,1320,1681,1505,1499,1933,1065,1065,1933,1057,1542,1542,1514,1514,1514,1514,998,998,18,0,0,4
227347887,227347887,38,0,0,0,1505,1307,1681,1505,1499,1933,1065,1065,1933,1057,1542,1542,1514,1514,1514,1514,998,998,18,0,0,4
227856171,227856171,38,0,0,0,1505,1308,1682,1503,1499,1933,1065,1065,1933,1057,1542,1542,1514,1514,1514,1514,998,998,18,0,0,4
228346814,228346814,38,0,0,0,1506,1308,1682,1503,1499,1933,1065,1065,1933,1057,1542,1542,1514,1514,1514,1514,998,998,18,0,0,4
228839176,228839176,38,0,0,0,1622,1339,1678,1510,1499,1933,1065,1065,1933,1057,1542,1542,1514,1514,1514,1514,998,998,18,0,0,4
229352611,229352611,38,0,0,0,1563,1330,1679,1505,1499,1933,1065,1065,1933,1057,1542,1542,1514,1514,1514,1514,998,998,18,0,0,4
229844296,229844296,38,0,0,0,1552,1297,1680,1500,1499,1933,1065,1065,1933,1057,1542,1542,1514,1514,1514,1514,998,998,18,0,0,4
230336519,230336519,38,0,0,0,1539,1273,1680,1500,1499,1933,1065,1065,1933,1057,1542,1542,1514,1514,1514,1514,998,998,18,0,0,4
230844529,230844529,38,0,0,0,1523,1262,1680,1499,1499,1933,1065,1065,1933,1057,1542,1542,1514,1514,1514,1514,998,998,18,0,0,4
231356196,231356196,38,0,0,0,1518,1258,1680,1500,1499,1933,1065,1065,1933,1057,1542,1542,1514,1514,1514,1514,998,998,18,0,0,4
231845363,231845363,38,0,0,0,1519,1257,1680,1500,1499,1933,1065,1065,1933,1057,1542,1542,1514,1514,1514,1514,998,998,18,0,0,4
232354182,232354182,38,0,0,0,1519,1257,1680,1499,1499,1933,1065,1065,1933,1057,1542,1542,1514,1514,1514,1514,998,998,18,0,0,4
232845807,232845807,38,0,0,0,1593,1267,1680,1500,1499,1933,1065,1065,1933,1057,1542,1542,1514,1514,1514,1514,998,998,18,0,0,4
233335112,233335112,38,0,0,0,1568,1278,1678,1502,1499,1933,1065,1065,1933,1057,1542,1542,1514,1514,1514,1514,998,998,18,0,0,4
233846587,233846587,38,0,0,0,1574,1284,1678,1502,1499,1933,1065,1065,1933,1057,1542,1542,1514,1514,1514,1514,998,998,18,0,0,4
234338944,234338944,38,0,0,0,1595,1315,1678,1503,1499,1933,1065,1065,1933,1057,1542,1542,1514,1514,1514,1514,998,998,18,0,0,4
234830530,234830530,38,0,0,0,1608,1312,1678,1503,1499,1933,1065,1065,1933,1057,1542,1542,1514,1514,1514,1514,998,998,18,0,0,4
235343483,235343483,38,0,0,0,1597,1283,1678,1502,1499,1933,1065,1065,1933,1057,1542,1542,1514,1514,1514,1514,998,998,18,0,0,4
235855011,235855011,38,0,0,0,1638,1290,1682,1497,1499,1933,1065,1065,1933,1057,1542,1542,1514,1514,1514,1514,998,998,18,0,0,4
236342962,236342962,38,0,0,0,1593,1286,1679,1507,1499,1933,1065,1065,1933,1057,1542,1542,1514,1514,1514,1514,998,998,18,0,0,4
236855713,236855713,38,0,0,0,1573,1278,1486,1503,1499,1933,1065,1065,1933,1057,1542,1542,1514,1514,1514,1514,998,998,18,0,0,4
237344714,237344714,38,0,0,0,1572,1279,1509,1508,1499,1933,1065,1065,1933,1057,1542,1542,1514,1514,1514,1514,998,998,18,0,0,4
237856322,237856322,38,0,0,0,1576,1277,1543,1499,1499,1933,1065,1065,1933,1057,1542,1542,1514,1514,1514,1514,998,998,18,0,0,4
238346084,238346084,38,0,0,0,1576,1273,1568,1503,1499,1933,1065,1065,1933,1057,1542,1542,1514,1514,1514,1514,998,998,18,0,0,4
238837104,238837104,38,0,0,0,1518,1289,1566,1503,1499,1933,1065,1065,1933,1057,1542,1542,1514,1514,1514,1514,998,998,18,0,0,4
239343588,239343588,38,0,0,0,1507,1303,1566,1497,1499,1933,1065,1065,1933,1057,1542,1542,1514,1514,1514,1514,998,998,18,0,0,4
239854979,239854979,38,0,0,0,1507,1275,1566,1498,1499,1933,1065,1065,1933,1057,1542,1542,1514,1514,1514,1514,998,998,18,0,0,4
240344045,240344045,38,0,0,0,1509,1293,1565,1497,1499,1933,1065,1065,1933,1057,1542,1542,1514,1514,1514,1514,998,998,18,0,0,4
240853266,240853266,38,0,0,0,1507,1286,1565,1502,1499,1933,1065,1065,1933,1057,1542,1542,1514,1514,1514,1514,998,998,18,0,0,4
241340311,241340311,38,0,0,0,1507,1293,1566,1498,1499,1933,1065,1065,1933,1057,1542,1542,1514,1514,1514,1514,998,998,18,0,0,4
241853818,241853818,38,0,0,0,1604,1358,1565,1503,1499,1933,1065,1065,1933,1057,1542,1542,1514,1514,1514,1514,998,998,18,0,0,4
242340344,242340344,38,0,0,0,1528,1374,1566,1500,1499,1933,1065,1065,1933,1057,1542,1542,1514,1514,1514,1514,998,998,18,0,0,4
242851760,242851760,38,0,0,0,1593,1382,1566,1506,1499,1933,1065,1065,1933,1057,1542,1542,1514,1514,1514,1514,998,998,18,0,0,4
243343175,243343175,38,0,0,0,1573,1381,1565,1496,1499,1933,1065,1065,1933,1057,1542,1542,1514,1514,1514,1514,998,998,18,0,0,4
243854646,243854646,38,0,0,0,1614,1377,1566,1499,1499,1933,1065,1065,1933,1057,1542,1542,1514,1514,1514,1514,998,998,18,0,0,4
244343932,244343932,38,0,0,0,1513,1310,1567,1497,1499,1933,1065,1065,1933,1057,1542,1542,1514,1514,1514,1514,998,998,18,0,0,4
244852983,244852983,38,0,0,0,1508,1268,1567,1503,1499,1933,1065,1065,1933,1057,1542,1542,1514,1514,1514,1514,998,998,18,0,0,4
245340327,245340327,38,0,0,0,1507,1299,1566,1501,1499,1933,1065,1065,1933,1057,1542,1542,1514,1514,1514,1514,998,998,18,0,0,4
245851587,245851587,38,0,0,0,1510,1275,1566,1503,1499,1933,1065,1065,1933,1057,1542,1542,1514,1514,1514,1514,998,998,18,0,0,4
246337674,246337674,38,0,0,0,1507,1295,1566,1502,1499,1933,1065,1065,1933,1057,1542,1542,1514,1514,1514,1514,998,998,18,0,0,4
246844827,246844827,38,0,0,0,1538,1315,1566,1507,1499,1933,1065,1065,1933,1057,1542,1542,1514,1514,1514,1514,998,998,18,0,0,4
247337077,247337077,38,0,0,0,1565,1325,1567,1505,1499,1933,1065,1065,1933,1057,1542,1542,1514,1514,1514,1514,998,998,18,0,0,4
247847215,247847215,38,0,0,0,1513,1331,1566,1509,1499,1933,1065,1065,1933,1057,1542,1542,1514,1514,1514,1514,998,998,18,0,0,4
248334928,248334928,38,0,0,0,1568,1337,1566,1501,1499,1933,1065,1065,1933,1057,1542,1542,1514,1514,1514,1514,998,998,18,0,0,4
248848018,248848018,38,0,0,0,1578,1346,1567,1496,1499,1933,1065,1065,1933,1057,1542,1542,1514,1514,1514,1514,998,998,18,0,0,4
249339923,249339923,38,0,0,0,1610,1353,1532,1497,1499,1933,1065,1065,1933,1057,1542,1542,1514,1514,1514,1514,998,998,18,0,0,4
249853203,249853203,38,0,0,0,1593,1355,1472,1500,1499,1933,1065,1065,1933,1057,1542,1542,1514,1514,1514,1514,998,998,18,0,0,4
250339843,250339843,38,0,0,0,1628,1364,1473,1508,1499,1933,1065,1065,1933,1057,1542,1542,1514,1514,1514,1514,998,998,18,0,0,4
250851284,250851284,38,0,0,0,1620,1375,1473,1503,1499,1933,1065,1065,1933,1057,1542,1542,1514,1514,1514,1514,998,998,18,0,0,4
251341095,251341095,38,0,0,0,1690,1382,1472,1508,1499,1933,1065,1065,1933,1057,1542,1542,1514,1514,1514,1514,998,998,18,0,0,4
251853055,251853055,38,0,0,0,1508,1363,1472,1495,1499,1933,1065,1065,1933,1057,1542,1542,1514,1514,1514,1514,998,998,18,0,0,4
252343920,252343920,38,0,0,0,1508,1295,1472,1495,1499,1933,1065,1065,1933,1057,1542,1542,1514,1514,1514,1514,998,998,18,0,0,4
252852529,252852529,38,0,0,0,1507,1319,1472,1532,1499,1933,1065,1065,1933,1057,1542,1542,1514,1514,1514,1514,998,998,18,0,0,4
253344076,253344076,38,0,0,0,1505,1343,1440,1652,1499,1933,1065,1065,1933,1057,1542,1542,1514,1514,1514,1514,998,998,18,0,0,4
253853284,253853284,38,0,0,0,1505,1341,1437,1703,1499,1933,1065,1065,1933,1057,1542,1542,1514,1514,1514,1514,998,998,18,0,0,4
254341823,254341823,38,0,0,0,1506,1330,1409,1498,1499,1933,1065,1065,1933,1057,1542,1542,1514,1514,1514,1514,998,998,18,0,0,4
254853661,254853661,38,0,0,0,1506,1271,1410,1508,1499,1933,1065,1065,1933,1057,1542,1542,1514,1514,1514,1514,998,998,18,0,0,4
255342945,255342945,38,0,0,0,1505,1354,1410,1501,1499,1933,1065,1065,1933,1057,1542,1542,1514,1514,1514,1514,998,998,18,0,0,4
255853178,255853178,38,0,0,0,1503,1499,1409,1504,1499,1933,1065,1065,1933,1057,1542,1542,1514,1514,1514,1514,998,998,18,0,0,4
256339522,256339522,38,0,0,0,1505,1468,1391,1499,1499,1933,1065,1065,1933,1057,1542,1542,1514,1514,1514,1514,998,998,18,0,0,4
256849781,256849781,38,0,0,0,1505,1499,1578,1483,1499,1933,1065,1065,1933,1057,1542,1542,1514,1514,1514,1514,998,998,18,0,0,4
257349569,257349569,38,0,0,0,1505,1491,1577,1496,1499,1933,1065,1065,1933,1057,1542,1542,1514,1514,1514,1514,998,998,18,0,0,4
257851596,257851596,38,0,0,0,1505,1465,1623,1494,1499,1933,1065,1065,1933,1057,1542,1542,1514,1514,1514,1514,998,998,18,0,0,4
258337908,258337908,38,0,0,0,1505,1425,1622,1507,1499,1933,1065,1065,1933,1057,1542,1542,1514,1514,1514,1514,998,998,18,0,0,4
258847237,258847237,38,0,0,0,1505,1430,1608,1499,1499,1933,1065,1065,1933,1057,1542,1542,1514,1514,1514,1514,998,998,18,0,0,4
259357380,259357380,38,0,0,0,1505,1390,1600,1505,1499,1933,1065,1065,1933,1057,1542,1542,1514,1514,1514,1514,998,998,18,0,0,4
259844094,259844094,38,0,0,0,1505,1391,1600,1502,1499,1933,1065,1065,1933,1057,1542,1542,1514,1514,1514,1514,998,998,18,0,0,4
260355682,260355682,38,0,0,0,1457,1412,1600,1497,1499,1933,1065,1065,1933,1057,1542,1542,1514,1514,1514,1514,998,998,18,0,0,4
260844810,260844810,38,0,0,0,1448,1380,1600,1494,1499,1933,1065,1065,1933,1057,1542,1542,1514,1514,1514,1514,998,998,18,0,0,4
261337149,261337149,38,0,0,0,1444,1385,1600,1493,1499,1933,1065,1065,1933,1057,1542,1542,1514,1514,1514,1514,998,998,18,0,0,4
261848406,261848406,38,0,0,0,1481,1359,1600,1505,1499,1933,1065,1065,1933,1057,1542,1542,1514,1514,1514,1514,998,998,18,0,0,4
262336950,262336950,38,0,0,0,1488,1337,1600,1502,1499,1933,1065,1065,1933,1057,1542,1542,1514,1514,1514,1514,998,998,18,0,0,4
262846166,262846166,38,0,0,0,1497,1329,1472,1504,1499,1933,1065,1065,1933,1057,1542,1542,1514,1514,1514,1514,998,998,18,0,0,4
263337663,263337663,38,0,0,0,1493,1319,1410,1503,1499,1933,1065,1065,1933,1057,1542,1542,1514,1514,1514,1514,998,998,18,0,0,4
263846399,263846399,38,0,0,0,1492,1308,1393,1493,1499,1933,1065,1065,1933,1057,1542,1542,1514,1514,1514,1514,998,998,18,0,0,4
264338123,264338123,38,0,0,0,1460,1328,1396,1503,1499,1933,1065,1065,1933,1057,1542,1542,1514,1514,1514,1514,998,998,18,0,0,4
264852848,264852848,38,0,0,0,1458,1329,1395,1494,1499,1933,1065,1065,1933,1057,1542,1542,1514,1514,1514,1514,998,998,18,0,0,4
265341081,265341081,38,0,0,0,1447,1323,1395,1507,1499,1933,1065,1065,1933,1057,1542,1542,1514,1514,1514,1514,998,998,18,0,0,4
265855846,265855846,38,0,0,0,1441,1331,1393,1499,1499,1933,1065,1065,1933,1057,1542,1542,1514,1514,1514,1514,998,998,18,0,0,4
266344316,266344316,38,0,0,0,1447,1335,1393,1502,1499,1933,1065,1065,1933,1057,1542,1542,1514,1514,1514,1514,998,998,18,0,0,4
266855649,266855649,38,0,0,0,1445,1319,1393,1507,1499,1933,1065,1065,1933,1057,1542,1542,1514,1514,1514,1514,998,998,18,0,0,4
267342346,267342346,38,0,0,0,1440,1330,1393,1500,1499,1933,1065,1065,1933,1057,1542,1542,1514,1514,1514,1514,998,998,18,0,0,4
267833871,267833871,38,0,0,0,1447,1312,1393,1503,1499,1933,1065,1065,1933,1057,1542,1542,1514,1514,1514,1514,998,998,18,0,0,4
268345528,268345528,38,0,0,0,1449,1303,1393,1496,1499,1933,1065,1065,1933,1057,1542,1542,1514,1514,1514,1514,998,998,18,0,0,4
268835386,268835386,38,0,0,0,1467,1271,1392,1508,1499,1933,1065,1065,1933,1057,1542,1542,1514,1514,1514,1514,998,998,18,0,0,4
269343617,269343617,38,0,0,0,1452,1292,1392,1504,1499,1933,1065,1065,1933,1057,1542,1542,1514,1514,1514,1514,998,998,18,0,0,4
269854873,269854873,38,0,0,0,1449,1328,1393,1499,1499,1933,1065,1065,1933,1057,1542,1542,1514,1514,1514,1514,998,998,18,0,0,4
270344212,270344212,38,0,0,0,1506,1381,1392,1501,1499,1933,1065,1065,1933,1057,1542,1542,1514,1514,1514,1514,998,998,18,0,0,4
270855623,270855623,38,0,0,0,1555,1408,1392,1495,1499,1933,1065,1065,1933,1057,1542,1542,1514,1514,1514,1514,998,998,18,0,0,4
271344643,271344643,38,0,0,0,1499,1304,1392,1498,1499,1933,1065,1065,1933,1057,1542,1542,1514,1514,1514,1514,998,998,18,0,0,4
271835076,271835076,38,0,0,0,1487,1294,1393,1495,1499,1933,1065,1065,1933,1057,1542,1542,1514,1514,1514,1514,998,998,18,0,0,4
272347667,272347667,38,0,0,0,1457,1330,1395,1509,1499,1933,1065,1065,1933,1057,1542,1542,1514,1514,1514,1514,998,998,18,0,0,4
272854147,272854147,38,0,0,0,1487,1274,1629,1506,1499,1933,1065,1065,1933,1057,1542,1542,1514,1514,1514,1514,998,998,18,0,0,4
273343662,273343662,38,0,0,0,1482,1291,1623,1499,1499,1933,1065,1065,1933,1057,1542,1542,1514,1514,1514,1514,998,998,18,0,0,4
273852220,273852220,38,0,0,0,1437,1319,1599,1502,1499,1933,1065,1065,1933,1057,1542,1542,1514,1514,1514,1514,998,998,18,0,0,4
274338906,274338906,38,0,0,0,1423,1334,1505,1505,1499,1933,1065,1065,1933,1057,1542,1542,1514,1514,1514,1514,998,998,18,0,0,4
274854326,274854326,38,0,0,0,1436,1330,1425,1505,1499,1933,1065,1065,1933,1057,1542,1542,1514,1514,1514,1514,998,998,18,0,0,4
275339626,275339626,38,0,0,0,1453,1315,1432,1500,1499,1933,1065,1065,1933,1057,1542,1542,1514,1514,1514,1514,998,998,18,0,0,4
275848419,275848419,38,0,0,0,1456,1327,1418,1503,1499,1933,1065,1065,1933,1057,1542,1542,1514,1514,1514,1514,998,998,18,0,0,4
276339986,276339986,38,0,0,0,1448,1324,1417,1497,1499,1933,1065,1065,1933,1057,1542,1542,1514,1514,1514,1514,998,998,18,0,0,4
276851470,276851470,38,0,0,0,1483,1393,1418,1501,1499,1933,1065,1065,1933,1057,1542,1542,1514,1514,1514,1514,998,998,18,0,0,4
277340866,277340866,38,0,0,0,1504,1374,1417,1505,1499,1933,1065,1065,1933,1057,1542,1542,1514,1514,1514,1514,998,998,18,0,0,4
277849630,277849630,38,0,0,0,1484,1328,1417,1496,1499,1933,1065,1065,1933,1057,1542,1542,1514,1514,1514,1514,998,998,18,0,0,4
278340569,278340569,38,0,0,0,1491,1340,1418,1507,1499,1933,1065,1065,1933,1057,1542,1542,1514,1514,1514,1514,998,998,18,0,0,4
278853925,278853925,38,0,0,0,1487,1349,1418,1495,1499,1933,1065,1065,1933,1057,1542,1542,1514,1514,1514,1514,998,998,18,0,0,4
279343568,279343568,38,0,0,0,1455,1359,1418,1495,1499,1933,1065,1065,1933,1057,1542,1542,1514,1514,1514,1514,998,998,18,0,0,4
279853462,279853462,38,0,0,0,1473,1353,1418,1495,1499,1933,1065,1065,1933,1057,1542,1542,1514,1514,1514,1514,998,998,18,0,0,4
280342556,280342556,38,0,0,0,1463,1354,1386,1429,1499,1933,1065,1065,1933,1057,1542,1542,1514,1514,1514,1514,998,998,18,0,0,4
280832444,280832444,38,0,0,0,1470,1352,1383,1491,1499,1933,1065,1065,1933,1057,1542,1542,1514,1514,1514,1514,998,998,18,0,0,4
281340689,281340689,38,0,0,0,1471,1354,1382,1505,1499,1933,1065,1065,1933,1057,1542,1542,1514,1514,1514,1514,998,998,18,0,0,4
281850199,281850199,38,0,0,0,1471,1350,1357,1413,1499,1933,1065,1065,1933,1057,1542,1542,1514,1514,1514,1514,998,998,18,0,0,4
282338485,282338485,38,0,0,0,1497,1447,1360,1498,1499,1933,1065,1065,1933,1057,1542,1542,1514,1514,1514,1514,998,998,18,0,0,4
282847821,282847821,38,0,0,0,1505,1494,1363,1405,1499,1933,1065,1065,1933,1057,1542,1542,1514,1514,1514,1514,998,998,18,0,0,4
283356502,283356502,38,0,0,0,1505,1450,1362,1504,1499,1933,1065,1065,1933,1057,1542,1542,1514,1514,1514,1514,998,998,18,0,0,4
283848081,283848081,38,0,0,0,1506,1452,1553,1507,1499,1933,1065,1065,1933,1057,1542,1542,1514,1514,1514,1514,998,998,18,0,0,4
284354920,284354920,38,0,0,0,1506,1403,1552,1500,1499,1933,1065,1065,1933,1057,1542,1542,1514,1514,1514,1514,998,998,18,0,0,4
284843897,284843897,38,0,0,0,1505,1415,1575,1497,1499,1933,1065,1065,1933,1057,1542,1542,1514,1514,1514,1514,998,998,18,0,0,4
285350497,285350497,38,0,0,0,1505,1400,1622,1498,1499,1933,1065,1065,1933,1057,1542,1542,1514,1514,1514,1514,998,998,18,0,0,4
285839391,285839391,38,0,0,0,1505,1397,1620,1498,1499,1933,1065,1065,1933,1057,1542,1542,1514,1514,1514,1514,998,998,18,0,0,4
286348614,286348614,38,0,0,0,1505,1292,1619,1508,1499,1933,1065,1065,1933,1057,1542,1542,1514,1514,1514,1514,998,998,18,0,0,4
286837615,286837615,38,0,0,0,1504,1322,1619,1508,1499,1933,1065,1065,1933,1057,1542,1542,1514,1514,1514,1514,998,998,18,0,0,4
287344452,287344452,38,0,0,0,1436,1336,1618,1501,1499,1933,1065,1065,1933,1057,1542,1542,1514,1514,1514,1514,998,998,18,0,0,4
287855532,287855532,38,0,0,0,1438,1341,1620,1495,1499,1933,1065,1065,1933,1057,1542,1542,1514,1514,1514,1514,998,998,18,0,0,4
288347753,288347753,38,0,0,0,1462,1344,1602,1503,1499,1933,1065,1065,1933,1057,1542,1542,1514,1514,1514,1514,998,998,18,0,0,4
288837910,288837910,38,0,0,0,1449,1346,1603,1505,1499,1933,1065,1065,1933,1057,1542,1542,1514,1514,1514,1514,998,998,18,0,0,4
289343406,289343406,38,0,0,0,1453,1345,1603,1495,1499,1933,1065,1065,1933,1057,1542,1542,1514,1514,1514,1514,998,998,18,0,0,4
289855222,289855222,38,0,0,0,1429,1343,1602,1495,1499,1933,1065,1065,1933,1057,1542,1542,1514,1514,1514,1514,998,998,18,0,0,4
290337460,290337460,38,0,0,0,1456,1334,1603,1499,1499,1933,1065,1065,1933,1057,1542,1542,1514,1514,1514,1514,998,998,18,0,0,4
290847950,290847950,38,0,0,0,1472,1323,1566,1496,1499,1933,1065,1065,1933,1057,1542,1542,1514,1514,1514,1514,998,998,18,0,0,4
291336421,291336421,38,0,0,0,1475,1313,1577,1505,1499,1933,1065,1065,1933,1057,1542,1542,1514,1514,1514,1514,998,998,18,0,0,4
291850536,291850536,38,0,0,0,1472,1308,1602,1502,1499,1933,1065,1065,1933,1057,1542,1542,1514,1514,1514,1514,998,998,18,0,0,4
292338616,292338616,38,0,0,0,1481,1305,1603,1507,1499,1933,1065,1065,1933,1057,1542,1542,1514,1514,1514,1514,998,998,18,0,0,4
292848603,292848603,38,0,0,0,1483,1322,1620,1503,1499,1933,1065,1065,1933,1057,1542,1542,1514,1514,1514,1514,998,998,18,0,0,4
293340719,293340719,38,0,0,0,1446,1337,1619,1508,1499,1933,1065,1065,1933,1057,1542,1542,1514,1514,1514,1514,998,998,18,0,0,4
293853875,293853875,38,0,0,0,1503,1357,1620,1495,1499,1933,1065,1065,1933,1057,1542,1542,1514,1514,1514,1514,998,998,18,0,0,4
294343310,294343310,38,0,0,0,1472,1325,1620,1493,1499,1933,1065,1065,1933,1057,1542,1542,1514,1514,1514,1514,998,998,18,0,0,4
294854865,294854865,38,0,0,0,1465,1337,1645,1499,1499,1933,1065,1065,1933,1057,1542,1542,1514,1514,1514,1514,998,998,18,0,0,4
295346375,295346375,38,0,0,0,1450,1342,1645,1505,1499,1933,1065,1065,1933,1057,1542,1542,1514,1514,1514,1514,998,998,18,0,0,4
295833548,295833548,38,0,0,0,1441,1345,1675,1495,1499,1933,1065,1065,1933,1057,1542,1542,1514,1514,1514,1514,998,998,18,0,0,4
296346724,296346724,38,0,0,0,1463,1340,1421,1498,1499,1933,1065,1065,1933,1057,1542,1542,1514,1514,1514,1514,998,998,18,0,0,4
296836942,296836942,38,0,0,0,1465,1341,1460,1494,1499,1933,1065,1065,1933,1057,1542,1542,1514,1514,1514,1514,998,998,18,0,0,4
297344959,297344959,38,0,0,0,1483,1309,1458,1505,1499,1933,1065,1065,1933,1057,1542,1542,1514,1514,1514,1514,998,998,18,0,0,4
297856442,297856442,38,0,0,0,1475,1312,1458,1502,1499,1933,1065,1065,1933,1057,1542,1542,1514,1514,1514,1514,998,998,18,0,0,4
298348182,298348182,38,0,0,0,1490,1319,1457,1500,1499,1933,1065,1065,1933,1057,1542,1542,1514,1514,1514,1514,998,998,18,0,0,4
298837124,298837124,38,0,0,0,1487,1320,1457,1509,1499,1933,1065,1065,1933,1057,1542,1542,1514,1514,1514,1514,998,998,18,0,0,4
299343663,299343663,38,0,0,0,1482,1309,1457,1496,1499,1933,1065,1065,1933,1057,1542,1542,1514,1514,1514,1514,998,998,18,0,0,4
299855120,299855120,38,0,0,0,1495,1308,1457,1502,1499,1933,1065,1065,1933,1057,1542,1542,1514,1514,1514,1514,998,998,18,0,0,4
300346780,300346780,38,0,0,0,1500,1356,1457,1496,1499,1933,1065,1065,1933,1057,1542,1542,1514,1514,1514,1514,998,998,18,0,0,4
300835670,300835670,38,0,0,0,1505,1353,1457,1497,1499,1933,1065,1065,1933,1057,1542,1542,1514,1514,1514,1514,998,998,18,0,0,4
301343587,301343587,38,0,0,0,1503,1352,1457,1501,1499,1933,1065,1065,1933,1057,1542,1542,1514,1514,1514,1514,998,998,18,0,0,4
301852546,301852546,38,0,0,0,1462,1330,1457,1510,1499,1933,1065,1065,1933,1057,1542,1542,1514,1514,1514,1514,998,998,18,0,0,4
302343020,302343020,38,0,0,0,1490,1333,1457,1496,1499,1933,1065,1065,1933,1057,1542,1542,1514,1514,1514,1514,998,998,18,0,0,4
302849962,302849962,38,0,0,0,1473,1333,1457,1498,1499,1933,1065,1065,1933,1057,1542,1542,1514,1514,1514,1514,998,998,18,0,0,4
303341438,303341438,38,0,0,0,1495,1323,1457,1507,1499,1933,1065,1065,1933,1057,1542,1542,1514,1514,1514,1514,998,998,18,0,0,4
303854894,303854894,38,0,0,0,1468,1330,1460,1503,1499,1933,1065,1065,1933,1057,1542,1542,1514,1514,1514,1514,998,998,18,0,0,4
304353358,304353358,38,0,0,0,1456,1334,1458,1505,1499,1933,1065,1065,1933,1057,1542,1542,1514,1514,1514,1514,998,998,18,0,0,4
304836408,304836408,38,0,0,0,1467,1328,1458,1506,1499,1933,1065,1065,1933,1057,1542,1542,1514,1514,1514,1514,998,998,18,0,0,4
305344601,305344601,38,0,0,0,1468,1316,1458,1505,1499,1933,1065,1065,1933,1057,1542,1542,1514,1514,1514,1514,998,998,18,0,0,4
305855976,305855976,38,0,0,0,1470,1298,1457,1510,1499,1933,1065,1065,1933,1057,1542,1542,1514,1514,1514,1514,998,998,18,0,0,4
306342092,306342092,38,0,0,0,1469,1300,1457,1499,1499,1933,1065,1065,1933,1057,1542,1542,1514,1514,1514,1514,998,998,18,0,0,4
306854130,306854130,38,0,0,0,1483,1293,1457,1505,1499,1933,1065,1065,1933,1057,1542,1542,1514,1514,1514,1514,998,998,18,0,0,4
307345710,307345710,38,0,0,0,1477,1275,1457,1509,1499,1933,1065,1065,1933,1057,1542,1542,1514,1514,1514,1514,998,998,18,0,0,4
307852137,307852137,38,0,0,0,1487,1290,1459,1496,1499,1933,1065,1065,1933,1057,1542,1542,1514,1514,1514,1514,998,998,18,0,0,4
308340013,308340013,38,0,0,0,1502,1327,1457,1510,1499,1933,1065,1065,1933,1057,1542,1542,1514,1514,1514,1514,998,998,18,0,0,4
308853078,308853078,38,0,0,0,1501,1358,1461,1495,1499,1933,1065,1065,1933,1057,1542,1542,1514,1514,1514,1514,998,998,18,0,0,4
309344493,309344493,38,0,0,0,1437,1337,1458,1500,1499,1933,1065,1065,1933,1057,1542,1542,1514,1514,1514,1514,998,998,18,0,0,4
309853646,309853646,38,0,0,0,1452,1342,1461,1495,1499,1933,1065,1065,1933,1057,1542,1542,1514,1514,1514,1514,998,998,18,0,0,4
310344935,310344935,38,0,0,0,1436,1334,1459,1496,1499,1933,1065,1065,1933,1057,1542,1542,1514,1514,1514,1514,998,998,18,0,0,4
310834239,310834239,38,0,0,0,1496,1317,1459,1500,1499,1933,1065,1065,1933,1057,1542,1542,1514,1514,1514,1514,998,998,18,0,0,4
311345705,311345705,38,0,0,0,1480,1310,1458,1498,1499,1933,1065,1065,1933,1057,1542,1542,1514,1514,1514,1514,998,998,18,0,0,4
311854935,311854935,38,0,0,0,1464,1338,1459,1502,1499,1933,1065,1065,1933,1057,1542,1542,1514,1514,1514,1514,998,998,18,0,0,4
312343869,312343869,38,0,0,0,1480,1337,1460,1497,1499,1933,1065,1065,1933,1057,1542,1542,1514,1514,1514,1514,998,998,18,0,0,4
312852575,312852575,38,0,0,0,1478,1335,1458,1499,1499,1933,1065,1065,1933,1057,1542,1542,1514,1514,1514,1514,998,998,18,0,0,4
313344154,313344154,38,0,0,0,1479,1305,1459,1495,1499,1933,1065,1065,1933,1057,1542,1542,1514,1514,1514,1514,998,998,18,0,0,4
313855630,313855630,38,0,0,0,1483,1308,1458,1499,1499,1933,1065,1065,1933,1057,1542,1542,1514,1514,1514,1514,998,998,18,0,0,4
314347452,314347452,38,0,0,0,1487,1320,1458,1510,1499,1933,1065,1065,1933,1057,1542,1542,1514,1514,1514,1514,998,998,18,0,0,4
314838825,314838825,38,0,0,0,1492,1376,1459,1510,1499,1933,1065,1065,1933,1057,1542,1542,1514,1514,1514,1514,998,998,18,0,0,4
315353130,315353130,38,0,0,0,1498,1350,1459,1505,1499,1933,1065,1065,1933,1057,1542,1542,1514,1514,1514,1514,998,998,18,0,0,4
315840252,315840252,38,0,0,0,1494,1323,1458,1498,1499,1933,1065,1065,1933,1057,1542,1542,1514,1514,1514,1514,998,998,18,0,0,4
316353489,316353489,38,0,0,0,1488,1338,1460,1507,1499,1933,1065,1065,1933,1057,1542,1542,1514,1514,1514,1514,998,998,18,0,0,4
316840125,316840125,38,0,0,0,1503,1367,1458,1509,1499,1933,1065,1065,1933,1057,1542,1542,1514,1514,1514,1514,998,998,18,0,0,4
317354874,317354874,38,0,0,0,1450,1353,1458,1498,1499,1933,1065,1065,1933,1057,1542,1542,1514,1514,1514,1514,998,998,18,0,0,4
317843051,317843051,38,0,0,0,1481,1345,1458,1508,1499,1933,1065,1065,1933,1057,1542,1542,1514,1514,1514,1514,998,998,18,0,0,4
318354702,318354702,38,0,0,0,1460,1343,1458,1502,1499,1933,1065,1065,1933,1057,1542,1542,1514,1514,1514,1514,998,998,18,0,0,4
318844599,318844599,38,0,0,0,1441,1353,1456,1505,1499,1933,1065,1065,1933,1057,1542,1542,1514,1514,1514,1514,998,998,18,0,0,4
319355396,319355396,38,0,0,0,1467,1341,1458,1502,1499,1933,1065,1065,1933,1057,1542,1542,1514,1514,1514,1514,998,998,18,0,0,4
319844222,319844222,38,0,0,0,1474,1302,1458,1501,1499,1933,1065,1065,1933,1057,1542,1542,1514,1514,1514,1514,998,998,18,0,0,4
320335850,320335850,38,0,0,0,1487,1302,1458,1509,1499,1933,1065,1065,1933,1057,1542,1542,1514,1514,1514,1514,998,998,18,0,0,4
320850917,320850917,38,0,0,0,1483,1290,1457,1498,1499,1933,1065,1065,1933,1057,1542,1542,1514,1514,1514,1514,998,998,18,0,0,4
321338995,321338995,38,0,0,0,1503,1292,1457,1500,1499,1933,1065,1065,1933,1057,1542,1542,1514,1514,1514,1514,998,998,18,0,0,4
321850538,321850538,38,0,0,0,1499,1297,1457,1504,1499,1933,1065,1065,1933,1057,1542,1542,1514,1514,1514,1514,998,998,18,0,0,4
322341918,322341918,38,0,0,0,1505,1347,1457,1500,1499,1933,1065,1065,1933,1057,1542,1542,1514,1514,1514,1514,998,998,18,0,0,4
322853845,322853845,38,0,0,0,1493,1310,1457,1512,1499,1933,1065,1065,1933,1057,1542,1542,1514,1514,1514,1514,998,998,18,0,0,4
323342721,323342721,38,0,0,0,1497,1317,1457,1497,1499,1933,1065,1065,1933,1057,1542,1542,1514,1514,1514,1514,998,998,18,0,0,4
323851560,323851560,38,0,0,0,1502,1318,1462,1496,1499,1933,1065,1065,1933,1057,1542,1542,1514,1514,1514,1514,998,998,18,0,0,4
324341341,324341341,38,0,0,0,1507,1330,1463,1509,1499,1933,1065,1065,1933,1057,1542,1542,1514,1514,1514,1514,998,998,18,0,0,4
324854771,324854771,38,0,0,0,1505,1297,1459,1510,1499,1933,1065,1065,1933,1057,1542,1542,1514,1514,1514,1514,998,998,18,0,0,4
325344385,325344385,38,0,0,0,1506,1295,1458,1512,1499,1933,1065,1065,1933,1057,1542,1542,1514,1514,1514,1514,998,998,18,0,0,4
325855487,325855487,38,0,0,0,1505,1297,1407,1507,1499,1933,1065,1065,1933,1057,1542,1542,1514,1514,1514,1514,998,998,18,0,0,4
326347187,326347187,38,0,0,0,1507,1293,1409,1509,1499,1933,1065,1065,1933,1057,1542,1542,1514,1514,1514,1514,998,998,18,0,0,4
326838559,326838559,38,0,0,0,1507,1295,1409,1499,1499,1933,1065,1065,1933,1057,1542,1542,1514,1514,1514,1514,998,998,18,0,0,4
327347329,327347329,38,0,0,0,1505,1295,1408,1498,1499,1933,1065,1065,1933,1057,1542,1542,1514,1514,1514,1514,998,998,18,0,0,4
327838913,327838913,38,0,0,0,1507,1325,1409,1498,1499,1933,1065,1065,1933,1057,1542,1542,1514,1514,1514,1514,998,998,18,0,0,4
328350364,328350364,38,0,0,0,1504,1301,1408,1505,1499,1933,1065,1065,1933,1057,1542,1542,1514,1514,1514,1514,998,998,18,0,0,4
328835306,328835306,38,0,0,0,1475,1312,1408,1510,1499,1933,1065,1065,1933,1057,1542,1542,1514,1514,1514,1514,998,998,18,0,0,4
329348566,329348566,38,0,0,0,1477,1290,1408,1508,1499,1933,1065,1065,1933,1057,1542,1542,1514,1514,1514,1514,998,998,18,0,0,4
329840261,329840261,38,0,0,0,1483,1314,1409,1505,1499,1933,1065,1065,1933,1057,1542,1542,1514,1514,1514,1514,998,998,18,0,0,4
330354252,330354252,38,0,0,0,1503,1277,1409,1500,1499,1933,1065,1065,1933,1057,1542,1542,1514,1514,1514,1514,998,998,18,0,0,4
330845889,330845889,38,0,0,0,1475,1299,1408,1505,1499,1933,1065,1065,1933,1057,1542,1542,1514,1514,1514,1514,998,998,18,0,0,4
331335220,331335220,38,0,0,0,1472,1275,1432,1495,1499,1933,1065,1065,1933,1057,1542,1542,1514,1514,1514,1514,998,998,18,0,0,4
331844069,331844069,38,0,0,0,1491,1280,1431,1507,1499,1933,1065,1065,1933,1057,1542,1542,1514,1514,1514,1514,998,998,18,0,0,4
332355442,332355442,38,0,0,0,1492,1288,1430,1505,1499,1933,1065,1065,1933,1057,1542,1542,1514,1514,1514,1514,998,998,18,0,0,4
332842513,332842513,38,0,0,0,1505,1288,1429,1494,1499,1933,1065,1065,1933,1057,1542,1542,1514,1514,1514,1514,998,998,18,0,0,4
333353561,333353561,38,0,0,0,1503,1285,1430,1506,1499,1933,1065,1065,1933,1057,1542,1542,1514,1514,1514,1514,998,998,18,0,0,4
333845127,333845127,38,0,0,0,1507,1327,1430,1502,1499,1933,1065,1065,1933,1057,1542,1542,1514,1514,1514,1514,998,998,18,0,0,4
334354004,334354004,38,0,0,0,1505,1269,1430,1502,1499,1933,1065,1065,1933,1057,1542,1542,1514,1514,1514,1514,998,998,18,0,0,4
334843119,334843119,38,0,0,0,1506,1275,1430,1506,1499,1933,1065,1065,1933,1057,1542,1542,1514,1514,1514,1514,998,998,18,0,0,4
335354712,335354712,38,0,0,0,1456,1292,1428,1493,1499,1933,1065,1065,1933,1057,1542,1542,1514,1514,1514,1514,998,998,18,0,0,4
335846323,335846323,38,0,0,0,1469,1300,1428,1498,1499,1933,1065,1065,1933,1057,1542,1542,1514,1514,1514,1514,998,998,18,0,0,4
336355093,336355093,38,0,0,0,1502,1274,1429,1503,1499,1933,1065,1065,1933,1057,1542,1542,1514,1514,1514,1514,998,998,18,0,0,4
336844559,336844559,38,0,0,0,1503,1273,1429,1507,1499,1933,1065,1065,1933,1057,1542,1542,1514,1514,1514,1514,998,998,18,0,0,4
337358234,337358234,38,0,0,0,1505,1268,1428,1509,1499,1933,1065,1065,1933,1057,1542,1542,1514,1514,1514,1514,998,998,18,0,0,4
337849794,337849794,38,0,0,0,1502,1260,1429,1510,1499,1933,1065,1065,1933,1057,1542,1542,1514,1514,1514,1514,998,998,18,0,0,4
338341320,338341320,38,0,0,0,1505,1264,1429,1507,1499,1933,1065,1065,1933,1057,1542,1542,1514,1514,1514,1514,998,998,18,0,0,4
338855548,338855548,38,0,0,0,1505,1265,1429,1497,1499,1933,1065,1065,1933,1057,1542,1542,1514,1514,1514,1514,998,998,18,0,0,4
339347147,339347147,38,0,0,0,1505,1354,1429,1504,1499,1933,1065,1065,1933,1057,1542,1542,1514,1514,1514,1514,998,998,18,0,0,4
339838806,339838806,38,0,0,0,1444,1348,1430,1497,1499,1933,1065,1065,1933,1057,1542,1542,1514,1514,1514,1514,998,998,18,0,0,4
340347628,340347628,38,0,0,0,1461,1330,1430,1500,1499,1933,1065,1065,1933,1057,1542,1542,1514,1514,1514,1514,998,998,18,0,0,4
340839820,340839820,38,0,0,0,1437,1343,1430,1507,1499,1933,1065,1065,1933,1057,1542,1542,1514,1514,1514,1514,998,998,18,0,0,4
341353143,341353143,38,0,0,0,1462,1325,1430,1498,1499,1933,1065,1065,1933,1057,1542,1542,1514,1514,1514,1514,998,998,18,0,0,4
341838568,341838568,38,0,0,0,1481,1279,1452,1505,1499,1933,1065,1065,1933,1057,1542,1542,1514,1514,1514,1514,998,998,18,0,0,4
342347815,342347815,38,0,0,0,1480,1284,1697,1509,1499,1933,1065,1065,1933,1057,1542,1542,1514,1514,1514,1514,998,998,18,0,0,4
342850131,342850131,38,0,0,0,1494,1273,1697,1503,1499,1933,1065,1065,1933,1057,1542,1542,1514,1514,1514,1514,998,998,18,0,0,4
343341829,343341829,38,0,0,0,1492,1277,1709,1508,1499,1933,1065,1065,1933,1057,1542,1542,1514,1514,1514,1514,998,998,18,0,0,4
343853340,343853340,38,0,0,0,1495,1268,1709,1495,1499,1933,1065,1065,1933,1057,1542,1542,1514,1514,1514,1514,998,998,18,0,0,4
344339889,344339889,38,0,0,0,1484,1294,1709,1504,1499,1933,1065,1065,1933,1057,1542,1542,1514,1514,1514,1514,998,998,18,0,0,4
344851335,344851335,38,0,0,0,1505,1277,1710,1500,1499,1933,1065,1065,1933,1057,1542,1542,1514,1514,1514,1514,998,998,18,0,0,4
345342917,345342917,38,0,0,0,1505,1269,1709,1504,1499,1933,1065,1065,1933,1057,1542,1542,1514,1514,1514,1514,998,998,18,0,0,4
345854563,345854563,38,0,0,0,1503,1281,1710,1510,1499,1933,1065,1065,1933,1057,1542,1542,1514,1514,1514,1514,998,998,18,0,0,4
346343730,346343730,38,0,0,0,1497,1308,1713,1495,1499,1933,1065,1065,1933,1057,1542,1542,1514,1514,1514,1514,998,998,18,0,0,4
346852481,346852481,38,0,0,0,1505,1342,1797,1495,1499,1933,1065,1065,1933,1057,1542,1542,1514,1514,1514,1514,998,998,18,0,0,4
347342035,347342035,38,0,0,0,1505,1346,1797,1508,1499,1933,1065,1065,1933,1057,1542,1542,1514,1514,1514,1514,998,998,18,0,0,4
347833467,347833467,38,0,0,0,1503,1499,1932,1500,1499,1933,1065,1065,1933,1057,1542,1542,1514,1514,1514,1514,998,998,18,0,0,4
348352956,348352956,38,0,0,0,1507,1416,1858,1495,1499,1933,1065,1065,1933,1057,1542,1542,1514,1514,1514,1514,998,998,18,0,0,4
348853608,348853608,38,0,0,0,1507,1478,1932,1498,1499,1933,1065,1065,1933,1057,1542,1542,1514,1514,1514,1514,998,998,18,0,0,4
349344463,349344463,38,0,0,0,1505,1410,1932,1499,1499,1933,1065,1065,1933,1057,1542,1542,1514,1514,1514,1514,998,998,18,0,0,4
349855885,349855885,38,0,0,0,1447,1435,1932,1503,1499,1933,1065,1065,1933,1057,1542,1542,1514,1514,1514,1514,998,998,18,0,0,4
350338323,350338323,38,0,0,0,1485,1443,1932,1505,1499,1933,1065,1065,1933,1057,1542,1542,1514,1514,1514,1514,998,998,18,0,0,4
350853274,350853274,38,0,0,0,1497,1445,1932,1498,1499,1933,1065,1065,1933,1057,1542,1542,1514,1514,1514,1514,998,998,18,0,0,4
351344855,351344855,38,0,0,0,1492,1447,1932,1498,1499,1933,1065,1065,1933,1057,1542,1542,1514,1514,1514,1514,998,998,18,0,0,4
351835715,351835715,38,0,0,0,1482,1430,1932,1498,1499,1933,1065,1065,1933,1057,1542,1542,1514,1514,1514,1514,998,998,18,0,0,4
352349566,352349566,38,0,0,0,1469,1445,1932,1498,1499,1933,1065,1065,1933,1057,1542,1542,1514,1514,1514,1514,998,998,18,0,0,4
352841211,352841211,38,0,0,0,1503,1499,1932,1498,1499,1933,1065,1065,1933,1057,1542,1542,1514,1514,1514,1514,998,998,18,0,0,4
353348732,353348732,38,0,0,0,1503,1499,1932,1499,1499,1933,1065,1065,1933,1057,1542,1542,1514,1514,1514,1514,998,998,18,0,0,4
353835026,353835026,38,0,0,0,1503,1499,1932,1498,1499,1933,1065,1065,1933,1057,1542,1542,1514,1514,1514,1514,998,998,18,0,0,4
354340931,354340931,38,0,0,0,1503,1499,1932,1499,1499,1933,1065,1065,1933,1932,1542,1542,1514,1514,1514,1514,998,998,18,0,0,4
354854891,354854891,38,0,0,0,1503,1499,1932,1498,1499,1933,1065,1065,1933,1932,1542,1542,1514,1514,1514,1514,998,998,18,0,0,4
355346436,355346436,38,0,0,0,1503,1499,1932,1499,1499,1933,1065,1065,1933,1932,1542,1542,1514,1514,1514,1514,998,998,18,0,0,4
355835309,355835309,38,0,0,0,1503,1499,1932,1498,1499,1933,1065,1065,1933,1932,1542,1542,1514,1514,1514,1514,998,998,18,0,0,4
356346910,356346910,38,0,0,0,1503,1499,1932,1498,1499,1933,1065,1065,1933,1932,1542,1542,1514,1514,1514,1514,998,998,18,0,0,4
356836791,356836791,38,0,0,0,1503,1499,1932,1498,1499,1933,1065,1065,1933,1932,1542,1542,1514,1514,1514,1514,998,998,18,0,0,4
357349811,357349811,38,0,0,0,1503,1499,1932,1498,1499,1933,1065,1065,1933,1932,1542,1542,1514,1514,1514,1514,998,998,18,0,0,4
357839637,357839637,38,0,0,0,1503,1499,1932,1498,1499,1933,1065,1065,1933,1932,1542,1542,1514,1514,1514,1514,998,998,18,0,0,4
358346260,358346260,38,0,0,0,1503,1499,1932,1498,1499,1933,1065,1065,1933,1932,1542,1542,1514,1514,1514,1514,998,998,18,0,0,4
358854669,358854669,38,0,0,0,1503,1499,1932,1498,1499,1933,1065,1065,1933,1932,1542,1542,1514,1514,1514,1514,998,998,18,0,0,4
359343758,359343758,38,0,0,0,1503,1499,1932,1498,1499,1933,1065,1065,1933,1932,1542,1542,1514,1514,1514,1514,998,998,18,0,0,4
359835455,359835455,38,0,0,0,1503,1499,1932,1498,1499,1933,1065,1065,1933,1932,1542,1542,1514,1514,1514,1514,998,998,18,0,0,4
360346884,360346884,38,0,0,0,1503,1499,1932,1498,1499,1933,1065,1065,1933,1932,1542,1542,1514,1514,1514,1514,998,998,18,0,0,4
