timestamp,nav_state_timestamp,onboard_control_sensors_present,onboard_control_sensors_enabled,onboard_control_sensors_health,nav_state,arming_state,hil_state,failsafe,system_type,system_id,component_id,vehicle_type,is_vtol,is_vtol_tailsitter,vtol_fw_permanent_stab,in_transition_mode,in_transition_to_fw,rc_signal_lost,rc_input_mode,data_link_lost,data_link_lost_counter,high_latency_data_link_lost,engine_failure,mission_failure,failure_detector_status,latest_arming_reason,latest_disarming_reason
16127950,1660941,305070127,304152591,305070095,15,2,0,0,2,1,1,1,0,0,0,0,0,0,0,1,0,0,0,0,0,1,0
16631041,1660941,305070127,304152591,305070095,15,2,0,0,2,1,1,1,0,0,0,0,0,0,0,1,0,0,0,0,0,1,0
17138039,1660941,305070127,304152591,305070095,15,2,0,0,2,1,1,1,0,0,0,0,0,0,0,1,0,0,0,0,0,1,0
17645971,1660941,305070127,304152591,305070095,15,2,0,0,2,1,1,1,0,0,0,0,0,0,0,1,0,0,0,0,0,1,0
18152273,1660941,305070127,304152591,305070095,15,2,0,0,2,1,1,1,0,0,0,0,0,0,0,1,0,0,0,0,0,1,0
18660863,1660941,305070127,304152591,305070095,15,2,0,0,2,1,1,1,0,0,0,0,0,0,0,1,0,0,0,0,0,1,0
19166000,1660941,305070127,304152591,305070095,15,2,0,0,2,1,1,1,0,0,0,0,0,0,0,1,0,0,0,0,0,1,0
19675075,1660941,305070127,304152591,305070095,15,2,0,0,2,1,1,1,0,0,0,0,0,0,0,1,0,0,0,0,0,1,0
20183286,1660941,305070127,304152591,305070095,15,2,0,0,2,1,1,1,0,0,0,0,0,0,0,1,0,0,0,0,0,1,0
20690209,1660941,305070127,304152591,305070095,15,2,0,0,2,1,1,1,0,0,0,0,0,0,0,1,0,0,0,0,0,1,0
21197044,1660941,305070127,304152591,305070095,15,2,0,0,2,1,1,1,0,0,0,0,0,0,0,1,0,0,0,0,0,1,0
21702969,1660941,305070127,304152591,305070095,15,2,0,0,2,1,1,1,0,0,0,0,0,0,0,1,0,0,0,0,0,1,0
22211990,1660941,305070127,304152591,305070095,15,2,0,0,2,1,1,1,0,0,0,0,0,0,0,1,0,0,0,0,0,1,0
22718998,1660941,305070127,304152591,305070095,15,2,0,0,2,1,1,1,0,0,0,0,0,0,0,1,0,0,0,0,0,1,0
23225970,1660941,305070127,304152591,305070095,15,2,0,0,2,1,1,1,0,0,0,0,0,0,0,1,0,0,0,0,0,1,0
23732977,1660941,305070127,304152591,305070095,15,2,0,0,2,1,1,1,0,0,0,0,0,0,0,1,0,0,0,0,0,1,0
24241061,1660941,305070127,304152591,305070095,15,2,0,0,2,1,1,1,0,0,0,0,0,0,0,1,0,0,0,0,0,1,0
24748253,1660941,305070127,304152591,305070095,15,2,0,0,2,1,1,1,0,0,0,0,0,0,0,1,0,0,0,0,0,1,0
25255328,1660941,305070127,304152591,305070095,15,2,0,0,2,1,1,1,0,0,0,0,0,0,0,1,0,0,0,0,0,1,0
25764056,1660941,305070127,304152591,305070095,15,2,0,0,2,1,1,1,0,0,0,0,0,0,0,1,0,0,0,0,0,1,0
26272008,1660941,305070127,304152591,305070095,15,2,0,0,2,1,1,1,0,0,0,0,0,0,0,1,0,0,0,0,0,1,0
26780584,1660941,305070127,304152591,305070095,15,2,0,0,2,1,1,1,0,0,0,0,0,0,0,1,0,0,0,0,0,1,0
27286032,1660941,305070127,304152591,305070095,15,2,0,0,2,1,1,1,0,0,0,0,0,0,0,1,0,0,0,0,0,1,0
27795136,1660941,305070127,304152591,305070095,15,2,0,0,2,1,1,1,0,0,0,0,0,0,0,1,0,0,0,0,0,1,0
28303064,1660941,305070127,304152591,305070095,15,2,0,0,2,1,1,1,0,0,0,0,0,0,0,1,0,0,0,0,0,1,0
28811264,1660941,305070127,304152591,305070095,15,2,0,0,2,1,1,1,0,0,0,0,0,0,0,1,0,0,0,0,0,1,0
29317509,1660941,305070127,304152591,305070095,15,2,0,0,2,1,1,1,0,0,0,0,0,0,0,1,0,0,0,0,0,1,0
29825180,1660941,305070127,304152591,305070095,15,2,0,0,2,1,1,1,0,0,0,0,0,0,0,1,0,0,0,0,0,1,0
30332034,1660941,305070127,304152591,305070095,15,2,0,0,2,1,1,1,0,0,0,0,0,0,0,1,0,0,0,0,0,1,0
30837971,1660941,305070127,304152591,305070095,15,2,0,0,2,1,1,1,0,0,0,0,0,0,0,1,0,0,0,0,0,1,0
31346970,1660941,305070127,304152591,305070095,15,2,0,0,2,1,1,1,0,0,0,0,0,0,0,1,0,0,0,0,0,1,0
31855335,1660941,305070127,304152591,305070095,15,2,0,0,2,1,1,1,0,0,0,0,0,0,0,1,0,0,0,0,0,1,0
32361451,1660941,305070127,304152591,305070095,15,2,0,0,2,1,1,1,0,0,0,0,0,0,0,1,0,0,0,0,0,1,0
32869086,1660941,305070127,304152591,305070095,15,2,0,0,2,1,1,1,0,0,0,0,0,0,0,1,0,0,0,0,0,1,0
33377000,1660941,305070127,304152591,305070095,15,2,0,0,2,1,1,1,0,0,0,0,0,0,0,1,0,0,0,0,0,1,0
33886995,1660941,305070127,304152591,305070095,15,2,0,0,2,1,1,1,0,0,0,0,0,0,0,1,0,0,0,0,0,1,0
34394072,1660941,305070127,304152591,305070095,15,2,0,0,2,1,1,1,0,0,0,0,0,0,0,1,0,0,0,0,0,1,0
34904049,1660941,305070127,304152591,305070095,15,2,0,0,2,1,1,1,0,0,0,0,0,0,0,1,0,0,0,0,0,1,0
35411244,1660941,305070127,304152591,305070095,15,2,0,0,2,1,1,1,0,0,0,0,0,0,0,1,0,0,0,0,0,1,0
35918971,1660941,305070127,304152591,305070095,15,2,0,0,2,1,1,1,0,0,0,0,0,0,0,1,0,0,0,0,0,1,0
36425121,1660941,305070127,304152591,305070095,15,2,0,0,2,1,1,1,0,0,0,0,0,0,0,1,0,0,0,0,0,1,0
36934352,1660941,305070127,304152591,305070095,15,2,0,0,2,1,1,1,0,0,0,0,0,0,0,1,0,0,0,0,0,1,0
37444049,1660941,305070127,304152591,305070095,15,2,0,0,2,1,1,1,0,0,0,0,0,0,0,1,0,0,0,0,0,1,0
37949998,1660941,305070127,304152591,305070095,15,2,0,0,2,1,1,1,0,0,0,0,0,0,0,1,0,0,0,0,0,1,0
38456969,1660941,305070127,304152591,305070095,15,2,0,0,2,1,1,1,0,0,0,0,0,0,0,1,0,0,0,0,0,1,0
38965535,1660941,305070127,304152591,305070095,15,2,0,0,2,1,1,1,0,0,0,0,0,0,0,1,0,0,0,0,0,1,0
39473015,1660941,305070127,304152591,305070095,15,2,0,0,2,1,1,1,0,0,0,0,0,0,0,1,0,0,0,0,0,1,0
39980995,1660941,305070127,304152591,305070095,15,2,0,0,2,1,1,1,0,0,0,0,0,0,0,1,0,0,0,0,0,1,0
40488124,1660941,305070127,304152591,305070095,15,2,0,0,2,1,1,1,0,0,0,0,0,0,0,1,0,0,0,0,0,1,0
40997103,1660941,305070127,304152591,305070095,15,2,0,0,2,1,1,1,0,0,0,0,0,0,0,1,0,0,0,0,0,1,0
41503971,1660941,305070127,304152591,305070095,15,2,0,0,2,1,1,1,0,0,0,0,0,0,0,1,0,0,0,0,0,1,0
42012074,1660941,305070127,304152591,305070095,15,2,0,0,2,1,1,1,0,0,0,0,0,0,0,1,0,0,0,0,0,1,0
42520131,1660941,305070127,304152591,305070095,15,2,0,0,2,1,1,1,0,0,0,0,0,0,0,1,0,0,0,0,0,1,0
43028467,1660941,305070127,304152591,305070095,15,2,0,0,2,1,1,1,0,0,0,0,0,0,0,1,0,0,0,0,0,1,0
43535971,1660941,305070127,304152591,305070095,15,2,0,0,2,1,1,1,0,0,0,0,0,0,0,1,0,0,0,0,0,1,0
44044305,1660941,305070127,304152591,305070095,15,2,0,0,2,1,1,1,0,0,0,0,0,0,0,1,0,0,0,0,0,1,0
44133117,44133113,305070127,304152591,305070095,4,2,0,0,2,1,1,1,0,0,0,0,0,0,0,1,0,0,0,0,0,1,0
44643012,44133113,305070127,304152591,305070095,4,2,0,0,2,1,1,1,0,0,0,0,0,0,0,1,0,0,0,0,0,1,0
44996337,44996332,305070127,304152591,305070095,2,2,0,0,2,1,1,1,0,0,0,0,0,0,0,1,0,0,0,0,0,1,0
45503012,44996332,305070127,304152591,305070095,2,2,0,0,2,1,1,1,0,0,0,0,0,0,0,1,0,0,0,0,0,1,0
46010089,44996332,305070127,304152591,305070095,2,2,0,0,2,1,1,1,0,0,0,0,0,0,0,1,0,0,0,0,0,1,0
46517125,44996332,305070127,304152591,305070095,2,2,0,0,2,1,1,1,0,0,0,0,0,0,0,1,0,0,0,0,0,1,0
46904064,46904060,305070127,304152591,305070095,15,2,0,0,2,1,1,1,0,0,0,0,0,0,0,1,0,0,0,0,0,1,0
47413074,46904060,305070127,304152591,305070095,15,2,0,0,2,1,1,1,0,0,0,0,0,0,0,1,0,0,0,0,0,1,0
47921139,46904060,305070127,304152591,305070095,15,2,0,0,2,1,1,1,0,0,0,0,0,0,0,1,0,0,0,0,0,1,0
48428242,46904060,305070127,304152591,305070095,15,2,0,0,2,1,1,1,0,0,0,0,0,0,0,1,0,0,0,0,0,1,0
48935055,46904060,305070127,304152591,305070095,15,2,0,0,2,1,1,1,0,0,0,0,0,0,0,1,0,0,0,0,0,1,0
49123024,49123020,305070127,304152591,305070095,4,2,0,0,2,1,1,1,0,0,0,0,0,0,0,1,0,0,0,0,0,1,0
49633216,49123020,305070127,304152591,305070095,4,2,0,0,2,1,1,1,0,0,0,0,0,0,0,1,0,0,0,0,0,1,0
50140970,49123020,305070127,304152591,305070095,4,2,0,0,2,1,1,1,0,0,0,0,0,0,0,1,0,0,0,0,0,1,0
50648969,49123020,305070127,304152591,305070095,4,2,0,0,2,1,1,1,0,0,0,0,0,0,0,1,0,0,0,0,0,1,0
51156031,49123020,305070127,304152591,305070095,4,2,0,0,2,1,1,1,0,0,0,0,0,0,0,1,0,0,0,0,0,1,0
51665972,49123020,305070127,304152591,305070095,4,2,0,0,2,1,1,1,0,0,0,0,0,0,0,1,0,0,0,0,0,1,0
52175281,49123020,305070127,304152591,305070095,4,2,0,0,2,1,1,1,0,0,0,0,0,0,0,1,0,0,0,0,0,1,0
52682137,49123020,305070127,304152591,305070095,4,2,0,0,2,1,1,1,0,0,0,0,0,0,0,1,0,0,0,0,0,1,0
53188970,49123020,305070127,304152591,305070095,4,2,0,0,2,1,1,1,0,0,0,0,0,0,0,1,0,0,0,0,0,1,0
53696979,49123020,305070127,304152591,305070095,4,2,0,0,2,1,1,1,0,0,0,0,0,0,0,1,0,0,0,0,0,1,0
54197067,49123020,305070127,304152591,305070095,4,2,0,0,2,1,1,1,0,0,0,0,0,0,0,1,0,0,0,0,0,1,0
54704968,49123020,305070127,304152591,305070095,4,2,0,0,2,1,1,1,0,0,0,0,0,0,0,1,0,0,0,0,0,1,0
55214174,49123020,305070127,304152591,305070095,4,2,0,0,2,1,1,1,0,0,0,0,0,0,0,1,0,0,0,0,0,1,0
55723054,49123020,305070127,304152591,305070095,4,2,0,0,2,1,1,1,0,0,0,0,0,0,0,1,0,0,0,0,0,1,0
56232807,49123020,305070127,304152591,305070095,4,2,0,0,2,1,1,1,0,0,0,0,0,0,0,1,0,0,0,0,0,1,0
56740967,49123020,305070127,304152591,305070095,4,2,0,0,2,1,1,1,0,0,0,0,0,0,0,1,0,0,0,0,0,1,0
57248967,49123020,305070127,304152591,305070095,4,2,0,0,2,1,1,1,0,0,0,0,0,0,0,1,0,0,0,0,0,1,0
57757967,49123020,305070127,304152591,305070095,4,2,0,0,2,1,1,1,0,0,0,0,0,0,0,1,0,0,0,0,0,1,0
58212123,58212119,305070127,304152591,305070095,2,2,0,0,2,1,1,1,0,0,0,0,0,0,0,1,0,0,0,0,0,1,0
58718995,58212119,305070127,304152591,305070095,2,2,0,0,2,1,1,1,0,0,0,0,0,0,0,1,0,0,0,0,0,1,0
59228022,58212119,305070127,304152591,305070095,2,2,0,0,2,1,1,1,0,0,0,0,0,0,0,1,0,0,0,0,0,1,0
59733975,58212119,305070127,304152591,305070095,2,2,0,0,2,1,1,1,0,0,0,0,0,0,0,1,0,0,0,0,0,1,0
60242970,58212119,305070127,304152591,305070095,2,2,0,0,2,1,1,1,0,0,0,0,0,0,0,1,0,0,0,0,0,1,0
60751968,58212119,305070127,304152591,305070095,2,2,0,0,2,1,1,1,0,0,0,0,0,0,0,1,0,0,0,0,0,1,0
61259968,58212119,305070127,304152591,305070095,2,2,0,0,2,1,1,1,0,0,0,0,0,0,0,1,0,0,0,0,0,1,0
61767350,58212119,305070127,304152591,305070095,2,2,0,0,2,1,1,1,0,0,0,0,0,0,0,1,0,0,0,0,0,1,0
62275348,58212119,305070127,304152591,305070095,2,2,0,0,2,1,1,1,0,0,0,0,0,0,0,1,0,0,0,0,0,1,0
62784165,58212119,305070127,304152591,305070095,2,2,0,0,2,1,1,1,0,0,0,0,0,0,0,1,0,0,0,0,0,1,0
63292065,58212119,305070127,304152591,305070095,2,2,0,0,2,1,1,1,0,0,0,0,0,0,0,1,0,0,0,0,0,1,0
63801970,58212119,305070127,304152591,305070095,2,2,0,0,2,1,1,1,0,0,0,0,0,0,0,1,0,0,0,0,0,1,0
64309979,58212119,305070127,304152591,305070095,2,2,0,0,2,1,1,1,0,0,0,0,0,0,0,1,0,0,0,0,0,1,0
64818084,58212119,305070127,304152591,305070095,2,2,0,0,2,1,1,1,0,0,0,0,0,0,0,1,0,0,0,0,0,1,0
65325967,58212119,305070127,304152591,305070095,2,2,0,0,2,1,1,1,0,0,0,0,0,0,0,1,0,0,0,0,0,1,0
65833075,58212119,305070127,304152591,305070095,2,2,0,0,2,1,1,1,0,0,0,0,0,0,0,1,0,0,0,0,0,1,0
66339971,58212119,305070127,304152591,305070095,2,2,0,0,2,1,1,1,0,0,0,0,0,0,0,1,0,0,0,0,0,1,0
66847064,58212119,305070127,304152591,305070095,2,2,0,0,2,1,1,1,0,0,0,0,0,0,0,1,0,0,0,0,0,1,0
67355968,58212119,305070127,304152591,305070095,2,2,0,0,2,1,1,1,0,0,0,0,0,0,0,1,0,0,0,0,0,1,0
67862419,58212119,305070127,304152591,305070095,2,2,0,0,2,1,1,1,0,0,0,0,0,0,0,1,0,0,0,0,0,1,0
68372070,58212119,305070127,304152591,305070095,2,2,0,0,2,1,1,1,0,0,0,0,0,0,0,1,0,0,0,0,0,1,0
68879039,58212119,305070127,304152591,305070095,2,2,0,0,2,1,1,1,0,0,0,0,0,0,0,1,0,0,0,0,0,1,0
69389075,58212119,305070127,304152591,305070095,2,2,0,0,2,1,1,1,0,0,0,0,0,0,0,1,0,0,0,0,0,1,0
69896969,58212119,305070127,304152591,305070095,2,2,0,0,2,1,1,1,0,0,0,0,0,0,0,1,0,0,0,0,0,1,0
70406968,58212119,305070127,304152591,305070095,2,2,0,0,2,1,1,1,0,0,0,0,0,0,0,1,0,0,0,0,0,1,0
70916417,58212119,305070127,304152591,305070095,2,2,0,0,2,1,1,1,0,0,0,0,0,0,0,1,0,0,0,0,0,1,0
71424977,58212119,305070127,304152591,305070095,2,2,0,0,2,1,1,1,0,0,0,0,0,0,0,1,0,0,0,0,0,1,0
71932991,58212119,305070127,304152591,305070095,2,2,0,0,2,1,1,1,0,0,0,0,0,0,0,1,0,0,0,0,0,1,0
72442007,58212119,305070127,304152591,305070095,2,2,0,0,2,1,1,1,0,0,0,0,0,0,0,1,0,0,0,0,0,1,0
72949967,58212119,305070127,304152591,305070095,2,2,0,0,2,1,1,1,0,0,0,0,0,0,0,1,0,0,0,0,0,1,0
73458905,58212119,305070127,304152591,305070095,2,2,0,0,2,1,1,1,0,0,0,0,0,0,0,1,0,0,0,0,0,1,0
73966032,58212119,305070127,304152591,305070095,2,2,0,0,2,1,1,1,0,0,0,0,0,0,0,1,0,0,0,0,0,1,0
74474026,58212119,305070127,304152591,305070095,2,2,0,0,2,1,1,1,0,0,0,0,0,0,0,1,0,0,0,0,0,1,0
74984126,58212119,305070127,304152591,305070095,2,2,0,0,2,1,1,1,0,0,0,0,0,0,0,1,0,0,0,0,0,1,0
75491031,58212119,305070127,304152591,305070095,2,2,0,0,2,1,1,1,0,0,0,0,0,0,0,1,0,0,0,0,0,1,0
76000053,58212119,305070127,304152591,305070095,2,2,0,0,2,1,1,1,0,0,0,0,0,0,0,1,0,0,0,0,0,1,0
76508079,58212119,305070127,304152591,305070095,2,2,0,0,2,1,1,1,0,0,0,0,0,0,0,1,0,0,0,0,0,1,0
77016970,58212119,305070127,304152591,305070095,2,2,0,0,2,1,1,1,0,0,0,0,0,0,0,1,0,0,0,0,0,1,0
77523370,58212119,305070127,304152591,305070095,2,2,0,0,2,1,1,1,0,0,0,0,0,0,0,1,0,0,0,0,0,1,0
78034287,58212119,305070127,304152591,305070095,2,2,0,0,2,1,1,1,0,0,0,0,0,0,0,1,0,0,0,0,0,1,0
78543966,58212119,305070127,304152591,305070095,2,2,0,0,2,1,1,1,0,0,0,0,0,0,0,1,0,0,0,0,0,1,0
79052976,58212119,305070127,304152591,305070095,2,2,0,0,2,1,1,1,0,0,0,0,0,0,0,1,0,0,0,0,0,1,0
79553971,58212119,305070127,304152591,305070095,2,2,0,0,2,1,1,1,0,0,0,0,0,0,0,1,0,0,0,0,0,1,0
80054708,58212119,305070127,304152591,305070095,2,2,0,0,2,1,1,1,0,0,0,0,0,0,0,1,0,0,0,0,0,1,0
80556010,58212119,305070127,304152591,305070095,2,2,0,0,2,1,1,1,0,0,0,0,0,0,0,1,0,0,0,0,0,1,0
81065117,58212119,305070127,304152591,305070095,2,2,0,0,2,1,1,1,0,0,0,0,0,0,0,1,0,0,0,0,0,1,0
81575030,58212119,305070127,304152591,305070095,2,2,0,0,2,1,1,1,0,0,0,0,0,0,0,1,0,0,0,0,0,1,0
82083973,58212119,305070127,304152591,305070095,2,2,0,0,2,1,1,1,0,0,0,0,0,0,0,1,0,0,0,0,0,1,0
82591193,58212119,305070127,304152591,305070095,2,2,0,0,2,1,1,1,0,0,0,0,0,0,0,1,0,0,0,0,0,1,0
83097769,58212119,305070127,304152591,305070095,2,2,0,0,2,1,1,1,0,0,0,0,0,0,0,1,0,0,0,0,0,1,0
83607059,58212119,305070127,304152591,305070095,2,2,0,0,2,1,1,1,0,0,0,0,0,0,0,1,0,0,0,0,0,1,0
84115129,58212119,305070127,304152591,305070095,2,2,0,0,2,1,1,1,0,0,0,0,0,0,0,1,0,0,0,0,0,1,0
84623975,58212119,305070127,304152591,305070095,2,2,0,0,2,1,1,1,0,0,0,0,0,0,0,1,0,0,0,0,0,1,0
85134445,58212119,305070127,304152591,305070095,2,2,0,0,2,1,1,1,0,0,0,0,0,0,0,1,0,0,0,0,0,1,0
85644015,58212119,305070127,304152591,305070095,2,2,0,0,2,1,1,1,0,0,0,0,0,0,0,1,0,0,0,0,0,1,0
86151785,58212119,305070127,304152591,305070095,2,2,0,0,2,1,1,1,0,0,0,0,0,0,0,1,0,0,0,0,0,1,0
86660077,58212119,305070127,304152591,305070095,2,2,0,0,2,1,1,1,0,0,0,0,0,0,0,1,0,0,0,0,0,1,0
87168041,58212119,305070127,304152591,305070095,2,2,0,0,2,1,1,1,0,0,0,0,0,0,0,1,0,0,0,0,0,1,0
87677969,58212119,305070127,304152591,305070095,2,2,0,0,2,1,1,1,0,0,0,0,0,0,0,1,0,0,0,0,0,1,0
88187123,58212119,305070127,304152591,305070095,2,2,0,0,2,1,1,1,0,0,0,0,0,0,0,1,0,0,0,0,0,1,0
88697245,58212119,305070127,304152591,305070095,2,2,0,0,2,1,1,1,0,0,0,0,0,0,0,1,0,0,0,0,0,1,0
89205047,58212119,305070127,304152591,305070095,2,2,0,0,2,1,1,1,0,0,0,0,0,0,0,1,0,0,0,0,0,1,0
89713172,58212119,305070127,304152591,305070095,2,2,0,0,2,1,1,1,0,0,0,0,0,0,0,1,0,0,0,0,0,1,0
90223042,58212119,305070127,304152591,305070095,2,2,0,0,2,1,1,1,0,0,0,0,0,0,0,1,0,0,0,0,0,1,0
90730968,58212119,305070127,304152591,305070095,2,2,0,0,2,1,1,1,0,0,0,0,0,0,0,1,0,0,0,0,0,1,0
91240004,58212119,305070127,304152591,305070095,2,2,0,0,2,1,1,1,0,0,0,0,0,0,0,1,0,0,0,0,0,1,0
91747970,58212119,305070127,304152591,305070095,2,2,0,0,2,1,1,1,0,0,0,0,0,0,0,1,0,0,0,0,0,1,0
92256969,58212119,305070127,304152591,305070095,2,2,0,0,2,1,1,1,0,0,0,0,0,0,0,1,0,0,0,0,0,1,0
92765056,58212119,305070127,304152591,305070095,2,2,0,0,2,1,1,1,0,0,0,0,0,0,0,1,0,0,0,0,0,1,0
93272827,58212119,305070127,304152591,305070095,2,2,0,0,2,1,1,1,0,0,0,0,0,0,0,1,0,0,0,0,0,1,0
93781012,58212119,305070127,304152591,305070095,2,2,0,0,2,1,1,1,0,0,0,0,0,0,0,1,0,0,0,0,0,1,0
94291229,58212119,305070127,304152591,305070095,2,2,0,0,2,1,1,1,0,0,0,0,0,0,0,1,0,0,0,0,0,1,0
96324023,58212119,305070127,304152591,305070095,2,2,0,0,2,1,1,1,0,0,0,0,0,0,0,1,0,0,0,0,0,1,0
99377078,58212119,305070127,304152591,305070095,2,2,0,0,2,1,1,1,0,0,0,0,0,0,0,1,0,0,0,0,0,1,0
99878979,58212119,305070127,304152591,305070095,2,2,0,0,2,1,1,1,0,0,0,0,0,0,0,1,0,0,0,0,0,1,0
100381134,58212119,305070127,304152591,305070095,2,2,0,0,2,1,1,1,0,0,0,0,0,0,0,1,0,0,0,0,0,1,0
100882991,58212119,305070127,304152591,305070095,2,2,0,0,2,1,1,1,0,0,0,0,0,0,0,1,0,0,0,0,0,1,0
101383974,58212119,305070127,304152591,305070095,2,2,0,0,2,1,1,1,0,0,0,0,0,0,0,1,0,0,0,0,0,1,0
101885163,58212119,305070127,304152591,305070095,2,2,0,0,2,1,1,1,0,0,0,0,0,0,0,1,0,0,0,0,0,1,0
102386055,58212119,305070127,304152591,305070095,2,2,0,0,2,1,1,1,0,0,0,0,0,0,0,1,0,0,0,0,0,1,0
102886250,58212119,305070127,304152591,305070095,2,2,0,0,2,1,1,1,0,0,0,0,0,0,0,1,0,0,0,0,0,1,0
103396231,58212119,305070127,304152591,305070095,2,2,0,0,2,1,1,1,0,0,0,0,0,0,0,1,0,0,0,0,0,1,0
103899217,58212119,305070127,304152591,305070095,2,2,0,0,2,1,1,1,0,0,0,0,0,0,0,1,0,0,0,0,0,1,0
104402297,58212119,305070127,304152591,305070095,2,2,0,0,2,1,1,1,0,0,0,0,0,0,0,1,0,0,0,0,0,1,0
104905015,58212119,305070127,304152591,305070095,2,2,0,0,2,1,1,1,0,0,0,0,0,0,0,1,0,0,0,0,0,1,0
105405704,58212119,305070127,304152591,305070095,2,2,0,0,2,1,1,1,0,0,0,0,0,0,0,1,0,0,0,0,0,1,0
105914025,58212119,305070127,304152591,305070095,2,2,0,0,2,1,1,1,0,0,0,0,0,0,0,1,0,0,0,0,0,1,0
106416183,58212119,305070127,304152591,305070095,2,2,0,0,2,1,1,1,0,0,0,0,0,0,0,1,0,0,0,0,0,1,0
106924968,58212119,305070127,304152591,305070095,2,2,0,0,2,1,1,1,0,0,0,0,0,0,0,1,0,0,0,0,0,1,0
107432984,58212119,305070127,304152591,305070095,2,2,0,0,2,1,1,1,0,0,0,0,0,0,0,1,0,0,0,0,0,1,0
107942645,58212119,305070127,304152591,305070095,2,2,0,0,2,1,1,1,0,0,0,0,0,0,0,1,0,0,0,0,0,1,0
108450967,58212119,305070127,304152591,305070095,2,2,0,0,2,1,1,1,0,0,0,0,0,0,0,1,0,0,0,0,0,1,0
108960015,58212119,305070127,304152591,305070095,2,2,0,0,2,1,1,1,0,0,0,0,0,0,0,1,0,0,0,0,0,1,0
109468164,58212119,305070127,304152591,305070095,2,2,0,0,2,1,1,1,0,0,0,0,0,0,0,1,0,0,0,0,0,1,0
109976227,58212119,305070127,304152591,305070095,2,2,0,0,2,1,1,1,0,0,0,0,0,0,0,1,0,0,0,0,0,1,0
110485310,58212119,305070127,304152591,305070095,2,2,0,0,2,1,1,1,0,0,0,0,0,0,0,1,0,0,0,0,0,1,0
110994059,58212119,305070127,304152591,305070095,2,2,0,0,2,1,1,1,0,0,0,0,0,0,0,1,0,0,0,0,0,1,0
111501061,58212119,305070127,304152591,305070095,2,2,0,0,2,1,1,1,0,0,0,0,0,0,0,1,0,0,0,0,0,1,0
112009034,58212119,305070127,304152591,305070095,2,2,0,0,2,1,1,1,0,0,0,0,0,0,0,1,0,0,0,0,0,1,0
112517284,58212119,305070127,304152591,305070095,2,2,0,0,2,1,1,1,0,0,0,0,0,0,0,1,0,0,0,0,0,1,0
113023006,58212119,305070127,304152591,305070095,2,2,0,0,2,1,1,1,0,0,0,0,0,0,0,1,0,0,0,0,0,1,0
113531083,58212119,305070127,304152591,305070095,2,2,0,0,2,1,1,1,0,0,0,0,0,0,0,1,0,0,0,0,0,1,0
114039552,58212119,305070127,304152591,305070095,2,2,0,0,2,1,1,1,0,0,0,0,0,0,0,1,0,0,0,0,0,1,0
114548142,58212119,305070127,304152591,305070095,2,2,0,0,2,1,1,1,0,0,0,0,0,0,0,1,0,0,0,0,0,1,0
115053973,58212119,305070127,304152591,305070095,2,2,0,0,2,1,1,1,0,0,0,0,0,0,0,1,0,0,0,0,0,1,0
115563052,58212119,305070127,304152591,305070095,2,2,0,0,2,1,1,1,0,0,0,0,0,0,0,1,0,0,0,0,0,1,0
116071699,58212119,305070127,304152591,305070095,2,2,0,0,2,1,1,1,0,0,0,0,0,0,0,1,0,0,0,0,0,1,0
116577970,58212119,305070127,304152591,305070095,2,2,0,0,2,1,1,1,0,0,0,0,0,0,0,1,0,0,0,0,0,1,0
117080969,58212119,305070127,304152591,305070095,2,2,0,0,2,1,1,1,0,0,0,0,0,0,0,1,0,0,0,0,0,1,0
117591932,58212119,305070127,304152591,305070095,2,2,0,0,2,1,1,1,0,0,0,0,0,0,0,1,0,0,0,0,0,1,0
118102169,58212119,305070127,304152591,305070095,2,2,0,0,2,1,1,1,0,0,0,0,0,0,0,1,0,0,0,0,0,1,0
118614862,58212119,305070127,304152591,305070095,2,2,0,0,2,1,1,1,0,0,0,0,0,0,0,1,0,0,0,0,0,1,0
119125758,58212119,305070127,304152591,305070095,2,2,0,0,2,1,1,1,0,0,0,0,0,0,0,1,0,0,0,0,0,1,0
119632969,58212119,305070127,304152591,305070095,2,2,0,0,2,1,1,1,0,0,0,0,0,0,0,1,0,0,0,0,0,1,0
120140067,58212119,305070127,304152591,305070095,2,2,0,0,2,1,1,1,0,0,0,0,0,0,0,1,0,0,0,0,0,1,0
120650231,58212119,305070127,304152591,305070095,2,2,0,0,2,1,1,1,0,0,0,0,0,0,0,1,0,0,0,0,0,1,0
121159034,58212119,305070127,304152591,305070095,2,2,0,0,2,1,1,1,0,0,0,0,0,0,0,1,0,0,0,0,0,1,0
121668024,58212119,305070127,304152591,305070095,2,2,0,0,2,1,1,1,0,0,0,0,0,0,0,1,0,0,0,0,0,1,0
122177970,58212119,305070127,304152591,305070095,2,2,0,0,2,1,1,1,0,0,0,0,0,0,0,1,0,0,0,0,0,1,0
122687124,58212119,305070127,304152591,305070095,2,2,0,0,2,1,1,1,0,0,0,0,0,0,0,1,0,0,0,0,0,1,0
123193974,58212119,305070127,304152591,305070095,2,2,0,0,2,1,1,1,0,0,0,0,0,0,0,1,0,0,0,0,0,1,0
123702145,58212119,305070127,304152591,305070095,2,2,0,0,2,1,1,1,0,0,0,0,0,0,0,1,0,0,0,0,0,1,0
124209969,58212119,305070127,304152591,305070095,2,2,0,0,2,1,1,1,0,0,0,0,0,0,0,1,0,0,0,0,0,1,0
124717996,58212119,305070127,304152591,305070095,2,2,0,0,2,1,1,1,0,0,0,0,0,0,0,1,0,0,0,0,0,1,0
125226970,58212119,305070127,304152591,305070095,2,2,0,0,2,1,1,1,0,0,0,0,0,0,0,1,0,0,0,0,0,1,0
125735016,58212119,305070127,304152591,305070095,2,2,0,0,2,1,1,1,0,0,0,0,0,0,0,1,0,0,0,0,0,1,0
126243203,58212119,305070127,304152591,305070095,2,2,0,0,2,1,1,1,0,0,0,0,0,0,0,1,0,0,0,0,0,1,0
126752242,58212119,305070127,304152591,305070095,2,2,0,0,2,1,1,1,0,0,0,0,0,0,0,1,0,0,0,0,0,1,0
127253032,58212119,305070127,304152591,305070095,2,2,0,0,2,1,1,1,0,0,0,0,0,0,0,1,0,0,0,0,0,1,0
127756269,58212119,305070127,304152591,305070095,2,2,0,0,2,1,1,1,0,0,0,0,0,0,0,1,0,0,0,0,0,1,0
128264045,58212119,305070127,304152591,305070095,2,2,0,0,2,1,1,1,0,0,0,0,0,0,0,1,0,0,0,0,0,1,0
128765970,58212119,305070127,304152591,305070095,2,2,0,0,2,1,1,1,0,0,0,0,0,0,0,1,0,0,0,0,0,1,0
129267273,58212119,305070127,304152591,305070095,2,2,0,0,2,1,1,1,0,0,0,0,0,0,0,1,0,0,0,0,0,1,0
129778057,58212119,305070127,304152591,305070095,2,2,0,0,2,1,1,1,0,0,0,0,0,0,0,1,0,0,0,0,0,1,0
130287970,58212119,305070127,304152591,305070095,2,2,0,0,2,1,1,1,0,0,0,0,0,0,0,1,0,0,0,0,0,1,0
130797006,58212119,305070127,304152591,305070095,2,2,0,0,2,1,1,1,0,0,0,0,0,0,0,1,0,0,0,0,0,1,0
131297026,58212119,305070127,304152591,305070095,2,2,0,0,2,1,1,1,0,0,0,0,0,0,0,1,0,0,0,0,0,1,0
131806038,58212119,305070127,304152591,305070095,2,2,0,0,2,1,1,1,0,0,0,0,0,0,0,1,0,0,0,0,0,1,0
132316390,58212119,305070127,304152591,305070095,2,2,0,0,2,1,1,1,0,0,0,0,0,0,0,1,0,0,0,0,0,1,0
132826991,58212119,305070127,304152591,305070095,2,2,0,0,2,1,1,1,0,0,0,0,0,0,0,1,0,0,0,0,0,1,0
133330034,58212119,305070127,304152591,305070095,2,2,0,0,2,1,1,1,0,0,0,0,0,0,0,1,0,0,0,0,0,1,0
133833013,58212119,305070127,304152591,305070095,2,2,0,0,2,1,1,1,0,0,0,0,0,0,0,1,0,0,0,0,0,1,0
134342216,58212119,305070127,304152591,305070095,2,2,0,0,2,1,1,1,0,0,0,0,0,0,0,1,0,0,0,0,0,1,0
134852081,58212119,305070127,304152591,305070095,2,2,0,0,2,1,1,1,0,0,0,0,0,0,0,1,0,0,0,0,0,1,0
135364649,58212119,305070127,304152591,305070095,2,2,0,0,2,1,1,1,0,0,0,0,0,0,0,1,0,0,0,0,0,1,0
135865990,58212119,305070127,304152591,305070095,2,2,0,0,2,1,1,1,0,0,0,0,0,0,0,1,0,0,0,0,0,1,0
136368992,58212119,305070127,304152591,305070095,2,2,0,0,2,1,1,1,0,0,0,0,0,0,0,1,0,0,0,0,0,1,0
136871968,58212119,305070127,304152591,305070095,2,2,0,0,2,1,1,1,0,0,0,0,0,0,0,1,0,0,0,0,0,1,0
137382971,58212119,305070127,304152591,305070095,2,2,0,0,2,1,1,1,0,0,0,0,0,0,0,1,0,0,0,0,0,1,0
137891090,58212119,305070127,304152591,305070095,2,2,0,0,2,1,1,1,0,0,0,0,0,0,0,1,0,0,0,0,0,1,0
138400049,58212119,305070127,304152591,305070095,2,2,0,0,2,1,1,1,0,0,0,0,0,0,0,1,0,0,0,0,0,1,0
138907068,58212119,305070127,304152591,305070095,2,2,0,0,2,1,1,1,0,0,0,0,0,0,0,1,0,0,0,0,0,1,0
139416027,58212119,305070127,304152591,305070095,2,2,0,0,2,1,1,1,0,0,0,0,0,0,0,1,0,0,0,0,0,1,0
139925113,58212119,305070127,304152591,305070095,2,2,0,0,2,1,1,1,0,0,0,0,0,0,0,1,0,0,0,0,0,1,0
140432080,58212119,305070127,304152591,305070095,2,2,0,0,2,1,1,1,0,0,0,0,0,0,0,1,0,0,0,0,0,1,0
140940030,58212119,305070127,304152591,305070095,2,2,0,0,2,1,1,1,0,0,0,0,0,0,0,1,0,0,0,0,0,1,0
141447350,58212119,305070127,304152591,305070095,2,2,0,0,2,1,1,1,0,0,0,0,0,0,0,1,0,0,0,0,0,1,0
141956334,58212119,305070127,304152591,305070095,2,2,0,0,2,1,1,1,0,0,0,0,0,0,0,1,0,0,0,0,0,1,0
142463168,58212119,305070127,304152591,305070095,2,2,0,0,2,1,1,1,0,0,0,0,0,0,0,1,0,0,0,0,0,1,0
142971967,58212119,305070127,304152591,305070095,2,2,0,0,2,1,1,1,0,0,0,0,0,0,0,1,0,0,0,0,0,1,0
143481009,58212119,305070127,304152591,305070095,2,2,0,0,2,1,1,1,0,0,0,0,0,0,0,1,0,0,0,0,0,1,0
143991005,58212119,305070127,304152591,305070095,2,2,0,0,2,1,1,1,0,0,0,0,0,0,0,1,0,0,0,0,0,1,0
144502020,58212119,305070127,304152591,305070095,2,2,0,0,2,1,1,1,0,0,0,0,0,0,0,1,0,0,0,0,0,1,0
145006013,58212119,305070127,304152591,305070095,2,2,0,0,2,1,1,1,0,0,0,0,0,0,0,1,0,0,0,0,0,1,0
145507158,58212119,305070127,304152591,305070095,2,2,0,0,2,1,1,1,0,0,0,0,0,0,0,1,0,0,0,0,0,1,0
146017045,58212119,305070127,304152591,305070095,2,2,0,0,2,1,1,1,0,0,0,0,0,0,0,1,0,0,0,0,0,1,0
146519050,58212119,305070127,304152591,305070095,2,2,0,0,2,1,1,1,0,0,0,0,0,0,0,1,0,0,0,0,0,1,0
147020157,58212119,305070127,304152591,305070095,2,2,0,0,2,1,1,1,0,0,0,0,0,0,0,1,0,0,0,0,0,1,0
147521967,58212119,305070127,304152591,305070095,2,2,0,0,2,1,1,1,0,0,0,0,0,0,0,1,0,0,0,0,0,1,0
148030001,58212119,305070127,304152591,305070095,2,2,0,0,2,1,1,1,0,0,0,0,0,0,0,1,0,0,0,0,0,1,0
148538086,58212119,305070127,304152591,305070095,2,2,0,0,2,1,1,1,0,0,0,0,0,0,0,1,0,0,0,0,0,1,0
149048068,58212119,305070127,304152591,305070095,2,2,0,0,2,1,1,1,0,0,0,0,0,0,0,1,0,0,0,0,0,1,0
149551081,58212119,305070127,304152591,305070095,2,2,0,0,2,1,1,1,0,0,0,0,0,0,0,1,0,0,0,0,0,1,0
150053897,58212119,305070127,304152591,305070095,2,2,0,0,2,1,1,1,0,0,0,0,0,0,0,1,0,0,0,0,0,1,0
150564009,58212119,305070127,304152591,305070095,2,2,0,0,2,1,1,1,0,0,0,0,0,0,0,1,0,0,0,0,0,1,0
151074024,58212119,305070127,304152591,305070095,2,2,0,0,2,1,1,1,0,0,0,0,0,0,0,1,0,0,0,0,0,1,0
151583179,58212119,305070127,304152591,305070095,2,2,0,0,2,1,1,1,0,0,0,0,0,0,0,1,0,0,0,0,0,1,0
152089969,58212119,305070127,304152591,305070095,2,2,0,0,2,1,1,1,0,0,0,0,0,0,0,1,0,0,0,0,0,1,0
152598975,58212119,305070127,304152591,305070095,2,2,0,0,2,1,1,1,0,0,0,0,0,0,0,1,0,0,0,0,0,1,0
153110198,58212119,305070127,304152591,305070095,2,2,0,0,2,1,1,1,0,0,0,0,0,0,0,1,0,0,0,0,0,1,0
153618996,58212119,305070127,304152591,305070095,2,2,0,0,2,1,1,1,0,0,0,0,0,0,0,1,0,0,0,0,0,1,0
154120977,58212119,305070127,304152591,305070095,2,2,0,0,2,1,1,1,0,0,0,0,0,0,0,1,0,0,0,0,0,1,0
154621969,58212119,305070127,304152591,305070095,2,2,0,0,2,1,1,1,0,0,0,0,0,0,0,1,0,0,0,0,0,1,0
155125064,58212119,305070127,304152591,305070095,2,2,0,0,2,1,1,1,0,0,0,0,0,0,0,1,0,0,0,0,0,1,0
155631974,58212119,305070127,304152591,305070095,2,2,0,0,2,1,1,1,0,0,0,0,0,0,0,1,0,0,0,0,0,1,0
156139002,58212119,305070127,304152591,305070095,2,2,0,0,2,1,1,1,0,0,0,0,0,0,0,1,0,0,0,0,0,1,0
156647038,58212119,305070127,304152591,305070095,2,2,0,0,2,1,1,1,0,0,0,0,0,0,0,1,0,0,0,0,0,1,0
157158180,58212119,305070127,304152591,305070095,2,2,0,0,2,1,1,1,0,0,0,0,0,0,0,1,0,0,0,0,0,1,0
157667013,58212119,305070127,304152591,305070095,2,2,0,0,2,1,1,1,0,0,0,0,0,0,0,1,0,0,0,0,0,1,0
158177170,58212119,305070127,304152591,305070095,2,2,0,0,2,1,1,1,0,0,0,0,0,0,0,1,0,0,0,0,0,1,0
158684106,58212119,305070127,304152591,305070095,2,2,0,0,2,1,1,1,0,0,0,0,0,0,0,1,0,0,0,0,0,1,0
159192986,58212119,305070127,304152591,305070095,2,2,0,0,2,1,1,1,0,0,0,0,0,0,0,1,0,0,0,0,0,1,0
159700967,58212119,305070127,304152591,305070095,2,2,0,0,2,1,1,1,0,0,0,0,0,0,0,1,0,0,0,0,0,1,0
160209099,58212119,305070127,304152591,305070095,2,2,0,0,2,1,1,1,0,0,0,0,0,0,0,1,0,0,0,0,0,1,0
160719456,58212119,305070127,304152591,305070095,2,2,0,0,2,1,1,1,0,0,0,0,0,0,0,1,0,0,0,0,0,1,0
161227971,58212119,305070127,304152591,305070095,2,2,0,0,2,1,1,1,0,0,0,0,0,0,0,1,0,0,0,0,0,1,0
161728006,58212119,305070127,304152591,305070095,2,2,0,0,2,1,1,1,0,0,0,0,0,0,0,1,0,0,0,0,0,1,0
162236008,58212119,305070127,304152591,305070095,2,2,0,0,2,1,1,1,0,0,0,0,0,0,0,1,0,0,0,0,0,1,0
162743967,58212119,305070127,304152591,305070095,2,2,0,0,2,1,1,1,0,0,0,0,0,0,0,1,0,0,0,0,0,1,0
163253967,58212119,305070127,304152591,305070095,2,2,0,0,2,1,1,1,0,0,0,0,0,0,0,1,0,0,0,0,0,1,0
163763070,58212119,305070127,304152591,305070095,2,2,0,0,2,1,1,1,0,0,0,0,0,0,0,1,0,0,0,0,0,1,0
164270046,58212119,305070127,304152591,305070095,2,2,0,0,2,1,1,1,0,0,0,0,0,0,0,1,0,0,0,0,0,1,0
164778970,58212119,305070127,304152591,305070095,2,2,0,0,2,1,1,1,0,0,0,0,0,0,0,1,0,0,0,0,0,1,0
165287418,58212119,305070127,304152591,305070095,2,2,0,0,2,1,1,1,0,0,0,0,0,0,0,1,0,0,0,0,0,1,0
165794736,58212119,305070127,304152591,305070095,2,2,0,0,2,1,1,1,0,0,0,0,0,0,0,1,0,0,0,0,0,1,0
166301975,58212119,305070127,304152591,305070095,2,2,0,0,2,1,1,1,0,0,0,0,0,0,0,1,0,0,0,0,0,1,0
166810071,58212119,305070127,304152591,305070095,2,2,0,0,2,1,1,1,0,0,0,0,0,0,0,1,0,0,0,0,0,1,0
167318502,58212119,305070127,304152591,305070095,2,2,0,0,2,1,1,1,0,0,0,0,0,0,0,1,0,0,0,0,0,1,0
167826268,58212119,305070127,304152591,305070095,2,2,0,0,2,1,1,1,0,0,0,0,0,0,0,1,0,0,0,0,0,1,0
168335063,58212119,305070127,304152591,305070095,2,2,0,0,2,1,1,1,0,0,0,0,0,0,0,1,0,0,0,0,0,1,0
168845405,58212119,305070127,304152591,305070095,2,2,0,0,2,1,1,1,0,0,0,0,0,0,0,1,0,0,0,0,0,1,0
169354022,58212119,305070127,304152591,305070095,2,2,0,0,2,1,1,1,0,0,0,0,0,0,0,1,0,0,0,0,0,1,0
169861385,58212119,305070127,304152591,305070095,2,2,0,0,2,1,1,1,0,0,0,0,0,0,0,1,0,0,0,0,0,1,0
170367302,58212119,305070127,304152591,305070095,2,2,0,0,2,1,1,1,0,0,0,0,0,0,0,1,0,0,0,0,0,1,0
170876223,58212119,305070127,304152591,305070095,2,2,0,0,2,1,1,1,0,0,0,0,0,0,0,1,0,0,0,0,0,1,0
171383012,58212119,305070127,304152591,305070095,2,2,0,0,2,1,1,1,0,0,0,0,0,0,0,1,0,0,0,0,0,1,0
171894110,58212119,305070127,304152591,305070095,2,2,0,0,2,1,1,1,0,0,0,0,0,0,0,1,0,0,0,0,0,1,0
172394171,58212119,305070127,304152591,305070095,2,2,0,0,2,1,1,1,0,0,0,0,0,0,0,1,0,0,0,0,0,1,0
172902971,58212119,305070127,304152591,305070095,2,2,0,0,2,1,1,1,0,0,0,0,0,0,0,1,0,0,0,0,0,1,0
173404110,58212119,305070127,304152591,305070095,2,2,0,0,2,1,1,1,0,0,0,0,0,0,0,1,0,0,0,0,0,1,0
173907101,58212119,305070127,304152591,305070095,2,2,0,0,2,1,1,1,0,0,0,0,0,0,0,1,0,0,0,0,0,1,0
174409020,58212119,305070127,304152591,305070095,2,2,0,0,2,1,1,1,0,0,0,0,0,0,0,1,0,0,0,0,0,1,0
174919969,58212119,305070127,304152591,305070095,2,2,0,0,2,1,1,1,0,0,0,0,0,0,0,1,0,0,0,0,0,1,0
175430054,58212119,305070127,304152591,305070095,2,2,0,0,2,1,1,1,0,0,0,0,0,0,0,1,0,0,0,0,0,1,0
175940199,58212119,305070127,304152591,305070095,2,2,0,0,2,1,1,1,0,0,0,0,0,0,0,1,0,0,0,0,0,1,0
176442988,58212119,305070127,304152591,305070095,2,2,0,0,2,1,1,1,0,0,0,0,0,0,0,1,0,0,0,0,0,1,0
176951057,58212119,305070127,304152591,305070095,2,2,0,0,2,1,1,1,0,0,0,0,0,0,0,1,0,0,0,0,0,1,0
177454019,58212119,305070127,304152591,305070095,2,2,0,0,2,1,1,1,0,0,0,0,0,0,0,1,0,0,0,0,0,1,0
177956968,58212119,305070127,304152591,305070095,2,2,0,0,2,1,1,1,0,0,0,0,0,0,0,1,0,0,0,0,0,1,0
178468047,58212119,305070127,304152591,305070095,2,2,0,0,2,1,1,1,0,0,0,0,0,0,0,1,0,0,0,0,0,1,0
178970059,58212119,305070127,304152591,305070095,2,2,0,0,2,1,1,1,0,0,0,0,0,0,0,1,0,0,0,0,0,1,0
179473330,58212119,305070127,304152591,305070095,2,2,0,0,2,1,1,1,0,0,0,0,0,0,0,1,0,0,0,0,0,1,0
179976995,58212119,305070127,304152591,305070095,2,2,0,0,2,1,1,1,0,0,0,0,0,0,0,1,0,0,0,0,0,1,0
180479382,58212119,305070127,304152591,305070095,2,2,0,0,2,1,1,1,0,0,0,0,0,0,0,1,0,0,0,0,0,1,0
180981028,58212119,305070127,304152591,305070095,2,2,0,0,2,1,1,1,0,0,0,0,0,0,0,1,0,0,0,0,0,1,0
181485070,58212119,305070127,304152591,305070095,2,2,0,0,2,1,1,1,0,0,0,0,0,0,0,1,0,0,0,0,0,1,0
181996190,58212119,305070127,304152591,305070095,2,2,0,0,2,1,1,1,0,0,0,0,0,0,0,1,0,0,0,0,0,1,0
182497970,58212119,305070127,304152591,305070095,2,2,0,0,2,1,1,1,0,0,0,0,0,0,0,1,0,0,0,0,0,1,0
182998012,58212119,305070127,304152591,305070095,2,2,0,0,2,1,1,1,0,0,0,0,0,0,0,1,0,0,0,0,0,1,0
183498255,58212119,305070127,304152591,305070095,2,2,0,0,2,1,1,1,0,0,0,0,0,0,0,1,0,0,0,0,0,1,0
184001148,58212119,305070127,304152591,305070095,2,2,0,0,2,1,1,1,0,0,0,0,0,0,0,1,0,0,0,0,0,1,0
184504199,58212119,305070127,304152591,305070095,2,2,0,0,2,1,1,1,0,0,0,0,0,0,0,1,0,0,0,0,0,1,0
185007033,58212119,305070127,304152591,305070095,2,2,0,0,2,1,1,1,0,0,0,0,0,0,0,1,0,0,0,0,0,1,0
185517037,58212119,305070127,304152591,305070095,2,2,0,0,2,1,1,1,0,0,0,0,0,0,0,1,0,0,0,0,0,1,0
186026042,58212119,305070127,304152591,305070095,2,2,0,0,2,1,1,1,0,0,0,0,0,0,0,1,0,0,0,0,0,1,0
186534971,58212119,305070127,304152591,305070095,2,2,0,0,2,1,1,1,0,0,0,0,0,0,0,1,0,0,0,0,0,1,0
187042043,58212119,305070127,304152591,305070095,2,2,0,0,2,1,1,1,0,0,0,0,0,0,0,1,0,0,0,0,0,1,0
187550970,58212119,305070127,304152591,305070095,2,2,0,0,2,1,1,1,0,0,0,0,0,0,0,1,0,0,0,0,0,1,0
188058082,58212119,305070127,304152591,305070095,2,2,0,0,2,1,1,1,0,0,0,0,0,0,0,1,0,0,0,0,0,1,0
188567299,58212119,305070127,304152591,305070095,2,2,0,0,2,1,1,1,0,0,0,0,0,0,0,1,0,0,0,0,0,1,0
189076169,58212119,305070127,304152591,305070095,2,2,0,0,2,1,1,1,0,0,0,0,0,0,0,1,0,0,0,0,0,1,0
189586350,58212119,305070127,304152591,305070095,2,2,0,0,2,1,1,1,0,0,0,0,0,0,0,1,0,0,0,0,0,1,0
190097128,58212119,305070127,304152591,305070095,2,2,0,0,2,1,1,1,0,0,0,0,0,0,0,1,0,0,0,0,0,1,0
190600019,58212119,305070127,304152591,305070095,2,2,0,0,2,1,1,1,0,0,0,0,0,0,0,1,0,0,0,0,0,1,0
191110057,58212119,305070127,304152591,305070095,2,2,0,0,2,1,1,1,0,0,0,0,0,0,0,1,0,0,0,0,0,1,0
191613375,58212119,305070127,304152591,305070095,2,2,0,0,2,1,1,1,0,0,0,0,0,0,0,1,0,0,0,0,0,1,0
192120996,58212119,305070127,304152591,305070095,2,2,0,0,2,1,1,1,0,0,0,0,0,0,0,1,0,0,0,0,0,1,0
192630002,58212119,305070127,304152591,305070095,2,2,0,0,2,1,1,1,0,0,0,0,0,0,0,1,0,0,0,0,0,1,0
193130036,58212119,305070127,304152591,305070095,2,2,0,0,2,1,1,1,0,0,0,0,0,0,0,1,0,0,0,0,0,1,0
193639981,58212119,305070127,304152591,305070095,2,2,0,0,2,1,1,1,0,0,0,0,0,0,0,1,0,0,0,0,0,1,0
194140990,58212119,305070127,304152591,305070095,2,2,0,0,2,1,1,1,0,0,0,0,0,0,0,1,0,0,0,0,0,1,0
194651211,58212119,305070127,304152591,305070095,2,2,0,0,2,1,1,1,0,0,0,0,0,0,0,1,0,0,0,0,0,1,0
195154019,58212119,305070127,304152591,305070095,2,2,0,0,2,1,1,1,0,0,0,0,0,0,0,1,0,0,0,0,0,1,0
195663983,58212119,305070127,304152591,305070095,2,2,0,0,2,1,1,1,0,0,0,0,0,0,0,1,0,0,0,0,0,1,0
196166290,58212119,305070127,304152591,305070095,2,2,0,0,2,1,1,1,0,0,0,0,0,0,0,1,0,0,0,0,0,1,0
196669015,58212119,305070127,304152591,305070095,2,2,0,0,2,1,1,1,0,0,0,0,0,0,0,1,0,0,0,0,0,1,0
197179236,58212119,305070127,304152591,305070095,2,2,0,0,2,1,1,1,0,0,0,0,0,0,0,1,0,0,0,0,0,1,0
197689968,58212119,305070127,304152591,305070095,2,2,0,0,2,1,1,1,0,0,0,0,0,0,0,1,0,0,0,0,0,1,0
198198969,58212119,305070127,304152591,305070095,2,2,0,0,2,1,1,1,0,0,0,0,0,0,0,1,0,0,0,0,0,1,0
198706385,58212119,305070127,304152591,305070095,2,2,0,0,2,1,1,1,0,0,0,0,0,0,0,1,0,0,0,0,0,1,0
199214606,58212119,305070127,304152591,305070095,2,2,0,0,2,1,1,1,0,0,0,0,0,0,0,1,0,0,0,0,0,1,0
199722233,58212119,305070127,304152591,305070095,2,2,0,0,2,1,1,1,0,0,0,0,0,0,0,1,0,0,0,0,0,1,0
200229053,58212119,305070127,304152591,305070095,2,2,0,0,2,1,1,1,0,0,0,0,0,0,0,1,0,0,0,0,0,1,0
200735970,58212119,305070127,304152591,305070095,2,2,0,0,2,1,1,1,0,0,0,0,0,0,0,1,0,0,0,0,0,1,0
201243030,58212119,305070127,304152591,305070095,2,2,0,0,2,1,1,1,0,0,0,0,0,0,0,1,0,0,0,0,0,1,0
201745254,58212119,305070127,304152591,305070095,2,2,0,0,2,1,1,1,0,0,0,0,0,0,0,1,0,0,0,0,0,1,0
202245968,58212119,305070127,304152591,305070095,2,2,0,0,2,1,1,1,0,0,0,0,0,0,0,1,0,0,0,0,0,1,0
202747101,58212119,305070127,304152591,305070095,2,2,0,0,2,1,1,1,0,0,0,0,0,0,0,1,0,0,0,0,0,1,0
203248019,58212119,305070127,304152591,305070095,2,2,0,0,2,1,1,1,0,0,0,0,0,0,0,1,0,0,0,0,0,1,0
203758978,58212119,305070127,304152591,305070095,2,2,0,0,2,1,1,1,0,0,0,0,0,0,0,1,0,0,0,0,0,1,0
204260089,58212119,305070127,304152591,305070095,2,2,0,0,2,1,1,1,0,0,0,0,0,0,0,1,0,0,0,0,0,1,0
204767969,58212119,305070127,304152591,305070095,2,2,0,0,2,1,1,1,0,0,0,0,0,0,0,1,0,0,0,0,0,1,0
205271217,58212119,305070127,304152591,305070095,2,2,0,0,2,1,1,1,0,0,0,0,0,0,0,1,0,0,0,0,0,1,0
205774138,58212119,305070127,304152591,305070095,2,2,0,0,2,1,1,1,0,0,0,0,0,0,0,1,0,0,0,0,0,1,0
206276967,58212119,305070127,304152591,305070095,2,2,0,0,2,1,1,1,0,0,0,0,0,0,0,1,0,0,0,0,0,1,0
206785086,58212119,305070127,304152591,305070095,2,2,0,0,2,1,1,1,0,0,0,0,0,0,0,1,0,0,0,0,0,1,0
207294969,58212119,305070127,304152591,305070095,2,2,0,0,2,1,1,1,0,0,0,0,0,0,0,1,0,0,0,0,0,1,0
207798065,58212119,305070127,304152591,305070095,2,2,0,0,2,1,1,1,0,0,0,0,0,0,0,1,0,0,0,0,0,1,0
208299039,58212119,305070127,304152591,305070095,2,2,0,0,2,1,1,1,0,0,0,0,0,0,0,1,0,0,0,0,0,1,0
208802033,58212119,305070127,304152591,305070095,2,2,0,0,2,1,1,1,0,0,0,0,0,0,0,1,0,0,0,0,0,1,0
209302047,58212119,305070127,304152591,305070095,2,2,0,0,2,1,1,1,0,0,0,0,0,0,0,1,0,0,0,0,0,1,0
209804043,58212119,305070127,304152591,305070095,2,2,0,0,2,1,1,1,0,0,0,0,0,0,0,1,0,0,0,0,0,1,0
210305228,58212119,305070127,304152591,305070095,2,2,0,0,2,1,1,1,0,0,0,0,0,0,0,1,0,0,0,0,0,1,0
210815060,58212119,305070127,304152591,305070095,2,2,0,0,2,1,1,1,0,0,0,0,0,0,0,1,0,0,0,0,0,1,0
211323089,58212119,305070127,304152591,305070095,2,2,0,0,2,1,1,1,0,0,0,0,0,0,0,1,0,0,0,0,0,1,0
211831132,58212119,305070127,304152591,305070095,2,2,0,0,2,1,1,1,0,0,0,0,0,0,0,1,0,0,0,0,0,1,0
212340318,58212119,305070127,304152591,305070095,2,2,0,0,2,1,1,1,0,0,0,0,0,0,0,1,0,0,0,0,0,1,0
212848003,58212119,305070127,304152591,305070095,2,2,0,0,2,1,1,1,0,0,0,0,0,0,0,1,0,0,0,0,0,1,0
213348967,58212119,305070127,304152591,305070095,2,2,0,0,2,1,1,1,0,0,0,0,0,0,0,1,0,0,0,0,0,1,0
213860005,58212119,305070127,304152591,305070095,2,2,0,0,2,1,1,1,0,0,0,0,0,0,0,1,0,0,0,0,0,1,0
214361982,58212119,305070127,304152591,305070095,2,2,0,0,2,1,1,1,0,0,0,0,0,0,0,1,0,0,0,0,0,1,0
214863483,58212119,305070127,304152591,305070095,2,2,0,0,2,1,1,1,0,0,0,0,0,0,0,1,0,0,0,0,0,1,0
215365984,58212119,305070127,304152591,305070095,2,2,0,0,2,1,1,1,0,0,0,0,0,0,0,1,0,0,0,0,0,1,0
215868252,58212119,305070127,304152591,305070095,2,2,0,0,2,1,1,1,0,0,0,0,0,0,0,1,0,0,0,0,0,1,0
216369968,58212119,305070127,304152591,305070095,2,2,0,0,2,1,1,1,0,0,0,0,0,0,0,1,0,0,0,0,0,1,0
216870114,58212119,305070127,304152591,305070095,2,2,0,0,2,1,1,1,0,0,0,0,0,0,0,1,0,0,0,0,0,1,0
217378099,58212119,305070127,304152591,305070095,2,2,0,0,2,1,1,1,0,0,0,0,0,0,0,1,0,0,0,0,0,1,0
217884967,58212119,305070127,304152591,305070095,2,2,0,0,2,1,1,1,0,0,0,0,0,0,0,1,0,0,0,0,0,1,0
218394967,58212119,305070127,304152591,305070095,2,2,0,0,2,1,1,1,0,0,0,0,0,0,0,1,0,0,0,0,0,1,0
218903028,58212119,305070127,304152591,305070095,2,2,0,0,2,1,1,1,0,0,0,0,0,0,0,1,0,0,0,0,0,1,0
219410992,58212119,305070127,304152591,305070095,2,2,0,0,2,1,1,1,0,0,0,0,0,0,0,1,0,0,0,0,0,1,0
219919968,58212119,305070127,304152591,305070095,2,2,0,0,2,1,1,1,0,0,0,0,0,0,0,1,0,0,0,0,0,1,0
220422056,58212119,305070127,304152591,305070095,2,2,0,0,2,1,1,1,0,0,0,0,0,0,0,1,0,0,0,0,0,1,0
220932416,58212119,305070127,304152591,305070095,2,2,0,0,2,1,1,1,0,0,0,0,0,0,0,1,0,0,0,0,0,1,0
221440104,58212119,305070127,304152591,305070095,2,2,0,0,2,1,1,1,0,0,0,0,0,0,0,1,0,0,0,0,0,1,0
221941114,58212119,305070127,304152591,305070095,2,2,0,0,2,1,1,1,0,0,0,0,0,0,0,1,0,0,0,0,0,1,0
222451059,58212119,305070127,304152591,305070095,2,2,0,0,2,1,1,1,0,0,0,0,0,0,0,1,0,0,0,0,0,1,0
222961519,58212119,305070127,304152591,305070095,2,2,0,0,2,1,1,1,0,0,0,0,0,0,0,1,0,0,0,0,0,1,0
223468997,58212119,305070127,304152591,305070095,2,2,0,0,2,1,1,1,0,0,0,0,0,0,0,1,0,0,0,0,0,1,0
223976166,58212119,305070127,304152591,305070095,2,2,0,0,2,1,1,1,0,0,0,0,0,0,0,1,0,0,0,0,0,1,0
224484141,58212119,305070127,304152591,305070095,2,2,0,0,2,1,1,1,0,0,0,0,0,0,0,1,0,0,0,0,0,1,0
224990981,58212119,305070127,304152591,305070095,2,2,0,0,2,1,1,1,0,0,0,0,0,0,0,1,0,0,0,0,0,1,0
225500970,58212119,305070127,304152591,305070095,2,2,0,0,2,1,1,1,0,0,0,0,0,0,0,1,0,0,0,0,0,1,0
226009054,58212119,305070127,304152591,305070095,2,2,0,0,2,1,1,1,0,0,0,0,0,0,0,1,0,0,0,0,0,1,0
226515969,58212119,305070127,304152591,305070095,2,2,0,0,2,1,1,1,0,0,0,0,0,0,0,1,0,0,0,0,0,1,0
227024174,58212119,305070127,304152591,305070095,2,2,0,0,2,1,1,1,0,0,0,0,0,0,0,1,0,0,0,0,0,1,0
227533308,58212119,305070127,304152591,305070095,2,2,0,0,2,1,1,1,0,0,0,0,0,0,0,1,0,0,0,0,0,1,0
228040127,58212119,305070127,304152591,305070095,2,2,0,0,2,1,1,1,0,0,0,0,0,0,0,1,0,0,0,0,0,1,0
228548967,58212119,305070127,304152591,305070095,2,2,0,0,2,1,1,1,0,0,0,0,0,0,0,1,0,0,0,0,0,1,0
229057053,58212119,305070127,304152591,305070095,2,2,0,0,2,1,1,1,0,0,0,0,0,0,0,1,0,0,0,0,0,1,0
229565000,58212119,305070127,304152591,305070095,2,2,0,0,2,1,1,1,0,0,0,0,0,0,0,1,0,0,0,0,0,1,0
230072699,58212119,305070127,304152591,305070095,2,2,0,0,2,1,1,1,0,0,0,0,0,0,0,1,0,0,0,0,0,1,0
230580988,58212119,305070127,304152591,305070095,2,2,0,0,2,1,1,1,0,0,0,0,0,0,0,1,0,0,0,0,0,1,0
231091026,58212119,305070127,304152591,305070095,2,2,0,0,2,1,1,1,0,0,0,0,0,0,0,1,0,0,0,0,0,1,0
231599088,58212119,305070127,304152591,305070095,2,2,0,0,2,1,1,1,0,0,0,0,0,0,0,1,0,0,0,0,0,1,0
232099377,58212119,305070127,304152591,305070095,2,2,0,0,2,1,1,1,0,0,0,0,0,0,0,1,0,0,0,0,0,1,0
232602055,58212119,305070127,304152591,305070095,2,2,0,0,2,1,1,1,0,0,0,0,0,0,0,1,0,0,0,0,0,1,0
233112490,58212119,305070127,304152591,305070095,2,2,0,0,2,1,1,1,0,0,0,0,0,0,0,1,0,0,0,0,0,1,0
233623702,58212119,305070127,304152591,305070095,2,2,0,0,2,1,1,1,0,0,0,0,0,0,0,1,0,0,0,0,0,1,0
234134299,58212119,305070127,304152591,305070095,2,2,0,0,2,1,1,1,0,0,0,0,0,0,0,1,0,0,0,0,0,1,0
234643003,58212119,305070127,304152591,305070095,2,2,0,0,2,1,1,1,0,0,0,0,0,0,0,1,0,0,0,0,0,1,0
235151020,58212119,305070127,304152591,305070095,2,2,0,0,2,1,1,1,0,0,0,0,0,0,0,1,0,0,0,0,0,1,0
235658969,58212119,305070127,304152591,305070095,2,2,0,0,2,1,1,1,0,0,0,0,0,0,0,1,0,0,0,0,0,1,0
236166313,58212119,305070127,304152591,305070095,2,2,0,0,2,1,1,1,0,0,0,0,0,0,0,1,0,0,0,0,0,1,0
236672103,58212119,305070127,304152591,305070095,2,2,0,0,2,1,1,1,0,0,0,0,0,0,0,1,0,0,0,0,0,1,0
237179970,58212119,305070127,304152591,305070095,2,2,0,0,2,1,1,1,0,0,0,0,0,0,0,1,0,0,0,0,0,1,0
237690058,58212119,305070127,304152591,305070095,2,2,0,0,2,1,1,1,0,0,0,0,0,0,0,1,0,0,0,0,0,1,0
238199029,58212119,305070127,304152591,305070095,2,2,0,0,2,1,1,1,0,0,0,0,0,0,0,1,0,0,0,0,0,1,0
238707103,58212119,305070127,304152591,305070095,2,2,0,0,2,1,1,1,0,0,0,0,0,0,0,1,0,0,0,0,0,1,0
239214155,58212119,305070127,304152591,305070095,2,2,0,0,2,1,1,1,0,0,0,0,0,0,0,1,0,0,0,0,0,1,0
239721454,58212119,305070127,304152591,305070095,2,2,0,0,2,1,1,1,0,0,0,0,0,0,0,1,0,0,0,0,0,1,0
240227969,58212119,305070127,304152591,305070095,2,2,0,0,2,1,1,1,0,0,0,0,0,0,0,1,0,0,0,0,0,1,0
243278972,58212119,305070127,304152591,305070095,2,2,0,0,2,1,1,1,0,0,0,0,0,0,0,1,0,0,0,0,0,1,0
243789969,58212119,305070127,304152591,305070095,2,2,0,0,2,1,1,1,0,0,0,0,0,0,0,1,0,0,0,0,0,1,0
249381180,58212119,305070127,304152591,305070095,2,2,0,0,2,1,1,1,0,0,0,0,0,0,0,1,0,0,0,0,0,1,0
249889996,58212119,305070127,304152591,305070095,2,2,0,0,2,1,1,1,0,0,0,0,0,0,0,1,0,0,0,0,0,1,0
250400005,58212119,305070127,304152591,305070095,2,2,0,0,2,1,1,1,0,0,0,0,0,0,0,1,0,0,0,0,0,1,0
250900286,58212119,305070127,304152591,305070095,2,2,0,0,2,1,1,1,0,0,0,0,0,0,0,1,0,0,0,0,0,1,0
251407008,58212119,305070127,304152591,305070095,2,2,0,0,2,1,1,1,0,0,0,0,0,0,0,1,0,0,0,0,0,1,0
251914226,58212119,305070127,304152591,305070095,2,2,0,0,2,1,1,1,0,0,0,0,0,0,0,1,0,0,0,0,0,1,0
252423807,58212119,305070127,304152591,305070095,2,2,0,0,2,1,1,1,0,0,0,0,0,0,0,1,0,0,0,0,0,1,0
252929996,58212119,305070127,304152591,305070095,2,2,0,0,2,1,1,1,0,0,0,0,0,0,0,1,0,0,0,0,0,1,0
253436608,58212119,305070127,304152591,305070095,2,2,0,0,2,1,1,1,0,0,0,0,0,0,0,1,0,0,0,0,0,1,0
253945073,58212119,305070127,304152591,305070095,2,2,0,0,2,1,1,1,0,0,0,0,0,0,0,1,0,0,0,0,0,1,0
254447056,58212119,305070127,304152591,305070095,2,2,0,0,2,1,1,1,0,0,0,0,0,0,0,1,0,0,0,0,0,1,0
254957969,58212119,305070127,304152591,305070095,2,2,0,0,2,1,1,1,0,0,0,0,0,0,0,1,0,0,0,0,0,1,0
255459970,58212119,305070127,304152591,305070095,2,2,0,0,2,1,1,1,0,0,0,0,0,0,0,1,0,0,0,0,0,1,0
255963038,58212119,305070127,304152591,305070095,2,2,0,0,2,1,1,1,0,0,0,0,0,0,0,1,0,0,0,0,0,1,0
256471972,58212119,305070127,304152591,305070095,2,2,0,0,2,1,1,1,0,0,0,0,0,0,0,1,0,0,0,0,0,1,0
256980009,58212119,305070127,304152591,305070095,2,2,0,0,2,1,1,1,0,0,0,0,0,0,0,1,0,0,0,0,0,1,0
257486266,58212119,305070127,304152591,305070095,2,2,0,0,2,1,1,1,0,0,0,0,0,0,0,1,0,0,0,0,0,1,0
257995550,58212119,305070127,304152591,305070095,2,2,0,0,2,1,1,1,0,0,0,0,0,0,0,1,0,0,0,0,0,1,0
258504000,58212119,305070127,304152591,305070095,2,2,0,0,2,1,1,1,0,0,0,0,0,0,0,1,0,0,0,0,0,1,0
259014102,58212119,305070127,304152591,305070095,2,2,0,0,2,1,1,1,0,0,0,0,0,0,0,1,0,0,0,0,0,1,0
259521017,58212119,305070127,304152591,305070095,2,2,0,0,2,1,1,1,0,0,0,0,0,0,0,1,0,0,0,0,0,1,0
260031698,58212119,305070127,304152591,305070095,2,2,0,0,2,1,1,1,0,0,0,0,0,0,0,1,0,0,0,0,0,1,0
260538169,58212119,305070127,304152591,305070095,2,2,0,0,2,1,1,1,0,0,0,0,0,0,0,1,0,0,0,0,0,1,0
261046967,58212119,305070127,304152591,305070095,2,2,0,0,2,1,1,1,0,0,0,0,0,0,0,1,0,0,0,0,0,1,0
261554997,58212119,305070127,304152591,305070095,2,2,0,0,2,1,1,1,0,0,0,0,0,0,0,1,0,0,0,0,0,1,0
262064056,58212119,305070127,304152591,305070095,2,2,0,0,2,1,1,1,0,0,0,0,0,0,0,1,0,0,0,0,0,1,0
262571012,58212119,305070127,304152591,305070095,2,2,0,0,2,1,1,1,0,0,0,0,0,0,0,1,0,0,0,0,0,1,0
263079246,58212119,305070127,304152591,305070095,2,2,0,0,2,1,1,1,0,0,0,0,0,0,0,1,0,0,0,0,0,1,0
263588031,58212119,305070127,304152591,305070095,2,2,0,0,2,1,1,1,0,0,0,0,0,0,0,1,0,0,0,0,0,1,0
264094969,58212119,305070127,304152591,305070095,2,2,0,0,2,1,1,1,0,0,0,0,0,0,0,1,0,0,0,0,0,1,0
264602112,58212119,305070127,304152591,305070095,2,2,0,0,2,1,1,1,0,0,0,0,0,0,0,1,0,0,0,0,0,1,0
265109969,58212119,305070127,304152591,305070095,2,2,0,0,2,1,1,1,0,0,0,0,0,0,0,1,0,0,0,0,0,1,0
265616969,58212119,305070127,304152591,305070095,2,2,0,0,2,1,1,1,0,0,0,0,0,0,0,1,0,0,0,0,0,1,0
266125477,58212119,305070127,304152591,305070095,2,2,0,0,2,1,1,1,0,0,0,0,0,0,0,1,0,0,0,0,0,1,0
266632971,58212119,305070127,304152591,305070095,2,2,0,0,2,1,1,1,0,0,0,0,0,0,0,1,0,0,0,0,0,1,0
267134908,58212119,305070127,304152591,305070095,2,2,0,0,2,1,1,1,0,0,0,0,0,0,0,1,0,0,0,0,0,1,0
267645104,58212119,305070127,304152591,305070095,2,2,0,0,2,1,1,1,0,0,0,0,0,0,0,1,0,0,0,0,0,1,0
268147969,58212119,305070127,304152591,305070095,2,2,0,0,2,1,1,1,0,0,0,0,0,0,0,1,0,0,0,0,0,1,0
268658349,58212119,305070127,304152591,305070095,2,2,0,0,2,1,1,1,0,0,0,0,0,0,0,1,0,0,0,0,0,1,0
269167118,58212119,305070127,304152591,305070095,2,2,0,0,2,1,1,1,0,0,0,0,0,0,0,1,0,0,0,0,0,1,0
269677307,58212119,305070127,304152591,305070095,2,2,0,0,2,1,1,1,0,0,0,0,0,0,0,1,0,0,0,0,0,1,0
270182984,58212119,305070127,304152591,305070095,2,2,0,0,2,1,1,1,0,0,0,0,0,0,0,1,0,0,0,0,0,1,0
270686360,58212119,305070127,304152591,305070095,2,2,0,0,2,1,1,1,0,0,0,0,0,0,0,1,0,0,0,0,0,1,0
271189345,58212119,305070127,304152591,305070095,2,2,0,0,2,1,1,1,0,0,0,0,0,0,0,1,0,0,0,0,0,1,0
271693200,58212119,305070127,304152591,305070095,2,2,0,0,2,1,1,1,0,0,0,0,0,0,0,1,0,0,0,0,0,1,0
272193390,58212119,305070127,304152591,305070095,2,2,0,0,2,1,1,1,0,0,0,0,0,0,0,1,0,0,0,0,0,1,0
272704338,58212119,305070127,304152591,305070095,2,2,0,0,2,1,1,1,0,0,0,0,0,0,0,1,0,0,0,0,0,1,0
273215593,58212119,305070127,304152591,305070095,2,2,0,0,2,1,1,1,0,0,0,0,0,0,0,1,0,0,0,0,0,1,0
273717157,58212119,305070127,304152591,305070095,2,2,0,0,2,1,1,1,0,0,0,0,0,0,0,1,0,0,0,0,0,1,0
274227968,58212119,305070127,304152591,305070095,2,2,0,0,2,1,1,1,0,0,0,0,0,0,0,1,0,0,0,0,0,1,0
274737002,58212119,305070127,304152591,305070095,2,2,0,0,2,1,1,1,0,0,0,0,0,0,0,1,0,0,0,0,0,1,0
275238220,58212119,305070127,304152591,305070095,2,2,0,0,2,1,1,1,0,0,0,0,0,0,0,1,0,0,0,0,0,1,0
275739764,58212119,305070127,304152591,305070095,2,2,0,0,2,1,1,1,0,0,0,0,0,0,0,1,0,0,0,0,0,1,0
276251325,58212119,305070127,304152591,305070095,2,2,0,0,2,1,1,1,0,0,0,0,0,0,0,1,0,0,0,0,0,1,0
276752131,58212119,305070127,304152591,305070095,2,2,0,0,2,1,1,1,0,0,0,0,0,0,0,1,0,0,0,0,0,1,0
277258007,58212119,305070127,304152591,305070095,2,2,0,0,2,1,1,1,0,0,0,0,0,0,0,1,0,0,0,0,0,1,0
277765985,58212119,305070127,304152591,305070095,2,2,0,0,2,1,1,1,0,0,0,0,0,0,0,1,0,0,0,0,0,1,0
278272970,58212119,305070127,304152591,305070095,2,2,0,0,2,1,1,1,0,0,0,0,0,0,0,1,0,0,0,0,0,1,0
278783124,58212119,305070127,304152591,305070095,2,2,0,0,2,1,1,1,0,0,0,0,0,0,0,1,0,0,0,0,0,1,0
279291149,58212119,305070127,304152591,305070095,2,2,0,0,2,1,1,1,0,0,0,0,0,0,0,1,0,0,0,0,0,1,0
279799065,58212119,305070127,304152591,305070095,2,2,0,0,2,1,1,1,0,0,0,0,0,0,0,1,0,0,0,0,0,1,0
280308094,58212119,305070127,304152591,305070095,2,2,0,0,2,1,1,1,0,0,0,0,0,0,0,1,0,0,0,0,0,1,0
280817097,58212119,305070127,304152591,305070095,2,2,0,0,2,1,1,1,0,0,0,0,0,0,0,1,0,0,0,0,0,1,0
281326066,58212119,305070127,304152591,305070095,2,2,0,0,2,1,1,1,0,0,0,0,0,0,0,1,0,0,0,0,0,1,0
281832972,58212119,305070127,304152591,305070095,2,2,0,0,2,1,1,1,0,0,0,0,0,0,0,1,0,0,0,0,0,1,0
282340158,58212119,305070127,304152591,305070095,2,2,0,0,2,1,1,1,0,0,0,0,0,0,0,1,0,0,0,0,0,1,0
282847224,58212119,305070127,304152591,305070095,2,2,0,0,2,1,1,1,0,0,0,0,0,0,0,1,0,0,0,0,0,1,0
283353968,58212119,305070127,304152591,305070095,2,2,0,0,2,1,1,1,0,0,0,0,0,0,0,1,0,0,0,0,0,1,0
283861030,58212119,305070127,304152591,305070095,2,2,0,0,2,1,1,1,0,0,0,0,0,0,0,1,0,0,0,0,0,1,0
284369082,58212119,305070127,304152591,305070095,2,2,0,0,2,1,1,1,0,0,0,0,0,0,0,1,0,0,0,0,0,1,0
284878034,58212119,305070127,304152591,305070095,2,2,0,0,2,1,1,1,0,0,0,0,0,0,0,1,0,0,0,0,0,1,0
285386044,58212119,305070127,304152591,305070095,2,2,0,0,2,1,1,1,0,0,0,0,0,0,0,1,0,0,0,0,0,1,0
285896037,58212119,305070127,304152591,305070095,2,2,0,0,2,1,1,1,0,0,0,0,0,0,0,1,0,0,0,0,0,1,0
286404049,58212119,305070127,304152591,305070095,2,2,0,0,2,1,1,1,0,0,0,0,0,0,0,1,0,0,0,0,0,1,0
286912608,58212119,305070127,304152591,305070095,2,2,0,0,2,1,1,1,0,0,0,0,0,0,0,1,0,0,0,0,0,1,0
287422039,58212119,305070127,304152591,305070095,2,2,0,0,2,1,1,1,0,0,0,0,0,0,0,1,0,0,0,0,0,1,0
287930969,58212119,305070127,304152591,305070095,2,2,0,0,2,1,1,1,0,0,0,0,0,0,0,1,0,0,0,0,0,1,0
288438136,58212119,305070127,304152591,305070095,2,2,0,0,2,1,1,1,0,0,0,0,0,0,0,1,0,0,0,0,0,1,0
288947274,58212119,305070127,304152591,305070095,2,2,0,0,2,1,1,1,0,0,0,0,0,0,0,1,0,0,0,0,0,1,0
289455171,58212119,305070127,304152591,305070095,2,2,0,0,2,1,1,1,0,0,0,0,0,0,0,1,0,0,0,0,0,1,0
289964097,58212119,305070127,304152591,305070095,2,2,0,0,2,1,1,1,0,0,0,0,0,0,0,1,0,0,0,0,0,1,0
290472824,58212119,305070127,304152591,305070095,2,2,0,0,2,1,1,1,0,0,0,0,0,0,0,1,0,0,0,0,0,1,0
290978995,58212119,305070127,304152591,305070095,2,2,0,0,2,1,1,1,0,0,0,0,0,0,0,1,0,0,0,0,0,1,0
291488079,58212119,305070127,304152591,305070095,2,2,0,0,2,1,1,1,0,0,0,0,0,0,0,1,0,0,0,0,0,1,0
291996520,58212119,305070127,304152591,305070095,2,2,0,0,2,1,1,1,0,0,0,0,0,0,0,1,0,0,0,0,0,1,0
292507048,58212119,305070127,304152591,305070095,2,2,0,0,2,1,1,1,0,0,0,0,0,0,0,1,0,0,0,0,0,1,0
293013093,58212119,305070127,304152591,305070095,2,2,0,0,2,1,1,1,0,0,0,0,0,0,0,1,0,0,0,0,0,1,0
293521414,58212119,305070127,304152591,305070095,2,2,0,0,2,1,1,1,0,0,0,0,0,0,0,1,0,0,0,0,0,1,0
294030967,58212119,305070127,304152591,305070095,2,2,0,0,2,1,1,1,0,0,0,0,0,0,0,1,0,0,0,0,0,1,0
294540518,58212119,305070127,304152591,305070095,2,2,0,0,2,1,1,1,0,0,0,0,0,0,0,1,0,0,0,0,0,1,0
294551466,58212119,305070127,304152591,305070095,2,2,0,0,2,1,1,1,0,0,0,0,0,0,0,1,0,0,0,0,0,1,0
295059106,58212119,305070127,304152591,305070095,2,2,0,0,2,1,1,1,0,0,0,0,0,0,0,1,0,0,0,0,0,1,0
295567004,58212119,305070127,304152591,305070095,2,2,0,0,2,1,1,1,0,0,0,0,0,0,0,1,0,0,0,0,0,1,0
296075003,58212119,305070127,304152591,305070095,2,2,0,0,2,1,1,1,0,0,0,0,0,0,0,1,0,0,0,0,0,1,0
296585031,58212119,305070127,304152591,305070095,2,2,0,0,2,1,1,1,0,0,0,0,0,0,0,1,0,0,0,0,0,1,0
297093033,58212119,305070127,304152591,305070095,2,2,0,0,2,1,1,1,0,0,0,0,0,0,0,1,0,0,0,0,0,1,0
297600981,58212119,305070127,304152591,305070095,2,2,0,0,2,1,1,1,0,0,0,0,0,0,0,1,0,0,0,0,0,1,0
298110493,58212119,305070127,304152591,305070095,2,2,0,0,2,1,1,1,0,0,0,0,0,0,0,1,0,0,0,0,0,1,0
298618266,58212119,305070127,304152591,305070095,2,2,0,0,2,1,1,1,0,0,0,0,0,0,0,1,0,0,0,0,0,1,0
299126022,58212119,305070127,304152591,305070095,2,2,0,0,2,1,1,1,0,0,0,0,0,0,0,1,0,0,0,0,0,1,0
299570842,58212119,305070127,304152591,305070095,2,1,0,0,2,1,1,1,0,0,0,0,0,0,0,1,0,0,0,0,0,1,9
300073247,58212119,305070127,304152623,36634671,2,1,0,0,2,1,1,1,0,0,0,0,0,0,0,1,0,0,0,0,0,1,9
