timestamp,magnetometer_ga[0],magnetometer_ga[1],magnetometer_ga[2]
18513819,0.028810484,0.29679912,0.42511234
18525005,0.025808731,0.3025118,0.44774827
18714810,0.019805219,0.29965547,0.4542157
18915850,0.037815742,0.29965547,0.44774827
19117200,0.031812236,0.29108644,0.42187864
19318259,0.02280697,0.29965547,0.4542157
19508149,0.02280697,0.29679912,0.4412809
19720303,0.019805219,0.29679912,0.45098197
19910455,0.03481399,0.29679912,0.4412809
20112622,0.037815742,0.29679912,0.44451457
20313957,0.028810484,0.29108644,0.43481347
20515037,0.028810484,0.30536813,0.46715054
20716089,0.031812236,0.29679912,0.43804717
20917261,0.019805219,0.29679912,0.44451457
21107201,0.031812236,0.2939428,0.42511234
21319441,0.016803466,0.2939428,0.4154112
21509290,0.016803466,0.29679912,0.40894383
21721578,0.016803466,0.29108644,0.41217753
21911567,0.016803466,0.2939428,0.41217753
22112718,0.016803466,0.2939428,0.40894383
22314112,0.016803466,0.29108644,0.41217753
22515105,0.016803466,0.29108644,0.41217753
22716020,0.016803466,0.29108644,0.4154112
22917940,0.016803466,0.29108644,0.42187864
23119337,0.013801713,0.2796611,0.4186449
23320689,0.016803466,0.25395408,0.43481347
23521733,0.025808731,0.25395408,0.43481347
23711652,0.03481399,0.28537378,0.4154112
23912672,0.028810484,0.29108644,0.41217753
24113999,0.028810484,0.2939428,0.4186449
24314948,0.028810484,0.29108644,0.41217753
24516273,0.031812236,0.29679912,0.41217753
24717244,0.031812236,0.2939428,0.41217753
24918481,0.02280697,0.29108644,0.41217753
25119505,0.02280697,0.29108644,0.41217753
25309526,0.02280697,0.29108644,0.41217753
25521941,0.02280697,0.29108644,0.41217753
25712454,0.028810484,0.28823012,0.41217753
25913578,0.028810484,0.29108644,0.40894383
26115082,0.025808731,0.28823012,0.4154112
26316235,0.025808731,0.29108644,0.40894383
26517259,0.03481399,0.29679912,0.41217753
26718302,0.052824512,0.2939428,0.40894383
26919489,0.058828026,0.27680477,0.42187864
27120536,0.07683855,0.26537943,0.42834604
27310725,0.079840295,0.25966674,0.42187864
27511819,0.03481399,0.29965547,0.41217753
27712922,0.028810484,0.31679347,0.39277527
27914128,0.02280697,0.31679347,0.4024764
28115211,0.02280697,0.31964982,0.39277527
28316276,0.02280697,0.30822447,0.3992427
28517465,0.016803466,0.27394846,0.42511234
28719533,0.016803466,0.25966674,0.43481347
28909686,0.016803466,0.25681043,0.4412809
29121796,0.013801713,0.25395408,0.43157977
29312021,0.016803466,0.26252308,0.4703842
29513082,0.019805219,0.26537943,0.47361794
29714128,0.013801713,0.26823577,0.43481347
29915279,0.019805219,0.31679347,0.42834604
30116204,0.03481399,0.37106386,0.3863079
30317328,0.016803466,0.37106386,0.35073712
30518574,0.013801713,0.3510695,0.36690563
30719571,0.016803466,0.31964982,0.3992427
30920713,0.0017946941,0.27680477,0.41217753
31122061,0.0047964468,0.25681043,0.43481347
31322977,0.0017946941,0.25395408,0.4412809
31513747,0.0047964468,0.25395408,0.43804717
31715195,0.0077981995,0.25395408,0.44451457
31916548,0.01079996,0.28823012,0.4154112
32117581,0.01079996,0.32250616,0.39600897
32318613,0.013801713,0.3339315,0.3863079
32519783,0.013801713,0.34821317,0.37660676
32720840,-0.013214077,0.33678782,0.3863079
32921934,-0.010212321,0.3425005,0.37337306
33111934,-0.0042088116,0.34821317,0.37013933
33313201,-0.007210568,0.30822447,0.4057101
33514292,-0.037228107,0.26823577,0.42187864
33715288,-0.02822285,0.25681043,0.43157977
33916290,-0.019217582,0.25681043,0.43157977
34117591,-0.010212321,0.26252308,0.43481347
34319586,-0.010212321,0.28251746,0.4186449
34520838,-0.0012070587,0.29679912,0.4057101
34711085,-0.0042088116,0.2939428,0.41217753
34912205,-0.034226354,0.3025118,0.4024764
35113227,-0.02221934,0.28251746,0.4186449
35314242,0.01079996,0.26823577,0.42511234
35515290,0.016803466,0.29108644,0.41217753
35716635,0.02280697,0.33107516,0.3863079
35917687,0.019805219,0.33107516,0.38954157
36118587,0.019805219,0.2796611,0.42187864
36308684,0.019805219,0.25395408,0.43804717
36521108,0.016803466,0.25109774,0.4412809
36710933,0.019805219,0.25109774,0.4412809
36923244,0.019805219,0.25966674,0.43481347
37113314,0.019805219,0.28251746,0.42187864
37315635,0.0017946941,0.2710921,0.42511234
37516860,0.0077981995,0.35392585,0.36690563
37717815,0.01079996,0.3882019,0.32810116
37907795,0.019805219,0.39391455,0.32163376
38120080,0.019805219,0.39391455,0.32163376
38309889,0.019805219,0.3882019,0.32486746
38522137,0.016803466,0.32536247,0.39277527
38712169,0.01079996,0.26252308,0.43157977
38913330,0.01079996,0.24824141,0.44451457
39114363,0.01079996,0.24824141,0.43804717
39315562,0.013801713,0.24824141,0.44774827
39516688,0.01079996,0.25109774,0.43804717
39717844,0.0077981995,0.25681043,0.43804717
39918800,0.0047964468,0.25109774,0.44774827
40121087,0.0017946941,0.25395408,0.43157977
40311246,0.0017946941,0.2710921,0.42187864
40512327,0.0017946941,0.31964982,0.39600897
40713301,0.0017946941,0.32821882,0.38307416
40914571,-0.0012070587,0.32821882,0.39277527
41115722,-0.0012070587,0.3339315,0.37660676
41316831,-0.0012070587,0.33107516,0.38954157
41517728,-0.0012070587,0.30822447,0.4057101
41718912,0.02280697,0.28251746,0.44451457
41908959,0.01079996,0.2710921,0.44774827
42110084,0.01079996,0.27394846,0.45098197
42311462,-0.0042088116,0.2796611,0.42187864
42512284,0.0017946941,0.29679912,0.41217753
42713470,0.0077981995,0.3025118,0.41217753
42915550,0.0047964468,0.30536813,0.4057101
43116705,0.0077981995,0.30536813,0.40894383
43317834,0.013801713,0.3025118,0.40894383
43507975,0.02280697,0.34821317,0.37337306
43720276,0.02280697,0.39677086,0.30546522
43921178,0.02280697,0.37677652,0.3442697
44111233,0.019805219,0.32821882,0.38954157
44312450,0.0077981995,0.26537943,0.42834604
44513472,0.0017946941,0.19397104,0.4574494
44714667,-0.0012070587,0.18540202,0.46715054
44915709,-0.0012070587,0.25395408,0.43804717
45116846,0.0017946941,0.29965547,0.40894383
45317999,0.0047964468,0.30822447,0.3992427
45519093,0.0017946941,0.30822447,0.3992427
45709830,0.0047964468,0.30536813,0.4024764
45922374,0.0047964468,0.30536813,0.4024764
46112411,0.0077981995,0.29965547,0.4057101
46313504,0.0077981995,0.3025118,0.41217753
46514591,0.01079996,0.3025118,0.4024764
46715961,0.01079996,0.29965547,0.4057101
46916967,0.013801713,0.29965547,0.40894383
47117887,0.0077981995,0.29679912,0.41217753
47319241,0.0047964468,0.2939428,0.41217753
47520347,0.0017946941,0.29679912,0.4057101
47710155,0.0017946941,0.2939428,0.41217753
47922548,0.0047964468,0.29679912,0.41217753
48112529,0.0047964468,0.29679912,0.4154112
48313699,0.0047964468,0.2939428,0.41217753
48514931,0.0017946941,0.2939428,0.41217753
48717185,0.0017946941,0.29679912,0.41217753
48918166,0.0017946941,0.29965547,0.41217753
49119344,-0.0012070587,0.29679912,0.41217753
49320595,-0.0012070587,0.29679912,0.40894383
49521535,-0.0012070587,0.29679912,0.4057101
49711615,-0.0042088116,0.29679912,0.41217753
49912625,-0.0042088116,0.2939428,0.4154112
50113619,-0.0042088116,0.29679912,0.40894383
50314956,-0.007210568,0.29965547,0.4057101
50516090,0.0017946941,0.3025118,0.41217753
50717097,0.0017946941,0.30536813,0.41217753
50918066,0.0017946941,0.30536813,0.40894383
51119291,0.0077981995,0.29965547,0.41217753
51309284,0.06483154,0.2939428,0.4186449
51511314,0.06783328,0.29679912,0.40894383
51712517,0.052824512,0.29965547,0.40894383
51913844,0.028810484,0.29965547,0.41217753
52115008,0.043819256,0.30536813,0.4057101
52316249,0.01079996,0.3025118,0.42187864
52517254,0.025808731,0.3025118,0.41217753
52718430,0.019805219,0.29965547,0.4154112
52919459,-0.019217582,0.30536813,0.40894383
53109331,0.019805219,0.29965547,0.41217753
53310637,0.049822763,0.29679912,0.41217753
53522795,0.019805219,0.3025118,0.40894383
53712804,-0.02822285,0.30536813,0.40894383
53913767,-0.0042088116,0.29965547,0.41217753
54114946,0.04682101,0.29965547,0.4154112
54316818,0.037815742,0.29965547,0.4154112
54518043,0.06483154,0.29679912,0.41217753
54719142,0.08284206,0.29679912,0.41217753
54920489,0.06182978,0.29679912,0.41217753
55121908,0.019805219,0.29965547,0.4154112
55311797,0.0047964468,0.29965547,0.4057101
55512826,0.025808731,0.29965547,0.40894383
55714052,0.013801713,0.3025118,0.4186449
55915272,-0.013214077,0.3025118,0.41217753
56116217,0.01079996,0.3025118,0.41217753
56317119,0.04682101,0.3025118,0.4154112
56518344,0.028810484,0.29965547,0.4057101
56719667,0.055826273,0.29965547,0.4154112
56920708,0.06182978,0.29965547,0.41217753
57110553,0.028810484,0.3025118,0.4186449
57312460,0.0047964468,0.30536813,0.40894383
57513901,0.055826273,0.3025118,0.40894383
57715200,0.03481399,0.3025118,0.4154112
57916124,0.040817503,0.30536813,0.4154112
58117425,-0.013214077,0.30822447,0.41217753
58318645,-0.0042088116,0.30822447,0.41217753
58519688,0.019805219,0.30822447,0.40894383
58709618,0.0017946941,0.30536813,0.41217753
58910602,0.031812236,0.3025118,0.41217753
59111662,0.08284206,0.3025118,0.4154112
59312967,0.03481399,0.30536813,0.41217753
59513920,0.043819256,0.3025118,0.4024764
59715113,0.06182978,0.30536813,0.4154112
59916332,0.013801713,0.30822447,0.4154112
60118255,-0.0042088116,0.3110808,0.41217753
60308435,0.013801713,0.30536813,0.4154112
60520835,-0.007210568,0.3110808,0.4057101
60710843,-0.0042088116,0.30822447,0.40894383
60911909,-0.0042088116,0.30822447,0.41217753
61112945,-0.007210568,0.3110808,0.40894383
61314235,0.043819256,0.30536813,0.40894383
61515095,0.094849065,0.3025118,0.41217753
61716342,0.103854336,0.29679912,0.41217753
61917544,0.08284206,0.29965547,0.4154112
62118672,0.016803466,0.30822447,0.40894383
62308627,-0.0042088116,0.3110808,0.4154112
62520851,0.04682101,0.30536813,0.41217753
62721823,0.08584382,0.29679912,0.41217753
62912991,0.04682101,0.29965547,0.4154112
63114124,0.055826273,0.29965547,0.4154112
63315266,0.06783328,0.29965547,0.4186449
63516391,0.049822763,0.3025118,0.4154112
63717607,0.07083505,0.2939428,0.4154112
63918773,0.025808731,0.29965547,0.4154112
64119729,0.04682101,0.29679912,0.41217753
64320878,0.07383679,0.29679912,0.41217753
64510768,0.07083505,0.29679912,0.4154112
64712047,0.028810484,0.3025118,0.4186449
64913077,0.028810484,0.29965547,0.4154112
65114406,0.019805219,0.29965547,0.42187864
65315464,-0.007210568,0.30536813,0.41217753
65516569,0.043819256,0.29965547,0.41217753
65717534,0.07383679,0.29965547,0.41217753
65919829,0.09184732,0.2939428,0.4154112
66121105,0.1128596,0.2939428,0.40894383
66311049,0.07383679,0.29679912,0.4186449
66511982,0.0047964468,0.30536813,0.4186449
66713173,0.01079996,0.3025118,0.42187864
66914464,0.016803466,0.3025118,0.4057101
67115400,0.06483154,0.29679912,0.41217753
67316476,0.06182978,0.29965547,0.4186449
67517719,0.031812236,0.30536813,0.4057101
67718940,0.06783328,0.29679912,0.4154112
67919953,0.07083505,0.29965547,0.40894383
68109894,0.04682101,0.29679912,0.4186449
68310924,0.025808731,0.29679912,0.4154112
68512184,0.037815742,0.29965547,0.41217753
68714145,0.08284206,0.29679912,0.4186449
68915438,0.12186486,0.29108644,0.41217753
69116637,0.08284206,0.29679912,0.42187864
69317957,0.01079996,0.3025118,0.4154112
69518891,0.0047964468,0.30536813,0.41217753
69709084,0.049822763,0.3025118,0.40894383
69921139,0.08284206,0.29679912,0.4186449
70111201,0.07683855,0.29965547,0.41217753
70323374,0.03481399,0.30536813,0.4186449
70513365,0.07083505,0.29965547,0.41217753
70714383,0.08584382,0.29679912,0.4186449
70915658,0.04682101,0.29965547,0.4154112
71116873,0.07383679,0.3025118,0.4186449
71317982,0.055826273,0.29965547,0.4154112
71519758,0.06783328,0.3025118,0.41217753
71721181,0.037815742,0.29965547,0.4154112
71922309,-0.02822285,0.30536813,0.4154112
72112419,-0.025221093,0.30536813,0.41217753
72313607,0.019805219,0.29679912,0.4186449
72514641,0.07683855,0.29679912,0.41217753
72715658,0.07383679,0.29965547,0.4154112
72917025,0.0047964468,0.30536813,0.41217753
73118135,-0.0012070587,0.30536813,0.41217753
73319110,0.06483154,0.29965547,0.4186449
73520127,0.12486661,0.29108644,0.4186449
73721238,0.13387188,0.29108644,0.40894383
73911245,0.08584382,0.2939428,0.4154112
74112432,0.02280697,0.29965547,0.4154112
74313359,0.06483154,0.29679912,0.4186449
74515683,0.118863106,0.29108644,0.4154112
74717138,0.12486661,0.28823012,0.4154112
74918133,0.07083505,0.29679912,0.42834604
75119081,-0.0012070587,0.3025118,0.41217753
75309122,-0.037228107,0.3025118,0.40894383
75510383,0.01079996,0.29965547,0.4154112
75711381,0.079840295,0.2939428,0.42187864
75912553,0.10685609,0.2939428,0.4154112
76124661,0.079840295,0.29679912,0.41217753
76314648,0.052824512,0.29965547,0.42187864
76515785,0.094849065,0.29679912,0.41217753
76716859,0.06483154,0.29965547,0.4186449
76918382,0.02280697,0.3025118,0.4154112
77108086,0.037815742,0.29965547,0.42187864
77321358,0.058828026,0.29679912,0.42187864
77511346,0.10985784,0.2939428,0.4154112
77723788,0.079840295,0.2939428,0.42187864
77913809,0.04682101,0.3025118,0.4186449
78114857,0.037815742,0.29965547,0.42187864
78316125,0.06783328,0.29679912,0.4186449
78517018,0.08584382,0.29679912,0.42187864
78718293,0.09184732,0.2939428,0.4186449
78919297,0.03481399,0.3025118,0.41217753
79120454,0.052824512,0.3025118,0.41217753
79321576,0.079840295,0.29679912,0.4186449
79511581,0.025808731,0.3025118,0.42187864
79712579,-0.037228107,0.30822447,0.41217753
79913851,-0.025221093,0.29965547,0.41217753
80115613,0.043819256,0.29965547,0.42187864
80317084,0.088845566,0.29965547,0.41217753
80518235,0.07683855,0.29965547,0.4154112
80719424,0.08284206,0.2939428,0.42187864
80920401,0.10085259,0.29108644,0.4154112
81110537,0.10685609,0.2939428,0.42187864
81311548,0.06783328,0.29679912,0.4154112
81512857,0.02280697,0.3025118,0.4186449
81713844,0.055826273,0.29965547,0.42187864
81915099,0.079840295,0.29679912,0.4186449
82115978,0.052824512,0.29965547,0.42187864
82317243,0.058828026,0.3025118,0.41217753
82518380,0.07383679,0.29679912,0.4186449
82719484,0.058828026,0.29965547,0.42187864
82921327,0.079840295,0.29679912,0.41217753
83111623,0.094849065,0.29679912,0.41217753
83312966,0.03481399,0.3025118,0.42187864
83514034,-0.0012070587,0.30536813,0.4186449
83714942,0.058828026,0.29965547,0.4186449
83916178,0.07383679,0.29965547,0.42187864
84117236,0.08584382,0.29679912,0.4154112
84318333,0.04682101,0.29965547,0.42187864
84519576,0.040817503,0.29965547,0.4154112
84720520,0.055826273,0.29679912,0.4186449
84910693,0.013801713,0.29965547,0.42187864
85111729,0.07083505,0.2939428,0.42511234
85312922,0.079840295,0.2939428,0.42187864
85513782,0.07383679,0.29679912,0.4154112
85715170,0.06783328,0.2939428,0.4186449
85917445,0.06783328,0.2939428,0.42187864
86118638,0.052824512,0.29679912,0.41217753
86319638,0.094849065,0.2939428,0.4186449
86520878,0.07383679,0.29679912,0.4186449
86721894,0.10085259,0.28823012,0.42511234
86911738,0.079840295,0.2939428,0.4186449
87112996,0.0047964468,0.29965547,0.42187864
87314131,0.016803466,0.29965547,0.4186449
87515165,0.0047964468,0.3025118,0.40894383
87716199,0.04682101,0.29965547,0.41217753
87917471,0.079840295,0.30822447,0.4154112
88118647,0.03481399,0.29965547,0.4186449
88319682,0.052824512,0.29679912,0.42187864
88520661,0.09785083,0.2939428,0.41217753
88722632,0.103854336,0.29108644,0.42511234
88912683,0.08584382,0.29965547,0.41217753
89113806,0.08584382,0.29965547,0.40894383
89315208,0.08584382,0.29965547,0.41217753
89516363,0.088845566,0.29679912,0.4154112
89717661,0.025808731,0.3025118,0.42187864
89918722,-0.0042088116,0.30536813,0.4154112
90119910,0.019805219,0.3025118,0.4186449
90321085,0.028810484,0.30536813,0.4154112
90510912,0.08584382,0.2939428,0.4154112
90712096,0.07383679,0.29965547,0.4154112
90913105,0.08584382,0.29679912,0.4154112
91114315,0.06783328,0.29965547,0.4186449
91315397,0.088845566,0.29679912,0.4154112
91517238,0.07083505,0.29679912,0.4154112
91718676,0.079840295,0.29965547,0.41217753
91919770,0.06783328,0.3025118,0.4154112
92109888,0.09785083,0.29965547,0.4154112
92311048,0.13087013,0.29965547,0.40894383
92512017,0.09184732,0.30536813,0.40894383
92713254,0.02280697,0.30822447,0.41217753
92914331,0.019805219,0.3025118,0.40894383
93115505,0.079840295,0.29965547,0.4186449
93316576,0.079840295,0.29679912,0.41217753
93517847,0.028810484,0.30536813,0.4154112
93718848,0.049822763,0.29965547,0.42187864
93908725,0.028810484,0.3025118,0.4154112
94120996,0.08284206,0.2939428,0.4186449
94322243,0.07683855,0.2939428,0.4154112
94513269,0.028810484,0.30822447,0.41217753
94714371,0.07683855,0.29965547,0.4154112
94915567,0.118863106,0.29965547,0.4024764
95116561,0.13987538,0.29965547,0.41217753
95317758,0.13987538,0.2939428,0.40894383
95518749,0.08584382,0.29965547,0.41217753
95719901,0.0077981995,0.30822447,0.42187864
95921232,0.052824512,0.3025118,0.41217753
96122202,0.12486661,0.2939428,0.40894383
96312345,0.13387188,0.2939428,0.4154112
96513215,0.07083505,0.29965547,0.41217753
96714506,-0.010212321,0.30536813,0.41217753
96915501,0.028810484,0.29679912,0.42187864
97116557,0.040817503,0.29679912,0.42187864
97318911,0.094849065,0.2939428,0.41217753
97520231,0.10985784,0.28823012,0.4186449
97721236,0.049822763,0.29679912,0.42187864
97911342,0.049822763,0.29679912,0.42187864
98112456,0.06783328,0.2939428,0.4186449
98313535,0.0047964468,0.2939428,0.42511234
98514512,-0.070247404,0.3025118,0.4024764
98715698,-0.124278985,0.3110808,0.37660676
98916919,-0.09125969,0.3110808,0.4024764
99117945,-0.02221934,0.3025118,0.4186449
99319024,0.058828026,0.29679912,0.4186449
99509059,0.10685609,0.2939428,0.4186449
99721373,0.12786837,0.2939428,0.41217753
99911146,0.08584382,0.29679912,0.4154112
100113104,0.09785083,0.29679912,0.4154112
100314612,0.09184732,0.29965547,0.4186449
100515891,0.10085259,0.3025118,0.41217753
100716993,0.1128596,0.29679912,0.41217753
100917889,0.06783328,0.30536813,0.4186449
101119165,0.049822763,0.30822447,0.4154112
101320383,0.052824512,0.3025118,0.4186449
101510186,0.103854336,0.29965547,0.41217753
101722642,0.1458789,0.2939428,0.41217753
101912687,0.103854336,0.2939428,0.4186449
102113624,0.10685609,0.2939428,0.41217753
102314676,0.08584382,0.2939428,0.42511234
102515837,0.13087013,0.29108644,0.41217753
102716827,0.1458789,0.28823012,0.4057101
102918197,0.13387188,0.28823012,0.40894383
103108875,0.16689117,0.28823012,0.4024764
103321439,0.13687363,0.28823012,0.41217753
103511452,0.079840295,0.29679912,0.41217753
103712686,0.0047964468,0.30536813,0.42187864
103913619,-0.049235124,0.30822447,0.40894383
104114812,-0.007210568,0.3025118,0.41217753
104316130,0.019805219,0.2939428,0.4154112
104517132,0.08284206,0.29108644,0.4186449
104718338,0.118863106,0.29108644,0.4186449
104919287,0.094849065,0.28537378,0.4186449
105109400,0.088845566,0.26823577,0.43481347
105321596,0.07083505,0.29108644,0.42511234
105522517,0.025808731,0.2939428,0.4186449
105712702,-0.010212321,0.2796611,0.43157977
105914791,-0.007210568,0.25395408,0.44774827
106116080,0.025808731,0.23110339,0.46391684
106317238,0.052824512,0.27394846,0.43804717
106518310,-0.010212321,0.30536813,0.41217753
106719528,-0.025221093,0.31393716,0.41217753
106920418,0.019805219,0.32821882,0.4057101
107121527,0.016803466,0.3425005,0.38954157
107311658,-0.01621583,0.35963854,0.37984046
107512768,-0.0012070587,0.32536247,0.4024764
107713833,0.058828026,0.29965547,0.42834604
107914918,0.12786837,0.27680477,0.42187864
108115918,0.17889819,0.25109774,0.43481347
108317283,0.19690871,0.23967241,0.43481347
108518265,0.21191747,0.23395975,0.42834604
108720237,0.21491925,0.21967804,0.4412809
108910550,0.22092274,0.21110904,0.43481347
109111764,0.2509403,0.17968935,0.43481347
109312955,0.27795607,0.1368443,0.44774827
109525114,0.28696135,0.113993615,0.43804717
109715095,0.28395957,0.122562625,0.44451457
109916150,0.23292975,0.17968935,0.43481347
110117305,0.14888065,0.25109774,0.4412809
110318420,0.02280697,0.2939428,0.42834604
110508499,-0.073249154,0.29108644,0.4154112
110720820,-0.124278985,0.2796611,0.4024764
110910667,-0.14829302,0.2710921,0.3992427
111122862,-0.1693053,0.26823577,0.3992427
111313048,-0.16330178,0.27680477,0.38954157
111514036,-0.109270215,0.29108644,0.3992427
111715825,-0.09426144,0.2796611,0.4186449
111917308,-0.15129475,0.2710921,0.3992427
112118494,-0.22633862,0.2710921,0.36367193
112319691,-0.23834564,0.27680477,0.3442697
112520640,-0.17530881,0.27394846,0.3863079
112722027,-0.12728074,0.28251746,0.4024764
112911719,-0.097263195,0.29108644,0.4057101
113113132,-0.0642439,0.28537378,0.41217753
113314033,-0.0012070587,0.28537378,0.42511234
113515291,-0.01621583,0.30822447,0.41217753
113716368,-0.07925267,0.31393716,0.3992427
113917502,-0.1422895,0.29679912,0.38307416
114118652,-0.1422895,0.29965547,0.37660676
114319593,-0.09125969,0.29965547,0.3992427
114510750,-0.112271965,0.2939428,0.39600897
114712002,-0.22033511,0.23395975,0.38954157
114913181,-0.2803702,0.18825836,0.37013933
115114210,-0.2923772,0.159695,0.36043823
115315501,-0.24134739,0.12827529,0.41217753
115516462,-0.23234212,0.111137286,0.4186449
115717579,-0.30138248,0.10828095,0.37337306
115918784,-0.35541406,0.12541896,0.30869895
116108690,-0.35541406,0.13398796,0.30869895
116309761,-0.30738598,0.13398796,0.36367193
116510916,-0.28337196,0.16540767,0.35397083
116712009,-0.23234212,0.22253439,0.37013933
116913126,-0.15729828,0.27680477,0.39277527
117114162,-0.10626846,0.2939428,0.39600897
117316397,-0.085256174,0.29965547,0.3992427
117517799,-0.025221093,0.28251746,0.42187864
117707653,0.040817503,0.28823012,0.42834604
117919985,0.01079996,0.28823012,0.42187864
118121021,-0.055238634,0.30536813,0.40894383
118311081,-0.12728074,0.3110808,0.37660676
118512124,-0.17530881,0.3025118,0.35720453
118713107,-0.10626846,0.31679347,0.38307416
118914280,0.031812236,0.3025118,0.4154112
119115496,0.115861356,0.28823012,0.4186449
119316405,0.16989292,0.25966674,0.42187864
119517574,0.19690871,0.23110339,0.43481347
119718669,0.2629473,0.21110904,0.40894383
119919959,0.30797362,0.1911147,0.38954157
120121881,0.28696135,0.1996837,0.39277527
120311781,0.21491925,0.20825271,0.4412809
120513216,0.13087013,0.22539072,0.4542157
120714548,0.13087013,0.21396539,0.46391684
120915474,0.20891573,0.21396539,0.43157977
121116583,0.24193501,0.20825271,0.42187864
121317915,0.27195257,0.159695,0.43157977
121518934,0.31397712,0.08257392,0.43481347
121720097,0.3349894,0.016878193,0.4186449
121909912,0.3740122,-0.023110513,0.3863079
122122319,0.41003326,-0.05167387,0.3442697
122312304,0.37101045,-0.04310487,0.3863079
122513333,0.31697887,-0.0459612,0.44774827
122714474,0.23893327,-0.08023723,0.48008534
122915536,0.1909052,-0.13736396,0.48008534
123117836,0.20891573,-0.22019769,0.44451457
123319070,0.1849017,-0.28874978,0.4057101
123520242,0.14287715,-0.3058878,0.39277527
123721311,0.10985784,-0.30303144,0.40894383
123911332,0.07383679,-0.3058878,0.41217753
124112678,-0.013214077,-0.31731313,0.39277527
124313434,-0.073249154,-0.30303144,0.3863079
124514562,-0.1032667,-0.2858934,0.38307416
124715567,-0.10626846,-0.32016948,0.36043823
124916790,-0.085256174,-0.3458765,0.3442697
125117987,-0.136286,-0.3315948,0.341036
125319023,-0.18731582,-0.26304275,0.36367193
125509129,-0.15729828,-0.24876104,0.38954157
125710130,-0.18131231,-0.28018075,0.35397083
125912025,-0.22333686,-0.26589906,0.341036
126113490,-0.20232458,-0.27732444,0.35397083
126314729,-0.18431407,-0.27161175,0.36043823
126515817,-0.20232458,-0.25447372,0.36367193
126717179,-0.21433161,-0.24019207,0.36367193
126918298,-0.21733336,-0.23162305,0.36690563
127108098,-0.16030002,-0.23733573,0.38954157
127309233,-0.12728074,-0.2601864,0.39600897
127521376,-0.18131231,-0.23733573,0.38307416
127722399,-0.26536143,-0.23162305,0.32810116
127912569,-0.319393,-0.20305969,0.29899782
128113720,-0.30138248,-0.21734138,0.30869895
128314838,-0.21733336,-0.23447938,0.36690563
128515854,-0.136286,-0.2858934,0.37013933
128718028,-0.100264944,-0.31731313,0.37013933
128919220,-0.082254425,-0.32588214,0.37337306
129109268,-0.040229864,-0.32016948,0.3863079
129321425,0.031812236,-0.32016948,0.3992427
129511547,0.08284206,-0.3315948,0.37984046
129712461,0.06783328,-0.33730748,0.37660676
129913808,0.0047964468,-0.3315948,0.37660676
130114976,-0.06724565,-0.3230258,0.37660676
130316001,-0.124278985,-0.3144568,0.35397083
130517080,-0.115273714,-0.31731313,0.35720453
130718240,-0.073249154,-0.3230258,0.37660676
130919379,-0.058240388,-0.32588214,0.37660676
131120509,-0.019217582,-0.32873848,0.38954157
131310444,-0.052236877,-0.32016948,0.38307416
131511468,-0.052236877,-0.32016948,0.37660676
131713731,-0.07925267,-0.31731313,0.37337306
131915001,-0.052236877,-0.3230258,0.37660676
132116128,-0.01621583,-0.32588214,0.3863079
132317245,-0.034226354,-0.32588214,0.37984046
132518475,-0.100264944,-0.31731313,0.35720453
132719496,-0.16030002,-0.31160045,0.341036
132909402,-0.13928774,-0.31160045,0.3475034
133110366,-0.037228107,-0.31731313,0.38307416
133311660,0.088845566,-0.30874413,0.3992427
133512668,0.19690871,-0.26589906,0.3992427
133713906,0.27195257,-0.16021465,0.43804717
133914952,0.29296485,-0.014541505,0.4542157
134116178,0.2509403,0.1368443,0.4542157
134317153,0.15788591,0.23967241,0.4412809
134507947,0.09785083,0.2796611,0.42187864
134720596,0.06783328,0.29108644,0.42511234
134910693,0.09785083,0.25681043,0.4412809
135122858,0.1458789,0.25395408,0.43481347
135312836,0.12186486,0.28537378,0.4154112
135514087,0.07083505,0.29965547,0.41217753
135715171,0.0017946941,0.30536813,0.4186449
135916251,-0.049235124,0.31393716,0.4024764
136117415,-0.013214077,0.31393716,0.41217753
136318502,0.058828026,0.29965547,0.4186449
136508419,0.08284206,0.28537378,0.42511234
136720773,0.08284206,0.29108644,0.42187864
136910609,0.16388942,0.24824141,0.43157977
137111606,0.20591398,0.21682173,0.43157977
137313698,0.25994554,0.20254004,0.4057101
137515342,0.33198765,0.18254568,0.37013933
137716403,0.35299993,0.17968935,0.3475034
137917559,0.32598415,0.17968935,0.38307416
138118658,0.253942,0.17968935,0.4186449
138319801,0.17289469,0.19682735,0.45098197
138520696,0.21191747,0.1911147,0.43804717
138710885,0.27795607,0.1911147,0.3992427
138911909,0.3019701,0.19682735,0.38954157
139112909,0.26895082,0.19682735,0.4057101
139314098,0.253942,0.19682735,0.42511234
139515341,0.21491925,0.20254004,0.43481347
139716396,0.16689117,0.20825271,0.45098197
139917692,0.16689117,0.21682173,0.45098197
140118795,0.2509403,0.21396539,0.4186449
140320777,0.28395957,0.19682735,0.40894383
140522020,0.253942,0.20539637,0.4186449
140712080,0.23292975,0.20539637,0.42834604
140913280,0.20291221,0.1996837,0.43804717
141114314,0.12786837,0.22539072,0.4574494
141315310,0.040817503,0.24824141,0.4574494
141516338,0.031812236,0.27680477,0.42834604
141717587,0.06182978,0.25109774,0.4542157
141918598,0.079840295,0.25681043,0.45098197
142119806,0.04682101,0.2710921,0.43481347
142309877,-0.019217582,0.3025118,0.4154112
142522175,-0.085256174,0.31393716,0.38954157
142712129,-0.10626846,0.30822447,0.38954157
142913085,-0.040229864,0.32821882,0.39277527
143115413,0.03481399,0.32536247,0.4024764
143316595,0.088845566,0.30822447,0.4186449
143517742,0.049822763,0.30822447,0.4154112
143718877,-0.019217582,0.30536813,0.41217753
143908788,-0.040229864,0.30822447,0.3992427
144121151,0.019805219,0.3025118,0.4154112
144311081,0.08284206,0.29965547,0.4186449
144523267,0.06783328,0.29965547,0.40894383
144713322,0.02280697,0.3025118,0.42187864
144914216,-0.034226354,0.30536813,0.41217753
145115397,-0.031224601,0.30822447,0.40894383
145316426,0.037815742,0.30822447,0.41217753
145517769,0.058828026,0.32821882,0.39600897
145718908,0.08584382,0.30822447,0.41217753
145921027,0.13387188,0.28823012,0.41217753
146122214,0.13087013,0.28823012,0.40894383
146312265,0.08584382,0.29965547,0.41217753
146513473,0.079840295,0.29679912,0.41217753
146714561,0.019805219,0.30536813,0.41217753
146915655,-0.010212321,0.30822447,0.41217753
147116895,0.043819256,0.3025118,0.4154112
147317898,0.07083505,0.29679912,0.4154112
147518996,0.094849065,0.29679912,0.41217753
147719967,0.04682101,0.3025118,0.41217753
147910146,0.01079996,0.30822447,0.4186449
148111218,0.028810484,0.30536813,0.4154112
148312240,0.049822763,0.29965547,0.41217753
148513436,0.10085259,0.29679912,0.4057101
148714394,0.07083505,0.3025118,0.41217753
148916729,0.043819256,0.3025118,0.40894383
149117957,0.07683855,0.29965547,0.40894383
149319319,0.055826273,0.29965547,0.40894383
149509081,0.052824512,0.30536813,0.41217753
149710252,0.07683855,0.29679912,0.41217753
149911221,0.043819256,0.3025118,0.4186449
150112504,0.06783328,0.3025118,0.41217753
150313611,0.10985784,0.29679912,0.40894383
150514687,0.10085259,0.29965547,0.4057101
150715602,0.07383679,0.3025118,0.4186449
150917017,0.0047964468,0.30822447,0.40894383
151118097,0.01079996,0.3110808,0.4057101
151307972,0.049822763,0.30822447,0.4154112
151520106,0.06182978,0.30822447,0.41217753
151710941,0.08284206,0.3025118,0.41217753
151923605,0.07683855,0.30536813,0.40894383
152113673,0.12786837,0.29679912,0.40894383
152314667,0.15188241,0.2939428,0.4024764
152515778,0.1128596,0.29679912,0.40894383
152717026,0.103854336,0.29965547,0.4057101
152918206,0.049822763,0.30536813,0.4154112
153119288,-0.0042088116,0.31393716,0.4154112
153320243,0.04682101,0.30822447,0.4154112
153521546,0.06182978,0.3025118,0.40894383
153711435,0.079840295,0.30536813,0.40894383
153912428,0.103854336,0.29965547,0.41217753
154113639,0.103854336,0.29965547,0.4154112
154314886,0.094849065,0.29965547,0.41217753
154516764,0.043819256,0.30822447,0.41217753
154718083,0.07683855,0.29965547,0.41217753
154919311,0.07083505,0.29965547,0.40894383
155120565,0.019805219,0.3110808,0.4154112
155310386,0.028810484,0.30822447,0.41217753
155511598,0.088845566,0.3025118,0.41217753
155712645,0.13087013,0.29965547,0.4057101
155913763,0.16388942,0.29108644,0.3992427
156115018,0.12786837,0.29679912,0.40894383
156315974,0.08284206,0.29679912,0.4154112
156517215,0.037815742,0.30536813,0.4186449
156718275,0.08584382,0.29679912,0.41217753
156919438,0.07683855,0.2939428,0.41217753
157120540,0.019805219,0.3025118,0.4186449
157311487,0.01079996,0.3025118,0.41217753
157512633,0.049822763,0.29679912,0.42187864
157713840,0.06182978,0.29965547,0.41217753
157914924,0.118863106,0.2939428,0.41217753
158116166,0.13387188,0.2939428,0.41217753
158317325,0.14287715,0.2939428,0.4057101
158518257,0.15788591,0.2939428,0.4024764
158719396,0.12486661,0.28823012,0.4186449
158909545,0.06783328,0.29679912,0.42187864
159110558,-0.031224601,0.30536813,0.4057101
159311837,-0.109270215,0.30822447,0.38307416
159512660,-0.09125969,0.29108644,0.4024764
159714018,-0.031224601,0.28251746,0.42511234
159915010,0.031812236,0.28537378,0.43157977
160116106,0.09184732,0.3025118,0.4154112
160318040,0.10685609,0.30536813,0.4154112
160519151,0.025808731,0.29679912,0.4186449
160720566,-0.061242145,0.29108644,0.4154112
160921766,-0.09426144,0.28251746,0.4186449
161111769,-0.07625092,0.27680477,0.42187864
161324007,-0.010212321,0.30536813,0.4154112
161513939,0.0047964468,0.31679347,0.4057101
161714962,0.02280697,0.30822447,0.41217753
161916239,-0.01621583,0.31393716,0.41217753
162117470,-0.055238634,0.32250616,0.39600897
162318506,-0.031224601,0.3425005,0.38307416
162519610,0.0077981995,0.3396442,0.38954157
162720800,0.049822763,0.3025118,0.42187864
162921896,0.016803466,0.29965547,0.4186449
163113011,0.06483154,0.29679912,0.4154112
163314217,0.094849065,0.29965547,0.41217753
163515186,0.07383679,0.29679912,0.41217753
163716465,0.07683855,0.29965547,0.4154112
163917537,0.052824512,0.29679912,0.40894383
164118597,0.07083505,0.29679912,0.41217753
164319815,0.06182978,0.29965547,0.42187864
164520975,0.07083505,0.29965547,0.41217753
164710714,0.06483154,0.3025118,0.42187864
164911925,0.013801713,0.3025118,0.40894383
165113121,0.031812236,0.29965547,0.4154112
165314178,-0.0012070587,0.3025118,0.41217753
165515340,0.043819256,0.3025118,0.40894383
165716478,0.094849065,0.29679912,0.4057101
165918295,0.094849065,0.29679912,0.40894383
166119703,0.1128596,0.29679912,0.3992427
166309700,0.09785083,0.29965547,0.4024764
166510890,0.04682101,0.30536813,0.40894383
166712198,-0.025221093,0.3110808,0.4024764
166913184,-0.02221934,0.3110808,0.39600897
167114161,0.049822763,0.3025118,0.41217753
167315445,0.07383679,0.3025118,0.40894383
167516382,0.08284206,0.29965547,0.40894383
167717691,0.07083505,0.29965547,0.41217753
167907685,0.028810484,0.3025118,0.40894383
168108721,0.01079996,0.30536813,0.4057101
168309947,0.058828026,0.29965547,0.40894383
168522225,0.04682101,0.30536813,0.4057101
168712147,0.052824512,0.3025118,0.41217753
168914380,-0.0042088116,0.3025118,0.41217753
169115473,-0.034226354,0.3025118,0.3992427
169316697,0.0017946941,0.3025118,0.4057101
169506598,0.07383679,0.29965547,0.4057101
169718847,0.10085259,0.29965547,0.40894383
169919871,0.055826273,0.29965547,0.41217753
170121174,0.025808731,0.3025118,0.41217753
170311110,0.025808731,0.29965547,0.4057101
170512290,0.07383679,0.3025118,0.41217753
170713309,0.06783328,0.29965547,0.40894383
170914409,0.103854336,0.29679912,0.41217753
171115434,0.094849065,0.29679912,0.41217753
171316665,0.052824512,0.3025118,0.41217753
171517869,0.06783328,0.29965547,0.4154112
171719774,0.025808731,0.3025118,0.41217753
171910083,0.019805219,0.29965547,0.41217753
172111247,0.025808731,0.29965547,0.42187864
172312332,0.040817503,0.29679912,0.42187864
172513436,0.08284206,0.2939428,0.42187864
172714493,0.09785083,0.29679912,0.4186449
172915859,0.04682101,0.29965547,0.4186449
173116780,0.0077981995,0.3025118,0.42187864
173317825,0.025808731,0.29679912,0.42511234
173518908,0.07683855,0.2939428,0.4186449
173709037,0.088845566,0.2939428,0.41217753
173921356,0.06483154,0.30536813,0.4154112
174111056,-0.007210568,0.30822447,0.4186449
174312312,-0.07625092,0.3110808,0.4024764
174514284,-0.13328424,0.32250616,0.36690563
174715605,-0.15129475,0.31964982,0.36367193
174916791,-0.13928774,0.31393716,0.37337306
175118073,-0.11827547,0.31679347,0.37984046
175319137,-0.12127723,0.29108644,0.39277527
175520324,-0.1422895,0.26537943,0.3992427
175710323,-0.21433161,0.20825271,0.3992427
175922501,-0.29537898,0.10542461,0.37660676
176112491,-0.3223948,0.0025965124,0.36367193
176313700,-0.30438426,-0.11451327,0.37013933
176514679,-0.2533544,-0.20877236,0.37337306
176715965,-0.17831056,-0.27732444,0.36367193
176916972,-0.112271965,-0.30303144,0.37660676
177118086,-0.082254425,-0.3144568,0.37660676
177319094,-0.0642439,-0.30874413,0.38307416
177521339,-0.055238634,-0.32016948,0.37337306
177711461,-0.0042088116,-0.34873283,0.36690563
177912529,0.04682101,-0.34302014,0.37337306
178113553,-0.007210568,-0.3230258,0.38954157
178314913,-0.07625092,-0.31160045,0.37660676
178515984,-0.1422895,-0.30303144,0.35720453
178717028,-0.13028248,-0.3001751,0.36690563
178918085,-0.04323162,-0.31731313,0.38307416
179119391,-0.010212321,-0.32588214,0.38307416
179309334,-0.0012070587,-0.32016948,0.3863079
179521513,-0.04323162,-0.3144568,0.37013933
179711612,-0.11827547,-0.29446244,0.3863079
179912610,-0.20232458,-0.24019207,0.37984046
180113695,-0.23834564,-0.19734702,0.38954157
180315640,-0.27136493,-0.16878366,0.37013933
180516696,-0.22333686,-0.1487893,0.4024764
180718171,-0.2743667,-0.12879494,0.37984046
180919504,-0.28937545,-0.12879494,0.36367193
181120434,-0.31338948,-0.10023159,0.35073712
181321490,-0.34340706,-0.04024853,0.32486746
181511624,-0.28937545,0.022590863,0.38954157
181712755,-0.2863737,0.102568276,0.39277527
181913738,-0.26536143,0.122562625,0.4057101
182114884,-0.20232458,0.11970629,0.44451457
182316108,-0.19331934,0.13970064,0.44451457
182517219,-0.23534389,0.15398231,0.4024764
182718377,-0.30138248,0.159695,0.3442697
182919449,-0.32539654,0.168264,0.31516632
183110260,-0.33740354,0.21967804,0.27959558
183311530,-0.24434917,0.25395408,0.35397083
183512668,-0.12127723,0.26537943,0.40894383
183713886,-0.02221934,0.25395408,0.44451457
183915164,-0.040229864,0.25109774,0.4412809
184116256,-0.1032667,0.27680477,0.4024764
184317221,-0.13028248,0.3110808,0.36043823
184518499,-0.07625092,0.32536247,0.37660676
184708452,-0.025221093,0.3396442,0.38954157
184920593,-0.0042088116,0.30822447,0.4024764
185110788,0.058828026,0.2939428,0.42511234
185322847,0.13387188,0.28251746,0.41217753
185512899,0.16689117,0.27680477,0.40894383
185713947,0.12486661,0.28251746,0.4186449
185915115,0.058828026,0.28823012,0.42187864
186117239,0.0047964468,0.29965547,0.4057101
186318366,0.0047964468,0.29679912,0.40894383
186519630,0.058828026,0.2939428,0.40894383
186720765,0.055826273,0.2939428,0.41217753
186921834,0.07683855,0.28823012,0.41217753
187111873,0.09184732,0.29108644,0.42187864
187312821,0.09184732,0.28823012,0.42187864
187514089,0.06483154,0.28823012,0.4154112
187715092,0.052824512,0.29108644,0.41217753
187916364,0.028810484,0.2939428,0.41217753
188117365,-0.0012070587,0.2939428,0.40894383
188318456,-0.049235124,0.29679912,0.3992427
188519581,-0.01621583,0.29108644,0.4057101
188709647,0.052824512,0.28823012,0.42834604
188911498,0.052824512,0.29108644,0.4186449
189113021,0.04682101,0.28823012,0.4186449
189314258,0.037815742,0.29108644,0.4154112
189515383,0.037815742,0.29108644,0.40894383
189716446,0.037815742,0.28537378,0.41217753
189917459,0.03481399,0.28823012,0.41217753
190118789,0.03481399,0.28537378,0.4154112
190308668,0.025808731,0.28537378,0.42834604
190509623,0.028810484,0.2939428,0.42511234
190710878,0.03481399,0.29108644,0.42187864
190911887,0.03481399,0.28823012,0.4154112
191113088,0.03481399,0.28823012,0.4154112
191314033,0.037815742,0.28823012,0.41217753
191515210,0.037815742,0.29108644,0.40894383
191717256,0.040817503,0.28823012,0.4154112
191918490,0.037815742,0.28537378,0.4154112
192119728,0.043819256,0.28251746,0.42187864
192320964,0.040817503,0.28537378,0.42511234
192511080,0.037815742,0.28823012,0.41217753
192712103,0.04682101,0.2939428,0.40894383
192913310,0.052824512,0.2939428,0.41217753
193114226,0.055826273,0.2939428,0.41217753
193315263,0.058828026,0.2939428,0.40894383
193516542,0.058828026,0.2939428,0.41217753
193717536,0.058828026,0.2939428,0.41217753
193918707,0.049822763,0.29108644,0.4186449
194119990,0.040817503,0.29108644,0.42834604
194321026,0.040817503,0.29108644,0.42511234
194511853,0.043819256,0.28823012,0.41217753
194713223,0.04682101,0.28251746,0.41217753
194914589,0.049822763,0.28251746,0.41217753
195115522,0.055826273,0.28251746,0.4154112
195316811,0.055826273,0.2796611,0.42187864
195517774,0.055826273,0.2796611,0.42511234
195718994,0.07383679,0.29108644,0.42187864
195919927,0.10085259,0.2939428,0.4186449
196110030,0.07083505,0.28823012,0.4154112
196322229,0.043819256,0.29108644,0.42187864
196512304,-0.013214077,0.29679912,0.3992427
196713359,-0.019217582,0.2939428,0.40894383
196914391,0.04682101,0.28823012,0.41217753
197115538,0.052824512,0.28823012,0.41217753
197316702,0.049822763,0.28823012,0.42187864
197518589,0.04682101,0.28537378,0.42511234
197720031,0.052824512,0.2796611,0.43157977
197921184,0.0017946941,0.28537378,0.42834604
198111294,-0.04323162,0.29108644,0.4057101
198312478,-0.100264944,0.3025118,0.37984046
198513459,-0.12127723,0.30822447,0.36367193
198714674,-0.12127723,0.30822447,0.36690563
198915742,-0.08825792,0.29965547,0.3992427
199116746,-0.037228107,0.29679912,0.4024764
199318085,0.019805219,0.28823012,0.42187864
199519121,0.079840295,0.28251746,0.43157977
199709266,0.06182978,0.28251746,0.4154112
199910108,0.019805219,0.28823012,0.42187864
200111286,-0.0012070587,0.2939428,0.42187864
200313455,0.0077981995,0.29108644,0.4154112
200514722,0.0077981995,0.28823012,0.4186449
200715751,0.03481399,0.28823012,0.42511234
200917168,0.09785083,0.28823012,0.42187864
201118128,0.16388942,0.2796611,0.4154112
201319146,0.20591398,0.27394846,0.40894383
201520482,0.1909052,0.2796611,0.4024764
201721377,0.16989292,0.28251746,0.41217753
201922636,0.15488416,0.2710921,0.42187864
202123606,0.15488416,0.25109774,0.42834604
202313633,0.16388942,0.23967241,0.43804717
202514633,0.09785083,0.22824706,0.4542157
202715844,0.043819256,0.25681043,0.44451457
202916870,0.058828026,0.25109774,0.44451457
203118821,0.10685609,0.22824706,0.46715054
203320271,0.20891573,0.21682173,0.4412809
203521605,0.3289859,0.13398796,0.3992427
203722578,0.38601923,-0.014541505,0.36690563
203912637,0.3680087,-0.1573583,0.36043823
204113813,0.29296485,-0.23733573,0.37013933
204314923,0.22692625,-0.22876671,0.42187864
204515855,0.19991046,-0.23162305,0.4186449
204717010,0.19390696,-0.24304838,0.4186449
204918248,0.15188241,-0.2573301,0.42187864
205119327,0.06483154,-0.24876104,0.43481347
205320406,0.088845566,-0.24304838,0.43481347
205510314,0.17889819,-0.24876104,0.4154112
205711478,0.27195257,-0.24876104,0.37660676
205912684,0.32298237,-0.2573301,0.3345686
206114427,0.28095782,-0.24304838,0.37337306
206315942,0.21191747,-0.24019207,0.4024764
206517272,0.13687363,-0.23733573,0.43481347
206718411,0.055826273,-0.22591038,0.45098197
206919429,0.07083505,-0.23733573,0.4412809
207109343,0.15788591,-0.24304838,0.42511234
207310545,0.253942,-0.24019207,0.3863079
207511630,0.32598415,-0.2516174,0.3345686
207712857,0.31697887,-0.24304838,0.35073712
207913906,0.24193501,-0.24019207,0.3992427
208114957,0.19690871,-0.23733573,0.4186449
208316096,0.1909052,-0.23733573,0.4186449
208517316,0.19390696,-0.23733573,0.4186449
208718262,0.22092274,-0.20591602,0.43157977
208920537,0.25994554,-0.13165128,0.44774827
209110546,0.27495432,-0.031679522,0.4574494
209322891,0.24793853,0.09971193,0.4542157
209512936,0.17589644,0.19682735,0.44451457
209713979,0.115861356,0.24252872,0.44774827
209915065,0.08284206,0.26537943,0.43804717
210116080,0.07083505,0.28823012,0.42187864
210317293,0.103854336,0.29108644,0.40894383
210518550,0.13687363,0.28823012,0.40894383
210708771,0.1128596,0.28251746,0.4186449
210921047,0.07683855,0.28823012,0.4154112
211110987,0.103854336,0.28251746,0.4186449
211312090,0.1128596,0.27680477,0.4186449
211512980,0.09184732,0.28537378,0.42187864
211714793,0.052824512,0.28251746,0.42187864
211916262,-0.013214077,0.2939428,0.4154112
212117473,-0.073249154,0.30536813,0.3992427
212318492,-0.09125969,0.30822447,0.38307416
212519716,-0.09125969,0.2939428,0.38954157
212709729,-0.058240388,0.2710921,0.42187864
212910769,0.0017946941,0.26537943,0.43157977
213122916,0.08584382,0.28823012,0.4024764
213312963,0.13087013,0.28537378,0.41217753
213514197,0.13687363,0.28251746,0.4024764
213715219,0.088845566,0.29108644,0.41217753
213916212,0.019805219,0.28251746,0.4154112
214117282,0.019805219,0.28251746,0.41217753
214318656,0.016803466,0.28537378,0.4154112
214519598,0.08284206,0.27680477,0.40894383
214721567,0.07083505,0.2796611,0.4154112
214911836,0.06182978,0.2796611,0.4154112
215112962,0.049822763,0.28251746,0.4154112
215314215,0.037815742,0.2796611,0.4186449
215515280,0.06783328,0.27680477,0.40894383
215716700,0.103854336,0.25966674,0.4186449
215917579,0.15188241,0.21396539,0.4412809
216118767,0.18790345,0.17397667,0.43804717
216319690,0.1909052,0.176833,0.43481347
216509775,0.14287715,0.22824706,0.43804717
216722135,0.103854336,0.29108644,0.39277527
216912007,0.0047964468,0.33107516,0.37984046
217112976,-0.04323162,0.33678782,0.36367193
217314215,-0.07925267,0.32536247,0.35720453
217516456,-0.10626846,0.30822447,0.35397083
217717653,-0.10626846,0.28823012,0.37984046
217918833,-0.13028248,0.2796611,0.37337306
218108702,-0.12127723,0.2796611,0.37984046
218321138,-0.10626846,0.2796611,0.38307416
218510873,-0.100264944,0.27394846,0.3863079
218723236,-0.085256174,0.27680477,0.38954157
218913294,-0.09426144,0.27680477,0.3863079
219114395,-0.10626846,0.2796611,0.38307416
219315341,-0.1032667,0.28251746,0.37984046
219516692,-0.09125969,0.2796611,0.38307416
219717690,-0.09125969,0.27680477,0.3863079
219918832,-0.1032667,0.27680477,0.38307416
220119851,-0.07625092,0.2796611,0.3863079
220321855,-0.09426144,0.2796611,0.38307416
220512082,-0.11827547,0.28251746,0.37337306
220713387,-0.100264944,0.27680477,0.39277527
220914272,-0.10626846,0.2796611,0.38307416
221115530,-0.10626846,0.28251746,0.37660676
221316632,-0.100264944,0.28251746,0.38307416
221517805,-0.100264944,0.28251746,0.3863079
221718755,-0.097263195,0.2796611,0.37984046
221920195,-0.100264944,0.28251746,0.38954157
222110084,-0.1032667,0.2796611,0.38307416
222311178,-0.1032667,0.27680477,0.39277527
222512108,-0.100264944,0.2796611,0.39277527
222713188,-0.097263195,0.2796611,0.38954157
222914463,-0.1032667,0.27680477,0.38954157
223115624,-0.10626846,0.28251746,0.38307416
223317433,-0.124278985,0.28823012,0.37337306
223518907,-0.12728074,0.29108644,0.37013933
223709081,-0.136286,0.27394846,0.38307416
223910140,-0.124278985,0.26823577,0.38954157
224111255,-0.12728074,0.2796611,0.37984046
224312490,-0.02822285,0.23681608,0.44451457
224513590,0.058828026,0.18254568,0.4542157
224714704,0.09785083,0.18540202,0.4606831
224915693,0.103854336,0.21967804,0.45098197
225116839,0.15788591,0.25681043,0.41217753
225317905,0.20591398,0.24824141,0.3992427
225507792,0.17889819,0.25681043,0.4024764
225720097,0.118863106,0.26823577,0.4057101
225910153,0.06182978,0.2710921,0.42187864
226123473,0.0017946941,0.27680477,0.41217753
226313513,0.052824512,0.2710921,0.4186449
226514716,0.12186486,0.26537943,0.4154112
226715867,0.13687363,0.26537943,0.41217753
226916789,0.10085259,0.26537943,0.4186449
227117934,0.06182978,0.27394846,0.40894383
227319084,0.058828026,0.2710921,0.41217753
227520319,0.088845566,0.26823577,0.4154112
227721488,0.09785083,0.26823577,0.4186449
227911257,0.10985784,0.26252308,0.4154112
228112537,0.07083505,0.2710921,0.4186449
228313654,0.103854336,0.26823577,0.42511234
228514759,0.10685609,0.26823577,0.4154112
228716082,0.10085259,0.26537943,0.4186449
228918085,0.079840295,0.26537943,0.42187864
229119360,0.094849065,0.26537943,0.4186449
229320492,0.094849065,0.26537943,0.42187864
229510211,0.094849065,0.26823577,0.42187864
229711528,0.09184732,0.26537943,0.4186449
229912710,0.094849065,0.26823577,0.4154112
230113742,0.09785083,0.26537943,0.4186449
230314995,0.09785083,0.26537943,0.4186449
230515931,0.09785083,0.26537943,0.42187864
230716940,0.094849065,0.26537943,0.4186449
230918145,0.09785083,0.26823577,0.4186449
231119158,0.09184732,0.26823577,0.41217753
231320381,0.094849065,0.26823577,0.4186449
231510450,0.09184732,0.2710921,0.4186449
231712322,0.09184732,0.2710921,0.41217753
231913687,0.094849065,0.27394846,0.41217753
232114984,0.09184732,0.2710921,0.41217753
232316082,0.08584382,0.2710921,0.41217753
232517179,0.088845566,0.27394846,0.41217753
232718214,0.088845566,0.27394846,0.41217753
232919617,0.088845566,0.27394846,0.4154112
233109406,0.08584382,0.27394846,0.4154112
233310497,0.088845566,0.27394846,0.41217753
233522706,0.06783328,0.27394846,0.4186449
233712624,0.07383679,0.27680477,0.4186449
233913970,0.088845566,0.27394846,0.40894383
234114937,0.06483154,0.27680477,0.40894383
234315975,0.07683855,0.2710921,0.4186449
234517301,0.094849065,0.2710921,0.4186449
234719387,0.12186486,0.26823577,0.41217753
234920564,0.15488416,0.26252308,0.40894383
235121681,0.12186486,0.26252308,0.42187864
235311784,0.06182978,0.2796611,0.41217753
235524097,0.031812236,0.28251746,0.41217753
235713949,0.088845566,0.27394846,0.4154112
235915107,0.13387188,0.26252308,0.4186449
236116246,0.08284206,0.28823012,0.41217753
236317402,0.06182978,0.3025118,0.3992427
236518504,0.037815742,0.29965547,0.4057101
236719676,-0.01621583,0.29679912,0.4024764
236920711,-0.02221934,0.2939428,0.3992427
237121862,0.0017946941,0.29108644,0.4057101
237311684,0.025808731,0.29108644,0.41217753
237514010,0.019805219,0.29108644,0.4057101
237715307,-0.010212321,0.2939428,0.4057101
237916384,0.013801713,0.29108644,0.4024764
238117363,0.025808731,0.29108644,0.41217753
238318435,0.037815742,0.29108644,0.40894383
238519800,0.06483154,0.29108644,0.3992427
238720842,0.058828026,0.29108644,0.41217753
238910807,0.03481399,0.2939428,0.40894383
239111925,0.0077981995,0.2939428,0.4057101
239313084,0.019805219,0.29108644,0.40894383
239514120,0.049822763,0.28823012,0.41217753
239715211,0.06483154,0.28537378,0.40894383
239916445,0.06182978,0.28537378,0.4154112
240117462,-0.025221093,0.3110808,0.39277527
240319403,-0.040229864,0.32250616,0.3863079
240509694,-0.073249154,0.3110808,0.3863079
240711028,-0.037228107,0.29965547,0.3992427
240912084,-0.031224601,0.29679912,0.3992427
241113148,-0.007210568,0.29679912,0.4024764
241314236,-0.037228107,0.29679912,0.4057101
241515471,-0.0642439,0.3025118,0.3863079
241716477,-0.112271965,0.32536247,0.36367193
241917579,-0.16330178,0.31964982,0.33780226
242107563,-0.15129475,0.29679912,0.36367193
242319931,-0.21132985,0.28251746,0.3442697
242509815,-0.19932283,0.26823577,0.36367193
242722166,-0.19632109,0.25966674,0.36690563
242923113,-0.19932283,0.25966674,0.36043823
243113241,-0.17530881,0.27680477,0.37013933
243315088,-0.13928774,0.25966674,0.39277527
243516416,-0.10626846,0.25681043,0.41217753
243717724,-0.11827547,0.26823577,0.4024764
243918699,-0.14529127,0.29108644,0.37660676
244108795,-0.08825792,0.27680477,0.4057101
244320918,-0.058240388,0.27394846,0.4154112
244511098,-0.055238634,0.2939428,0.4057101
244712223,-0.037228107,0.29679912,0.40894383
244913311,0.031812236,0.29108644,0.42187864
245114288,0.013801713,0.2796611,0.43157977
245315433,-0.031224601,0.29965547,0.4024764
245516707,0.0047964468,0.3025118,0.41217753
245717786,0.052824512,0.29965547,0.4154112
245918672,0.0017946941,0.29965547,0.4186449
246120753,-0.013214077,0.30536813,0.4024764
246310987,-0.025221093,0.30822447,0.41217753
246512269,-0.034226354,0.31679347,0.3992427
246713257,-0.058240388,0.31679347,0.3992427
246914559,-0.013214077,0.31393716,0.4057101
247115669,0.0047964468,0.3110808,0.40894383
247316732,-0.031224601,0.31393716,0.4057101
247517725,-0.04323162,0.31679347,0.3992427
247718968,-0.02822285,0.30822447,0.3992427
247908984,-0.025221093,0.30822447,0.40894383
248121165,-0.052236877,0.30536813,0.39600897
248311160,-0.0042088116,0.30822447,0.40894383
248512213,-0.007210568,0.30822447,0.40894383
248713418,-0.052236877,0.30822447,0.4024764
248915248,-0.013214077,0.30536813,0.40894383
249116707,0.06483154,0.29108644,0.4186449
249317920,0.094849065,0.28537378,0.42187864
249519110,0.06182978,0.3025118,0.4057101
249720093,-0.0042088116,0.31679347,0.40894383
249910170,0.016803466,0.3110808,0.4154112
250122248,-0.0042088116,0.30822447,0.41217753
250312437,0.016803466,0.30536813,0.40894383
250513569,0.016803466,0.30822447,0.40894383
250714655,0.016803466,0.30822447,0.40894383
250915553,-0.037228107,0.31393716,0.4057101
251116733,-0.010212321,0.30822447,0.41217753
251317938,0.058828026,0.3025118,0.41217753
251507886,0.08584382,0.29965547,0.41217753
251720328,0.025808731,0.30822447,0.4154112
251911217,-0.02822285,0.31679347,0.40894383
252112380,-0.02822285,0.31964982,0.40894383
252313624,0.031812236,0.31393716,0.4154112
252514834,0.040817503,0.3110808,0.41217753
252715909,0.016803466,0.30536813,0.41217753
252916836,-0.01621583,0.30822447,0.41217753
253117986,-0.01621583,0.3110808,0.40894383
253319281,-0.061242145,0.31679347,0.3992427
253509228,-0.034226354,0.32250616,0.4057101
253721471,0.019805219,0.30822447,0.41217753
253911429,0.07083505,0.30536813,0.4186449
254112600,0.06783328,0.29965547,0.42511234
254313653,0.088845566,0.24252872,0.4542157
254514806,0.12786837,0.23395975,0.4574494
254716642,0.08284206,0.25109774,0.4542157
254918047,0.079840295,0.28823012,0.42187864
255119341,0.115861356,0.2796611,0.42187864
255320325,0.13387188,0.27680477,0.42511234
255521509,0.12786837,0.27394846,0.4186449
255711587,0.13987538,0.2796611,0.42187864
255912609,0.13387188,0.26823577,0.42187864
256113783,0.13687363,0.27394846,0.42511234
256314931,0.103854336,0.27394846,0.42511234
256516091,0.12486661,0.27394846,0.42187864
256717028,0.079840295,0.30536813,0.4154112
256918201,0.049822763,0.30536813,0.4057101
257119331,-0.007210568,0.30536813,0.40894383
257309344,0.019805219,0.3110808,0.41217753
257511557,0.088845566,0.29965547,0.4186449
257712813,0.13387188,0.29108644,0.4057101
257914059,0.13387188,0.30536813,0.3992427
258115111,0.09785083,0.32821882,0.3863079
258316128,0.019805219,0.32821882,0.3992427
258517271,-0.013214077,0.32536247,0.38954157
258718485,-0.034226354,0.32250616,0.38954157
258908397,-0.070247404,0.31679347,0.38954157
259120634,-0.049235124,0.30822447,0.4024764
259310447,-0.02221934,0.3110808,0.4057101
259522781,-0.01621583,0.3110808,0.4024764
259712817,-0.007210568,0.3110808,0.40894383
259913837,-0.031224601,0.31393716,0.4024764
260114958,-0.02221934,0.3025118,0.4024764
260316198,0.037815742,0.28537378,0.42187864
260518168,0.094849065,0.26537943,0.43157977
260719430,0.07383679,0.2796611,0.42511234
260920719,0.019805219,0.29965547,0.40894383
261121895,0.052824512,0.3025118,0.4057101
261311775,0.06783328,0.29679912,0.4186449
261512961,0.06483154,0.29679912,0.41217753
261713970,0.043819256,0.2939428,0.42187864
261915216,0.055826273,0.31964982,0.4024764
262116279,0.0077981995,0.31393716,0.4057101
262317476,0.0077981995,0.3110808,0.40894383
262518460,0.031812236,0.30822447,0.41217753
262719641,-0.013214077,0.30536813,0.3992427
262920716,-0.025221093,0.30822447,0.4024764
263110524,-0.013214077,0.30822447,0.4154112
263312940,0.028810484,0.30536813,0.41217753
263514256,0.01079996,0.3110808,0.4057101
263715222,0.028810484,0.30822447,0.40894383
263916280,-0.02221934,0.3110808,0.40894383
264117498,-0.02221934,0.3110808,0.4024764
264318649,-0.034226354,0.31393716,0.4057101
264519763,0.016803466,0.30822447,0.41217753
264709796,0.031812236,0.3025118,0.41217753
264921921,0.0047964468,0.3025118,0.41217753
265111941,0.0017946941,0.30536813,0.4057101
265324134,-0.013214077,0.30536813,0.40894383
265513962,0.0017946941,0.30536813,0.4024764
265715344,0.013801713,0.30536813,0.4186449
265916283,0.025808731,0.3025118,0.41217753
266118291,-0.013214077,0.30536813,0.40894383
266319706,0.0077981995,0.30536813,0.4154112
266521027,-0.034226354,0.3110808,0.4024764
266711023,-0.08825792,0.31393716,0.38954157
266923110,-0.046233375,0.3110808,0.4024764
267113006,0.013801713,0.30536813,0.4154112
267314208,0.08284206,0.29965547,0.4154112
267515516,0.08584382,0.29965547,0.4186449
267716345,0.04682101,0.30536813,0.4154112
267917643,-0.025221093,0.3110808,0.41217753
268118840,-0.046233375,0.3110808,0.4024764
268319948,-0.007210568,0.31393716,0.4154112
268521005,0.03481399,0.31964982,0.4154112
268711248,0.07083505,0.31393716,0.42511234
268913109,0.058828026,0.29965547,0.42834604
269114436,0.04682101,0.25681043,0.4574494
269315519,0.079840295,0.25395408,0.44774827
269516696,0.088845566,0.27680477,0.42834604
269717834,0.03481399,0.2939428,0.42511234
269918867,0.02280697,0.3110808,0.42187864
270120139,0.043819256,0.32250616,0.40894383
270310083,0.079840295,0.31964982,0.40894383
270522353,0.08284206,0.32821882,0.4024764
270712182,0.03481399,0.31964982,0.4154112
270913414,-0.01621583,0.30822447,0.41217753
271114467,-0.073249154,0.30822447,0.40894383
271315592,-0.052236877,0.30822447,0.40894383
271516645,0.0077981995,0.29679912,0.42187864
271717829,0.06783328,0.2939428,0.42187864
271919991,0.058828026,0.2939428,0.42187864
272121352,0.043819256,0.27394846,0.43157977
272311186,0.07683855,0.26823577,0.4412809
272512227,0.08284206,0.27394846,0.43157977
272713440,0.07683855,0.28251746,0.42511234
272914593,0.01079996,0.2939428,0.42187864
273115609,-0.019217582,0.3025118,0.41217753
273316644,0.025808731,0.29679912,0.4186449
273517830,0.037815742,0.2939428,0.4154112
273719097,0.06182978,0.3025118,0.41217753
273909024,0.10685609,0.29679912,0.4186449
274109927,0.16088769,0.29108644,0.4057101
274311298,0.14888065,0.29679912,0.40894383
274512373,0.088845566,0.2939428,0.4186449
274714237,0.028810484,0.29965547,0.4186449
274915777,-0.037228107,0.30536813,0.40894383
275116927,-0.052236877,0.3110808,0.3992427
275318085,-0.0042088116,0.30536813,0.4186449
275518960,0.025808731,0.3025118,0.4154112
275720147,0.025808731,0.3025118,0.41217753
275921450,0.08284206,0.28823012,0.4154112
276122570,0.049822763,0.2939428,0.4154112
276312384,-0.007210568,0.3025118,0.4057101
276513604,0.01079996,0.3025118,0.4154112
276714784,0.025808731,0.2939428,0.4154112
276915854,0.052824512,0.2939428,0.41217753
277116791,0.09184732,0.29108644,0.4186449
277318014,0.1128596,0.29108644,0.4186449
277519919,0.07083505,0.28251746,0.4186449
277721123,-0.0042088116,0.2939428,0.4186449
277922487,-0.070247404,0.30822447,0.4057101
278112670,-0.070247404,0.3110808,0.3992427
280515894,0.028810484,0.29108644,0.4186449
280717265,0.0017946941,0.29679912,0.4154112
283310418,-0.025221093,0.28823012,0.42187864
283522779,0.019805219,0.3025118,0.41217753
283712762,-0.019217582,0.30822447,0.40894383
283913950,0.0077981995,0.30536813,0.41217753
284115218,0.013801713,0.3025118,0.4154112
284316342,0.0047964468,0.3025118,0.4186449
284517372,0.028810484,0.3025118,0.4154112
284718415,0.02280697,0.29679912,0.4154112
284908517,-0.02822285,0.30822447,0.41217753
285120810,-0.019217582,0.3025118,0.41217753
285310666,0.016803466,0.29679912,0.41217753
285511703,-0.0012070587,0.29965547,0.41217753
285713130,0.0017946941,0.29965547,0.4186449
285913936,0.019805219,0.29965547,0.4154112
286115980,0.06483154,0.29108644,0.4154112
286316995,0.01079996,0.3025118,0.4186449
286518119,-0.034226354,0.3110808,0.3992427
286719558,0.0047964468,0.3025118,0.4154112
286909669,-0.0012070587,0.29965547,0.4186449
287110690,0.0077981995,0.29965547,0.42187864
287322850,-0.02221934,0.30536813,0.40894383
287513004,0.02280697,0.29679912,0.40894383
287714146,0.06182978,0.2939428,0.4186449
287915111,0.0077981995,0.29965547,0.4186449
288116295,-0.031224601,0.30822447,0.40894383
288317395,0.0077981995,0.3025118,0.41217753
288518643,0.06182978,0.29679912,0.42187864
288719577,0.037815742,0.29679912,0.4154112
288920791,0.043819256,0.29679912,0.41217753
289111809,0.016803466,0.3025118,0.4186449
289313140,-0.040229864,0.30822447,0.4057101
289514104,-0.073249154,0.3110808,0.3992427
289715429,-0.046233375,0.30536813,0.4057101
289916460,-0.049235124,0.30536813,0.4024764
290117522,-0.04323162,0.30822447,0.40894383
290318642,0.01079996,0.29965547,0.41217753
290519880,0.06483154,0.29965547,0.4186449
290709815,0.043819256,0.3025118,0.4154112
290922131,0.016803466,0.3025118,0.4186449
291112148,-0.040229864,0.30822447,0.4057101
291313159,-0.055238634,0.3110808,0.39600897
291514294,-0.010212321,0.30536813,0.41217753
291715373,0.06483154,0.29965547,0.4186449
291917279,0.06783328,0.29679912,0.42187864
292118746,0.037815742,0.28251746,0.42187864
292308829,0.016803466,0.27680477,0.43157977
292521116,0.0017946941,0.29965547,0.4186449
292710973,-0.007210568,0.3025118,0.41217753
292923358,0.025808731,0.2939428,0.4154112
293113359,-0.010212321,0.29965547,0.42511234
293314344,0.019805219,0.29108644,0.42511234
293515404,0.03481399,0.29679912,0.41217753
293716611,0.0077981995,0.29679912,0.4154112
293917820,0.037815742,0.2939428,0.42187864
294119140,0.031812236,0.29965547,0.4186449
294320125,0.052824512,0.29679912,0.42187864
294521086,0.037815742,0.29679912,0.41217753
294711838,-0.010212321,0.29965547,0.41217753
294912974,-0.031224601,0.29965547,0.41217753
295114307,-0.058240388,0.3025118,0.4057101
295315461,-0.025221093,0.3025118,0.40894383
295516795,0.013801713,0.29679912,0.4186449
295717697,0.031812236,0.2939428,0.4186449
295919204,0.058828026,0.2939428,0.4186449
296120201,0.049822763,0.2939428,0.4186449
296310095,0.06783328,0.29108644,0.4154112
296511149,0.0077981995,0.29679912,0.4154112
296712253,-0.037228107,0.30536813,0.41217753
296913415,0.0047964468,0.29965547,0.4154112
297114583,0.025808731,0.29679912,0.42187864
297315718,0.06182978,0.2939428,0.4186449
297516778,0.02280697,0.29679912,0.4186449
297718951,0.01079996,0.29679912,0.4186449
297909071,0.016803466,0.30536813,0.4186449
298110014,0.055826273,0.30536813,0.40894383
298311137,-0.0012070587,0.31679347,0.41217753
298512532,-0.013214077,0.30536813,0.41217753
298713536,0.028810484,0.29679912,0.4186449
298914482,-0.007210568,0.29965547,0.41217753
299115844,-0.04323162,0.30536813,0.4057101
299316818,-0.058240388,0.30536813,0.4057101
299518009,-0.007210568,0.29965547,0.41217753
299708000,-0.0012070587,0.29965547,0.4154112
299920236,-0.0042088116,0.28537378,0.42834604
300110220,0.058828026,0.2710921,0.44451457
300322468,0.13387188,0.25109774,0.43157977
300513647,0.115861356,0.26252308,0.43157977
300714798,0.058828026,0.29679912,0.43157977
300916057,0.04682101,0.29965547,0.4154112
301117008,0.08584382,0.2939428,0.4186449
301318133,0.12486661,0.28251746,0.42187864
301519238,0.18189996,0.27394846,0.4057101
301720290,0.20291221,0.27394846,0.4024764
301921411,0.16088769,0.28537378,0.4057101
302111519,0.103854336,0.3025118,0.41217753
302312644,0.07083505,0.29679912,0.42187864
302513718,0.058828026,0.2939428,0.4186449
302714722,-0.007210568,0.29965547,0.42187864
302915957,-0.058240388,0.3110808,0.4024764
303117081,-0.02221934,0.31964982,0.4024764
303318998,0.043819256,0.30822447,0.4186449
303519996,0.103854336,0.2939428,0.4154112
303710279,0.16088769,0.2796611,0.4154112
303911758,0.16388942,0.2796611,0.41217753
304112875,0.10685609,0.29108644,0.4154112
304313944,0.07083505,0.29679912,0.4186449
304514989,0.06783328,0.29679912,0.4154112
304716161,0.07083505,0.29108644,0.4186449
304917214,0.07683855,0.29108644,0.41217753
305118348,0.07683855,0.29108644,0.42511234
305308207,0.07683855,0.29108644,0.42187864
305520488,0.07683855,0.28823012,0.41217753
305721510,0.07683855,0.29108644,0.4186449
305911429,0.07683855,0.28823012,0.42511234
306113464,0.07383679,0.28823012,0.4186449
306314942,0.07083505,0.28823012,0.42511234
306516222,0.06783328,0.28823012,0.4186449
306717247,0.06483154,0.28823012,0.42187864
306918566,0.06483154,0.28823012,0.42187864
307119548,0.06483154,0.28823012,0.42187864
307320680,0.06783328,0.28823012,0.42511234
307510498,0.06783328,0.29108644,0.42511234
307711835,0.06483154,0.29108644,0.4154112
307912895,0.06783328,0.29108644,0.42511234
308113898,0.06783328,0.2939428,0.42511234
308314887,0.06783328,0.29108644,0.42834604
308516109,0.06783328,0.29108644,0.4154112
308717336,0.06783328,0.29108644,0.42511234
308918336,0.06783328,0.29108644,0.4186449
309120347,0.06783328,0.29108644,0.4154112
309321750,0.07383679,0.29108644,0.4186449
309511873,0.07083505,0.29108644,0.42187864
309724105,0.07083505,0.28823012,0.42187864
309914018,0.07083505,0.28823012,0.42187864
310115262,0.07383679,0.28823012,0.42834604
310316333,0.07683855,0.29108644,0.4186449
310517367,0.079840295,0.29108644,0.41217753
310718532,0.08284206,0.29108644,0.42187864
310919685,0.08284206,0.28537378,0.42187864
311120874,0.088845566,0.28537378,0.42187864
311322024,0.09184732,0.28537378,0.42187864
311511872,0.09184732,0.28251746,0.41217753
311713089,0.094849065,0.28251746,0.42187864
311915240,0.094849065,0.2796611,0.42187864
312116308,0.094849065,0.2796611,0.42834604
312317630,0.09184732,0.28251746,0.42187864
312518854,0.088845566,0.28537378,0.42187864
312719870,0.08584382,0.28251746,0.42187864
312920946,0.08584382,0.28823012,0.4186449
313110861,0.088845566,0.28823012,0.42187864
313312010,0.088845566,0.28251746,0.42187864
313513136,0.09184732,0.2796611,0.42834604
313714230,0.09785083,0.27680477,0.42834604
313915410,0.09184732,0.2796611,0.42834604
314116492,0.088845566,0.27680477,0.42834604
314317574,0.08284206,0.28251746,0.42187864
314518551,0.08584382,0.28251746,0.4186449
314709734,0.088845566,0.28251746,0.42511234
314911103,0.088845566,0.28537378,0.4186449
315112105,0.08584382,0.28537378,0.42187864
315313264,0.079840295,0.29108644,0.4154112
315514273,0.07683855,0.2939428,0.41217753
315715495,0.06783328,0.2939428,0.41217753
315916568,0.06483154,0.29679912,0.4186449
316117557,0.058828026,0.3025118,0.4154112
316307592,0.055826273,0.29965547,0.4154112
316508845,0.052824512,0.29965547,0.4186449
316720974,0.049822763,0.29965547,0.41217753
316922197,0.049822763,0.3025118,0.4154112
317112345,0.04682101,0.29965547,0.4154112
317313348,0.04682101,0.3025118,0.4154112
317514293,0.043819256,0.3025118,0.4154112
317716577,0.040817503,0.3025118,0.4154112
317917850,0.043819256,0.3025118,0.41217753
318119018,0.043819256,0.3025118,0.4186449
318320033,0.040817503,0.29965547,0.4154112
318521168,0.025808731,0.29965547,0.4154112
318722169,0.040817503,0.31393716,0.40894383
318912359,0.02280697,0.3025118,0.41217753
319113304,0.01079996,0.29965547,0.41217753
319314560,-0.0012070587,0.3025118,0.41217753
319515625,-0.010212321,0.25681043,0.43804717
319716820,-0.010212321,0.21110904,0.46391684
319917658,-0.0042088116,0.26537943,0.4412809
320119083,-0.007210568,0.3339315,0.3863079
320320151,-0.0012070587,0.3824892,0.3442697
320510929,-0.0012070587,0.35963854,0.36043823
320712469,0.0017946941,0.30822447,0.41217753
320913482,0.0047964468,0.32250616,0.3992427
321114730,0.0047964468,0.31964982,0.4024764
321315794,0.0017946941,0.26537943,0.43157977
321516726,-0.0042088116,0.20254004,0.4606831
321718082,-0.007210568,0.21396539,0.46391684
321919149,-0.0042088116,0.2796611,0.42187864
322109035,-0.0012070587,0.34535682,0.37660676
322321298,-0.007210568,0.39962724,0.31516632
322511305,-0.0042088116,0.3910582,0.32163376
322712494,-0.0042088116,0.34535682,0.37984046
322913526,-0.0042088116,0.2796611,0.42834604
323114700,-0.007210568,0.23395975,0.4574494
323316565,-0.007210568,0.28823012,0.4186449
323517982,-0.007210568,0.3425005,0.37984046
323719222,-0.010212321,0.3510695,0.37337306
323920332,-0.013214077,0.29965547,0.4154112
324110280,-0.007210568,0.26537943,0.43481347
324322650,-0.013214077,0.29108644,0.41217753
324512458,-0.010212321,0.31964982,0.4057101
324713630,-0.0042088116,0.3425005,0.3863079
324914718,-0.0042088116,0.35392585,0.37337306
325116061,-0.007210568,0.29965547,0.42187864
325317107,-0.0042088116,0.23395975,0.46391684
325518147,-0.007210568,0.27394846,0.42834604
325708119,-0.0012070587,0.3025118,0.4154112
325920466,-0.0012070587,0.3025118,0.4154112
326121376,-0.0042088116,0.29965547,0.4154112
326312553,-0.0042088116,0.29679912,0.4186449
326513831,-0.007210568,0.29965547,0.4186449
326714998,-0.0012070587,0.29679912,0.4154112
326915944,0.0017946941,0.2939428,0.4154112
327117080,-0.0012070587,0.29679912,0.42187864
327318137,0.0017946941,0.2939428,0.4154112
327519433,0.0017946941,0.2939428,0.4186449
327720408,0.0017946941,0.29679912,0.4154112
327921666,0.0017946941,0.29965547,0.40894383
328122760,0.0047964468,0.29965547,0.40894383
328312727,0.0047964468,0.3025118,0.41217753
328513710,0.013801713,0.30536813,0.40894383
328714796,0.01079996,0.30822447,0.41217753
328916157,0.0047964468,0.30536813,0.41217753
329118212,0.0077981995,0.30536813,0.41217753
329319362,0.0047964468,0.30822447,0.41217753
329520708,0.0017946941,0.30822447,0.4057101
329710621,0.0047964468,0.30536813,0.41217753
329911719,0.0047964468,0.3110808,0.4154112
330112622,-0.0012070587,0.30822447,0.4057101
330313894,-0.0012070587,0.30822447,0.40894383
330515153,-0.0042088116,0.30822447,0.41217753
330716166,-0.007210568,0.30822447,0.4057101
330917207,-0.0042088116,0.3025118,0.4057101
331118531,-0.0042088116,0.3025118,0.4057101
331319580,-0.0042088116,0.29965547,0.40894383
331509417,-0.0042088116,0.3025118,0.40894383
331710571,-0.007210568,0.3025118,0.4057101
331912798,-0.010212321,0.29965547,0.41217753
332114097,-0.010212321,0.29965547,0.41217753
332315129,-0.007210568,0.29965547,0.41217753
332516400,-0.0042088116,0.29965547,0.41217753
332717461,-0.0042088116,0.29679912,0.4186449
332918650,0.0017946941,0.29965547,0.40894383
333108699,0.0047964468,0.29965547,0.4154112
333320985,0.0077981995,0.29965547,0.4154112
333510869,0.019805219,0.29965547,0.41217753
333723081,0.016803466,0.3025118,0.41217753
333912911,0.019805219,0.29965547,0.41217753
334114141,0.019805219,0.3025118,0.41217753
334315160,0.013801713,0.30536813,0.4186449
334516173,0.01079996,0.3025118,0.4024764
334717248,0.01079996,0.29965547,0.4057101
334919669,0.01079996,0.29965547,0.41217753
335121051,0.0077981995,0.29965547,0.41217753
335322094,0.0047964468,0.29679912,0.4186449
335511934,0.0047964468,0.29679912,0.41217753
335713146,0.0047964468,0.29965547,0.41217753
335914128,0.0077981995,0.29679912,0.4154112
336115372,0.0077981995,0.29679912,0.41217753
336316545,0.0077981995,0.29679912,0.4154112
336517670,0.0047964468,0.29679912,0.4154112
336718657,0.0047964468,0.29108644,0.41217753
336919842,0.0077981995,0.29679912,0.40894383
337120857,0.0047964468,0.29965547,0.4057101
337310930,0.0017946941,0.29679912,0.40894383
337511980,-0.0012070587,0.3025118,0.41217753
337713962,-0.0042088116,0.29965547,0.4154112
337915350,-0.0042088116,0.29679912,0.4186449
338116521,-0.0042088116,0.2939428,0.41217753
338317764,-0.0012070587,0.2939428,0.40894383
338518812,-0.007210568,0.29679912,0.4057101
338708792,-0.010212321,0.29679912,0.41217753
338910074,-0.0012070587,0.29679912,0.41217753
339111030,0.0017946941,0.2939428,0.4186449
339312134,-0.0012070587,0.29108644,0.4154112
339513473,-0.007210568,0.2939428,0.4057101
339714421,-0.01621583,0.29679912,0.40894383
339915573,-0.01621583,0.29965547,0.41217753
340116589,-0.025221093,0.29965547,0.40894383
340317625,-0.031224601,0.2939428,0.41217753
340519597,-0.031224601,0.2939428,0.41217753
340721006,-0.02822285,0.29679912,0.40894383
340911083,-0.02822285,0.2939428,0.40894383
341123330,-0.031224601,0.2939428,0.40894383
341313357,-0.031224601,0.29679912,0.4057101
341514554,-0.02822285,0.2939428,0.41217753
341715595,-0.031224601,0.29679912,0.41217753
341916803,-0.02822285,0.2939428,0.40894383
342117877,-0.031224601,0.2939428,0.41217753
342319019,-0.031224601,0.2939428,0.41217753
342519990,-0.031224601,0.29679912,0.4024764
342721070,-0.031224601,0.2939428,0.4154112
342911160,-0.02822285,0.2939428,0.40894383
343112134,-0.031224601,0.29679912,0.40894383
343314112,-0.031224601,0.29679912,0.40894383
343515655,-0.025221093,0.29679912,0.41217753
343716869,-0.031224601,0.2939428,0.4057101
343918031,-0.031224601,0.2939428,0.4057101
344119042,-0.031224601,0.2939428,0.40894383
344320163,-0.031224601,0.2939428,0.4057101
344510256,-0.02822285,0.2939428,0.40894383
344722512,-0.02822285,0.2939428,0.4024764
344912271,-0.02822285,0.2939428,0.41217753
345113443,-0.02822285,0.2939428,0.4024764
345314712,-0.031224601,0.2939428,0.41217753
345515803,-0.02822285,0.29679912,0.40894383
345716796,-0.02822285,0.2939428,0.40894383
345917810,-0.02822285,0.2939428,0.4057101
346119149,-0.031224601,0.2939428,0.40894383
346321161,-0.025221093,0.3025118,0.44451457
346511306,-0.013214077,0.29679912,0.4186449
346712768,-0.02221934,0.29965547,0.42187864
346913666,-0.01621583,0.3025118,0.43804717
347114711,-0.02822285,0.30822447,0.4574494
