timestamp,timestamp_sample,baro_device_id,baro_alt_meter,baro_temp_celcius,baro_pressure_pa,rho
25315742,25297951,3997730,299.6496,24.41,97777.25,1.1617554
25375951,25353285,3997730,299.499,24.41,97779.0,1.1617763
25536917,25514294,3997730,299.62582,24.41,97777.5,1.1617584
25697906,25675130,3997730,299.6047,24.42,97777.75,1.1617614
25909113,25888807,3997730,299.62582,24.42,97777.5,1.1617584
26120354,26102690,3997730,299.67075,24.42,97776.99,1.1617525
26341519,26318890,3997730,299.6047,24.42,97777.75,1.1617614
26502429,26479723,3997730,299.6047,24.43,97777.75,1.1617614
26723620,26699368,3997730,299.53336,24.43,97778.59,1.1617714
26884459,26866816,3997730,299.67075,24.43,97776.99,1.1617525
27105700,27083017,3997730,299.47784,24.43,97779.25,1.1617793
27316950,27296736,3997730,299.499,24.43,97779.0,1.1617763
27528042,27510306,3997730,299.6047,24.43,97777.75,1.1617614
27688733,27671116,3997730,299.43295,24.43,97779.75,1.1617851
27909838,27887175,3997730,299.4567,24.439999,97779.5,1.1617823
28121043,28100831,3997730,299.58356,24.439999,97778.0,1.1617644
28332219,28314508,3997730,299.43295,24.439999,97779.75,1.1617851
28493083,28475433,3997730,299.58356,24.439999,97778.0,1.1617644
28714307,28691625,3997730,299.54126,24.439999,97778.5,1.1617703
28925519,28905288,3997730,299.47784,24.439999,97779.25,1.1617793
29136737,29118929,3997730,299.73416,24.449999,97776.25,1.1617436
29297406,29279784,3997730,299.713,24.439999,97776.5,1.1617466
29518708,29495962,3997730,299.62582,24.439999,97777.5,1.1617584
29729762,29709634,3997730,299.499,24.449999,97779.0,1.1617763
29941086,29923306,3997730,299.67075,24.449999,97776.99,1.1617525
30101791,30084175,3997730,299.6919,24.449999,97776.75,1.1617495
30323089,30300387,3997730,299.6047,24.449999,97777.75,1.1617614
30534038,30513905,3997730,299.79758,24.449999,97775.49,1.1617346
30745152,30727364,3997730,299.7553,24.46,97775.99,1.1617405
30905850,30888193,3997730,299.88477,24.46,97774.5,1.1617228
31127004,31104249,3997730,299.62582,24.46,97777.5,1.1617584
31338154,31317955,3997730,299.77646,24.46,97775.75,1.1617377
31498832,31478710,3997730,299.54126,24.46,97778.5,1.1617703
31710109,31692356,3997730,299.96933,24.46,97773.5,1.161711
31931232,31908404,3997730,299.73416,24.47,97776.24,1.1617435
32101913,32081786,3997730,299.54126,24.47,97778.5,1.1617703
32313122,32295495,3997730,299.6919,24.47,97776.74,1.1617495
32494013,32471387,3997730,299.62582,24.47,97777.5,1.1617584
32705319,32685172,3997730,299.8425,24.47,97775.0,1.1617287
32916577,32898959,3997730,299.94818,24.47,97773.75,1.1617138
33137783,33115043,3997730,299.7553,24.47,97776.0,1.1617407
33298609,33275915,3997730,299.26382,24.48,97781.75,1.161809
33509757,33489591,3997730,299.54126,24.48,97778.5,1.1617703
33720890,33703268,3997730,299.43295,24.47,97779.75,1.1617851
33942104,33919458,3997730,299.47784,24.48,97779.25,1.1617793
34103116,34080459,3997730,299.62582,24.48,97777.5,1.1617584
34314128,34293961,3997730,299.9059,24.48,97774.25,1.1617198
34525220,34507608,3997730,299.58356,24.48,97778.0,1.1617644
34686232,34668536,3997730,299.47784,24.48,97779.25,1.1617793
34907363,34884721,3997730,299.54126,24.49,97778.5,1.1617703
35118532,35098313,3997730,299.7553,24.49,97776.0,1.1617407
35329532,35311914,3997730,299.6496,24.49,97777.25,1.1617554
35490528,35472733,3997730,300.0116,24.49,97773.0,1.161705
35711594,35688917,3997730,300.0116,24.49,97773.0,1.161705
35922799,35902618,3997730,299.99048,24.49,97773.25,1.161708
36133946,36116314,3997730,299.96933,24.5,97773.5,1.161711
36294802,36277092,3997730,300.16223,24.49,97771.25,1.1616842
36515989,36493259,3997730,300.40002,24.5,97768.49,1.1616514
36727182,36706892,3997730,300.8043,24.49,97763.75,1.1615951
36898139,36873851,3997730,300.97342,24.5,97761.8,1.1615719
37119319,37096490,3997730,301.29843,24.5,97757.99,1.1615267
37330801,37310162,3997730,301.55472,24.5,97755.0,1.1614912
37501172,37483564,3997730,301.61813,24.5,97754.25,1.1614822
37722347,37699697,3997730,301.9854,24.5,97749.99,1.1614316
37933502,37913386,3997730,302.11224,24.5,97748.5,1.1614139
38144723,38127076,3997730,302.11224,24.51,97748.5,1.1614139
38305626,38287959,3997730,302.0911,24.51,97748.75,1.1614169
38526717,38504065,3997730,301.81366,24.51,97751.99,1.1614554
38737884,38717740,3997730,301.98276,24.51,97750.0,1.1614317
38898735,38878567,3997730,301.6842,24.51,97753.5,1.1614733
39109884,39092264,3997730,301.6842,24.51,97753.5,1.1614733
39331398,39308414,3997730,302.0039,24.51,97749.75,1.1614287
39542334,39522169,3997730,301.6842,24.519999,97753.5,1.1614733
39703105,39682965,3997730,301.72647,24.51,97753.0,1.1614673
39914100,39896492,3997730,301.61813,24.51,97754.25,1.1614822
40135386,40112705,3997730,301.81366,24.519999,97751.99,1.1614554
40296257,40273581,3997730,301.89822,24.519999,97751.0,1.1614436
40507284,40487054,3997730,301.9405,24.519999,97750.5,1.1614376
40718342,40700638,3997730,301.6842,24.519999,97753.5,1.1614733
40939494,40916780,3997730,301.72647,24.519999,97753.0,1.1614673
41100263,41077531,3997730,301.76874,24.519999,97752.5,1.1614614
41311374,41291211,3997730,301.66306,24.519999,97753.75,1.1614763
41522844,41505085,3997730,301.64194,24.519999,97754.0,1.1614792
41744407,41721187,3997730,301.85596,24.529999,97751.5,1.1614496
41914729,41894565,3997730,301.64194,24.519999,97754.0,1.1614792
42125756,42108099,3997730,301.66306,24.519999,97753.75,1.1614763
42286644,42268938,3997730,301.6842,24.529999,97753.5,1.1614733
42507796,42485168,3997730,301.72647,24.529999,97753.0,1.1614673
42729127,42704983,3997730,301.64194,24.529999,97753.99,1.1614791
42889990,42872284,3997730,301.6842,24.529999,97753.5,1.1614733
43111086,43088409,3997730,301.89822,24.529999,97751.0,1.1614436
43322417,43302207,3997730,301.85596,24.529999,97751.49,1.1614494
43533593,43515962,3997730,301.85596,24.529999,97751.5,1.1614496
43694513,43676904,3997730,301.89822,24.529999,97751.0,1.1614436
43935687,43911517,3997730,301.81366,24.529999,97751.99,1.1614554
44096601,44078977,3997730,301.89822,24.539999,97750.99,1.1614435
44318007,44295330,3997730,302.02768,24.539999,97749.5,1.1614257
44529220,44509068,3997730,302.06998,24.539999,97749.0,1.1614199
44740481,44722786,3997730,301.89822,24.539999,97751.0,1.1614436
44901416,44883670,3997730,302.04883,24.539999,97749.25,1.1614228
45132579,45112441,3997730,302.11224,24.539999,97748.5,1.1614139
45343776,45326070,3997730,301.85596,24.55,97751.49,1.1614494
45504648,45486983,3997730,301.74762,24.55,97752.75,1.1614643
45725717,45703098,3997730,302.1545,24.539999,97748.0,1.161408
45936956,45916827,3997730,302.02768,24.55,97749.5,1.1614257
46097838,46077704,3997730,301.96164,24.55,97750.25,1.1614347
46308988,46291323,3997730,302.04883,24.55,97749.25,1.1614228
46530107,46507405,3997730,301.98276,24.55,97750.0,1.1614317
46741231,46721064,3997730,301.6842,24.55,97753.5,1.1614733
46902230,46881954,3997730,301.8348,24.55,97751.75,1.1614525
47133207,47110572,3997730,302.04883,24.55,97749.25,1.1614228
47344327,47324136,3997730,302.0911,24.55,97748.75,1.1614169
47515577,47491039,3997730,302.395,24.55,97745.195,1.1613746
47736611,47713979,3997730,302.5852,24.55,97742.99,1.1613485
47897493,47874761,3997730,302.5218,24.55,97743.74,1.1613574
48108606,48088360,3997730,302.77548,24.55,97740.75,1.1613218
48320023,48302042,3997730,302.66977,24.55,97742.0,1.1613367
48540832,48518124,3997730,302.86267,24.56,97739.75,1.16131
48701748,48678957,3997730,302.86267,24.56,97739.75,1.16131
48912804,48892624,3997730,302.66977,24.56,97742.0,1.1613367
49124130,49106351,3997730,302.88382,24.56,97739.49,1.1613069
49284792,49267086,3997730,302.7332,24.56,97741.24,1.1613276
49505855,49483191,3997730,302.69092,24.56,97741.75,1.1613337
49717127,49696884,3997730,302.60635,24.56,97742.74,1.1613455
49928249,49910632,3997730,302.79926,24.56,97740.5,1.1613188
50089234,50071547,3997730,302.5641,24.56,97743.24,1.1613514
50310683,50287752,3997730,302.5641,24.57,97743.24,1.1613514
50521650,50501493,3997730,302.7332,24.56,97741.25,1.1613277
50732800,50715185,3997730,302.6275,24.57,97742.49,1.1613425
50893654,50876013,3997730,302.84152,24.57,97740.0,1.1613129
51114770,51092106,3997730,303.09784,24.56,97737.0,1.1612773
51325869,51305706,3997730,303.03177,24.57,97737.76,1.1612862
51537161,51519529,3997730,302.94986,24.57,97738.74,1.1612979
51697956,51680338,3997730,303.0767,24.57,97737.24,1.1612802
51919034,51896380,3997730,303.03177,24.57,97737.76,1.1612862
52130114,52109991,3997730,303.24844,24.57,97735.25,1.1612564
52341341,52323721,3997730,303.31186,24.57,97734.5,1.1612475
52502200,52484508,3997730,303.59195,24.57,97731.25,1.1612089
52723321,52700575,3997730,303.0767,24.57,97737.25,1.1612802
52934411,52914191,3997730,303.0767,24.58,97737.24,1.1612802
53095089,53074963,3997730,303.2273,24.57,97735.5,1.1612594
53306239,53288531,3997730,303.4836,24.58,97732.5,1.1612238
53527294,53504604,3997730,303.31186,24.58,97734.5,1.1612475
53738307,53718117,3997730,303.54968,24.58,97731.74,1.1612148
53899163,53879031,3997730,303.35678,24.58,97734.0,1.1612417
54110485,54092819,3997730,302.88382,24.58,97739.5,1.161307
54331822,54309147,3997730,302.84152,24.58,97740.0,1.1613129
54502899,54482786,3997730,303.2907,24.58,97734.75,1.1612505
54714000,54696367,3997730,303.01328,24.58,97738.0,1.1612891
54894845,54872210,3997730,302.90494,24.58,97739.24,1.1613039
55106098,55085952,3997730,302.77548,24.59,97740.75,1.1613218
55317239,55299603,3997730,302.84152,24.59,97740.0,1.1613129
55538386,55515669,3997730,302.90494,24.59,97739.24,1.1613039
55719405,55695243,3997730,303.14804,24.59,97736.41,1.1612701
55940650,55917913,3997730,303.35678,24.59,97734.0,1.1612417
56121568,56097373,3997730,303.54437,24.59,97731.8,1.1612154
56342616,56319991,3997730,303.14276,24.59,97736.49,1.1612712
56503625,56480862,3997730,303.20352,24.6,97735.76,1.1612625
56714739,56694591,3997730,302.9261,24.59,97739.0,1.161301
56885904,56861572,3997730,303.06348,24.6,97737.41,1.1612821
57107095,57084427,3997730,302.6275,24.6,97742.49,1.1613425
57318263,57298118,3997730,302.69092,24.59,97741.75,1.1613337
57529508,57511879,3997730,303.20618,24.6,97735.74,1.1612623
57690563,57672876,3997730,302.88382,24.6,97739.49,1.1613069
57911665,57888982,3997730,302.9261,24.6,97739.0,1.161301
58122789,58102660,3997730,303.20618,24.6,97735.74,1.1612623
58333756,58316132,3997730,303.4836,24.6,97732.49,1.1612236
58494544,58476829,3997730,303.44135,24.6,97733.0,1.1612297
58715727,58692968,3997730,303.59195,24.6,97731.25,1.1612089
58926796,58906608,3997730,303.1639,24.6,97736.24,1.1612682
59137811,59120133,3997730,303.0767,24.6,97737.24,1.1612802
59318647,59288453,3997730,302.99478,24.609999,97738.195,1.1612915
59529991,59509752,3997730,303.20352,24.6,97735.76,1.1612625
59741016,59723356,3997730,303.24844,24.609999,97735.25,1.1612564
59901788,59884110,3997730,303.50473,24.609999,97732.25,1.1612208
60122964,60100274,3997730,303.44135,24.609999,97732.99,1.1612296
60333942,60313827,3997730,303.11896,24.609999,97736.74,1.1612742
60495189,60474577,3997730,303.0767,24.609999,97737.24,1.1612802
60725878,60703250,3997730,303.11896,24.609999,97736.74,1.1612742
60937232,60917023,3997730,303.35678,24.609999,97734.0,1.1612417
61097958,61077729,3997730,303.37527,24.609999,97733.75,1.1612387
61309106,61291424,3997730,302.971,24.609999,97738.5,1.161295
61530307,61507611,3997730,302.77548,24.609999,97740.75,1.1613218
61741845,61721330,3997730,302.94986,24.609999,97738.74,1.1612979
61902480,61882259,3997730,302.84152,24.609999,97740.0,1.1613129
62113621,62095865,3997730,303.11896,24.619999,97736.74,1.1612742
62334707,62312056,3997730,303.1401,24.619999,97736.5,1.1612713
62545761,62525536,3997730,303.33298,24.619999,97734.25,1.1612445
62706559,62686419,3997730,303.59195,24.619999,97731.25,1.1612089
62917687,62900022,3997730,303.33298,24.619999,97734.25,1.1612445
63139023,63116288,3997730,302.94986,24.619999,97738.74,1.1612979
63299769,63277093,3997730,303.09784,24.619999,97736.99,1.1612772
63510832,63490714,3997730,303.0767,24.619999,97737.24,1.1612802
63721940,63704276,3997730,303.35678,24.63,97734.0,1.1612417
63943448,63920666,3997730,303.37527,24.619999,97733.75,1.1612387
64104175,64081554,3997730,303.97772,24.619999,97726.75,1.1611555
64315239,64295115,3997730,303.54703,24.63,97731.75,1.1612148
64526620,64508926,3997730,303.80597,24.63,97728.75,1.1611792
64687444,64669774,3997730,303.59195,24.63,97731.25,1.1612089
64908614,64885989,3997730,303.82712,24.63,97728.5,1.1611762
65119736,65099575,3997730,303.97772,24.63,97726.74,1.1611553
65330805,65313173,3997730,303.97772,24.63,97726.74,1.1611553
65491798,65474100,3997730,303.93283,24.63,97727.25,1.1611614
65712946,65690301,3997730,303.91168,24.63,97727.5,1.1611644
65934072,65909931,3997730,304.4005,24.63,97721.8,1.1610966
66094912,66077233,3997730,304.42694,24.64,97721.5,1.1610931
66315939,66293285,3997730,304.79156,24.63,97717.24,1.1610425
66527174,66506983,3997730,304.81268,24.63,97717.0,1.1610396
66738473,66720767,3997730,304.81268,24.63,97717.0,1.1610396
66899390,66881693,3997730,304.77042,24.64,97717.5,1.1610456
67120487,67097750,3997730,304.81268,24.64,97717.0,1.1610396
67331507,67311225,3997730,304.92105,24.64,97715.75,1.1610248
67542678,67525011,3997730,304.92105,24.64,97715.75,1.1610248
67703530,67685853,3997730,305.3702,24.64,97710.5,1.1609623
67924943,67902117,3997730,305.5631,24.64,97708.25,1.1609356
68136012,68115805,3997730,305.7137,24.64,97706.5,1.1609149
68296876,68276672,3997730,305.99118,24.64,97703.25,1.1608763
68508290,68490495,3997730,306.2924,24.64,97699.74,1.1608346
68729236,68706580,3997730,306.14178,24.64,97701.5,1.1608554
68940535,68920258,3997730,306.39807,24.64,97698.5,1.1608198
69101337,69081164,3997730,306.5487,24.65,97696.75,1.160799
69312650,69294931,3997730,306.97675,24.64,97691.75,1.1607395
69533703,69511026,3997730,307.12738,24.65,97690.0,1.1607188
69744922,69724640,3997730,306.9979,24.64,97691.5,1.1607367
69905683,69885478,3997730,306.8288,24.65,97693.49,1.1607603
70116853,70099238,3997730,307.12738,24.65,97690.0,1.1607188
70338042,70315289,3997730,307.29913,24.65,97688.0,1.1606951
70498798,70476175,3997730,307.49203,24.65,97685.76,1.1606684
70720862,70695887,3997730,307.31497,24.65,97687.805,1.1606927
70941104,70918409,3997730,307.6849,24.65,97683.5,1.1606416
71103225,71079237,3997730,307.5343,24.65,97685.24,1.1606623
71323306,71305671,3997730,307.70605,24.65,97683.25,1.1606386
71544630,71521968,3997730,308.13675,24.65,97678.25,1.1605792
71705592,71682931,3997730,308.13675,24.66,97678.25,1.1605792
71916755,71896642,3997730,308.41418,24.65,97675.0,1.1605406
72127827,72110157,3997730,308.5225,24.66,97673.75,1.1605257
72290011,72271083,3997730,308.7154,24.66,97671.5,1.160499
72510004,72487278,3997730,308.26358,24.66,97676.75,1.1605613
72731559,72707051,3997730,308.22656,24.66,97677.195,1.1605667
72892257,72874628,3997730,308.49872,24.66,97674.0,1.1605287
73114364,73090807,3997730,308.45645,24.66,97674.5,1.1605346
73334747,73317057,3997730,308.39307,24.66,97675.25,1.1605436
73496751,73477938,3997730,308.7154,24.66,97671.5,1.160499
73716684,73693981,3997730,308.8211,24.66,97670.24,1.1604841
73927818,73907687,3997730,308.7788,24.66,97670.74,1.16049
74139029,74121412,3997730,308.6282,24.67,97672.5,1.1605109
74299903,74282259,3997730,308.69427,24.67,97671.75,1.160502
74521168,74498530,3997730,308.79996,24.66,97670.49,1.160487
74742392,74718202,3997730,308.9268,24.67,97669.01,1.1604694
74903337,74885615,3997730,309.29407,24.67,97664.75,1.1604187
75124612,75101914,3997730,309.03778,24.67,97667.74,1.1604544
75335713,75315583,3997730,309.42355,24.67,97663.24,1.1604009
75497022,75476414,3997730,309.228,24.67,97665.5,1.1604277
75727988,75705335,3997730,309.1012,24.67,97667.0,1.1604456
75939101,75918971,3997730,309.03778,24.67,97667.74,1.1604544
76100053,76079886,3997730,309.2518,24.67,97665.25,1.1604247
76312339,76293558,3997730,309.29407,24.67,97664.75,1.1604187
76532423,76509785,3997730,309.63757,24.67,97660.74,1.1603712
76743487,76723348,3997730,309.5081,24.67,97662.24,1.160389
76904396,76884217,3997730,309.6138,24.67,97661.01,1.1603743
77115315,77097668,3997730,309.83047,24.67,97658.5,1.1603445
77336547,77313728,3997730,309.67987,24.67,97660.25,1.1603653
77497268,77474618,3997730,309.63757,24.68,97660.75,1.1603713
77708504,77688185,3997730,309.35748,24.68,97663.99,1.1604098
77919490,77901873,3997730,309.03778,24.67,97667.74,1.1604544
78140778,78118063,3997730,309.35748,24.67,97664.0,1.1604099
78301562,78278936,3997730,309.39978,24.67,97663.5,1.160404
78512689,78492562,3997730,309.4024,24.68,97663.49,1.1604038
78723862,78706249,3997730,308.7788,24.68,97670.74,1.16049
78884751,78867127,3997730,308.88718,24.68,97669.49,1.1604751
79105874,79083233,3997730,308.8211,24.68,97670.24,1.1604841
79317248,79297022,3997730,308.99286,24.68,97668.25,1.1604604
79528334,79510672,3997730,308.17905,24.68,97677.75,1.1605732
79689142,79671470,3997730,308.39307,24.68,97675.24,1.1605434
79910367,79887668,3997730,308.32965,24.68,97676.0,1.1605525
80121626,80101454,3997730,307.4286,24.68,97686.5,1.1606772
80332817,80315208,3997730,307.21457,24.68,97689.0,1.1607069
80493730,80476098,3997730,307.10623,24.68,97690.25,1.1607218
80714897,80692269,3997730,307.3414,24.68,97687.5,1.1606891
80925982,80905823,3997730,307.29913,24.68,97687.99,1.160695
81137105,81119461,3997730,307.1485,24.68,97689.75,1.1607158
81298080,81280407,3997730,307.32025,24.68,97687.76,1.1606922
81519225,81496553,3997730,307.27798,24.689999,97688.25,1.160698
81730359,81710153,3997730,307.60034,24.689999,97684.5,1.1606535
81941553,81923935,3997730,307.3414,24.68,97687.5,1.1606891
82102411,82084759,3997730,307.44974,24.689999,97686.26,1.1606743
82323622,82300981,3997730,307.60034,24.689999,97684.5,1.1606535
82534583,82514464,3997730,307.32025,24.689999,97687.75,1.1606921
82695313,82675157,3997730,307.4286,24.689999,97686.5,1.1606772
82907051,82888837,3997730,307.49203,24.689999,97685.74,1.1606683
83127736,83105007,3997730,307.5792,24.689999,97684.75,1.1606565
83338855,83318711,3997730,307.6849,24.689999,97683.5,1.1606416
83499734,83479577,3997730,307.70605,24.689999,97683.24,1.1606385
83731010,83700729,3997730,307.78003,24.689999,97682.41,1.1606286
83941997,83921840,3997730,307.66376,24.689999,97683.75,1.1606445
84113678,84088858,3997730,307.5739,24.689999,97684.8,1.1606569
84334418,84311603,3997730,307.51315,24.689999,97685.5,1.1606654
84496142,84472488,3997730,307.60034,24.689999,97684.5,1.1606535
84716209,84698568,3997730,307.6849,24.699999,97683.5,1.1606416
84937282,84914544,3997730,307.75095,24.699999,97682.74,1.1606326
85098040,85075344,3997730,307.7721,24.689999,97682.49,1.1606296
85309231,85288898,3997730,307.6849,24.699999,97683.5,1.1606416
85520184,85502500,3997730,307.87778,24.699999,97681.25,1.1606148
85741661,85718690,3997730,308.2424,24.699999,97676.99,1.1605643
85912326,85892121,3997730,308.00726,24.699999,97679.75,1.160597
86123347,86105592,3997730,308.11298,24.699999,97678.5,1.1605822
86344614,86321860,3997730,308.00726,24.699999,97679.75,1.160597
86505432,86482813,3997730,307.98615,24.699999,97680.0,1.1606
86716488,86696362,3997730,307.92007,24.699999,97680.75,1.1606089
86927756,86909896,3997730,307.7483,24.699999,97682.75,1.1606326
87088429,87070783,3997730,307.5792,24.71,97684.74,1.1606563
87309634,87286932,3997730,307.3414,24.699999,97687.5,1.1606891
87530762,87513120,3997730,307.2357,24.71,97688.74,1.1607039
87691682,87674047,3997730,307.2357,24.699999,97688.74,1.1607039
87922819,87902637,3997730,306.91333,24.71,97692.49,1.1607484
88134048,88116349,3997730,306.805,24.71,97693.75,1.1607634
88294921,88277254,3997730,306.95563,24.71,97692.0,1.1607425
88515934,88493220,3997730,306.67816,24.71,97695.24,1.1607811
88727169,88707026,3997730,306.65704,24.699999,97695.49,1.160784
88938432,88920804,3997730,306.56982,24.71,97696.5,1.160796
89099321,89081648,3997730,306.50644,24.71,97697.25,1.160805
89320423,89297747,3997730,306.52756,24.71,97697.0,1.160802
89531527,89511389,3997730,306.44037,24.71,97698.0,1.1608138
89742661,89725000,3997730,306.56982,24.71,97696.5,1.160796
89903507,89885833,3997730,306.72046,24.71,97694.74,1.1607752
90124767,90102060,3997730,306.87106,24.71,97692.99,1.1607543
90336040,90315738,3997730,306.87106,24.71,97692.99,1.1607543
90496739,90476621,3997730,306.80765,24.71,97693.74,1.1607633
90708015,90690292,3997730,306.41922,24.71,97698.25,1.1608168
90929309,90906543,3997730,306.8288,24.71,97693.49,1.1607603
91090729,91067501,3997730,307.1485,24.71,97689.75,1.1607158
91311391,91293645,3997730,307.06393,24.71,97690.75,1.1607277
91532680,91509839,3997730,307.06393,24.71,97690.75,1.1607277
91743738,91723616,3997730,307.10623,24.71,97690.25,1.1607218
91904556,91884435,3997730,307.10623,24.72,97690.25,1.1607218
92115606,92097975,3997730,307.27798,24.71,97688.24,1.1606979
92337168,92314335,3997730,307.32025,24.72,97687.75,1.1606921
92497972,92475288,3997730,307.49203,24.71,97685.74,1.1606683
92709026,92688862,3997730,307.81436,24.72,97681.99,1.1606237
92920080,92902447,3997730,308.32965,24.72,97676.0,1.1605525
93141514,93118654,3997730,308.49872,24.72,97674.0,1.1605287
93302293,93279550,3997730,308.45645,24.72,97674.5,1.1605346
93524113,93499108,3997730,308.46704,24.72,97674.4,1.1605334
93744401,93721732,3997730,308.2847,24.72,97676.5,1.1605583
93906389,93882680,3997730,308.22128,24.72,97677.25,1.1605673
94126537,94108895,3997730,308.45645,24.72,97674.5,1.1605346
94287577,94269834,3997730,308.22128,24.72,97677.25,1.1605673
94508610,94485963,3997730,308.30847,24.72,97676.25,1.1605555
94719803,94699616,3997730,308.54367,24.73,97673.5,1.1605227
94930957,94913314,3997730,308.7577,24.72,97671.0,1.160493
95092346,95074172,3997730,308.4776,24.72,97674.25,1.1605316
95313027,95290341,3997730,308.5859,24.72,97673.0,1.1605169
95525393,95503937,3997730,308.5225,24.72,97673.75,1.1605257
95695021,95677360,3997730,308.3719,24.72,97675.5,1.1605465
95916618,95893596,3997730,307.96497,24.72,97680.25,1.1606029
96137409,96119755,3997730,308.22128,24.72,97677.25,1.1605673
96298179,96280510,3997730,307.83554,24.73,97681.75,1.1606208
96519409,96496657,3997730,307.66376,24.73,97683.75,1.1606445
96731056,96710320,3997730,307.40744,24.72,97686.74,1.16068
96901357,96883680,3997730,307.29913,24.72,97688.0,1.1606951
97122495,97099851,3997730,307.02167,24.73,97691.24,1.1607336
97333796,97313537,3997730,306.97675,24.73,97691.75,1.1607395
97545089,97527306,3997730,306.5487,24.73,97696.75,1.160799
97705843,97688238,3997730,306.52756,24.73,97697.0,1.160802
97927229,97904431,3997730,306.20786,24.73,97700.74,1.1608465
98138282,98118081,3997730,305.88547,24.73,97704.5,1.160891
98299199,98279037,3997730,305.92776,24.73,97704.0,1.1608851
98510275,98492605,3997730,305.6054,24.73,97707.75,1.1609297
98731761,98708841,3997730,305.73486,24.73,97706.24,1.1609118
98942737,98922538,3997730,305.97003,24.74,97703.5,1.1608793
99103522,99083404,3997730,305.92776,24.74,97704.0,1.1608851
99314618,99296980,3997730,305.77716,24.74,97705.75,1.160906
99535908,99513243,3997730,306.0546,24.74,97702.5,1.1608673
99696829,99674151,3997730,305.97003,24.74,97703.5,1.1608793
99907716,99887599,3997730,305.5631,24.74,97708.25,1.1609356
100139058,100108831,3997730,305.756,24.74,97705.99,1.1609088
100299937,100277270,3997730,305.756,24.74,97705.99,1.1609088
100511005,100490866,3997730,305.77716,24.74,97705.75,1.160906
100722122,100704462,3997730,305.8617,24.74,97704.75,1.160894
100943307,100920655,3997730,305.49707,24.75,97709.0,1.1609446
101104267,101081486,3997730,305.77716,24.74,97705.75,1.160906
101325483,101301265,3997730,305.6186,24.75,97707.6,1.1609279
101486390,101468615,3997730,305.52084,24.74,97708.75,1.1609416
101707466,101684765,3997730,305.47855,24.74,97709.25,1.1609476
101918593,101898432,3997730,305.3491,24.75,97710.76,1.1609654
102129729,102112027,3997730,305.28568,24.75,97711.49,1.1609741
102290634,102273019,3997730,305.58426,24.75,97707.99,1.1609325
102512222,102489194,3997730,305.47855,24.75,97709.25,1.1609476
102723069,102702905,3997730,305.6054,24.75,97707.75,1.1609297
102934308,102916587,3997730,305.756,24.75,97706.0,1.1609089
103095101,103077477,3997730,305.62918,24.75,97707.49,1.1609266
103316311,103293613,3997730,305.49707,24.75,97709.0,1.1609446
103527613,103507425,3997730,305.26453,24.75,97711.74,1.1609771
103738674,103720979,3997730,305.47855,24.76,97709.24,1.1609474
103899425,103881781,3997730,305.5631,24.75,97708.25,1.1609356
104120688,104097990,3997730,305.45477,24.76,97709.5,1.1609505
104331935,104311651,3997730,305.47855,24.76,97709.25,1.1609476
104542963,104525291,3997730,305.3491,24.76,97710.74,1.1609652
104703919,104686234,3997730,305.45477,24.76,97709.5,1.1609505
104925136,104902477,3997730,305.4125,24.76,97710.0,1.1609564
105136329,105116001,3997730,305.24075,24.76,97712.0,1.1609802
105297007,105276853,3997730,305.43365,24.76,97709.75,1.1609535
105508158,105490550,3997730,305.47855,24.76,97709.25,1.1609476
105729538,105706675,3997730,305.43628,24.76,97709.74,1.1609534
105940477,105920353,3997730,305.24075,24.76,97712.0,1.1609802
106101817,106081151,3997730,305.6503,24.769999,97707.24,1.1609237
106332424,106309795,3997730,305.24075,24.769999,97712.0,1.1609802
106544102,106523452,3997730,305.6926,24.769999,97706.75,1.1609179
106714438,106696814,3997730,305.73486,24.76,97706.25,1.1609119
106935894,106913032,3997730,305.47855,24.769999,97709.25,1.1609476
107106707,107086476,3997730,305.19846,24.769999,97712.5,1.1609862
107317904,107300224,3997730,305.58426,24.769999,97708.0,1.1609327
107539066,107516354,3997730,305.28302,24.769999,97711.5,1.1609743
107699926,107677185,3997730,305.39136,24.769999,97710.24,1.1609594
107921115,107903374,3997730,305.28302,24.76,97711.5,1.1609743
108142320,108119530,3997730,305.49707,24.769999,97709.0,1.1609446
108302972,108280353,3997730,305.3702,24.769999,97710.5,1.1609623
108514021,108493898,3997730,305.2619,24.769999,97711.75,1.1609772
108725033,108707403,3997730,305.47855,24.769999,97709.25,1.1609476
108885949,108868321,3997730,305.32794,24.769999,97711.0,1.1609683
109107240,109084546,3997730,305.3491,24.779999,97710.76,1.1609654
109318210,109298087,3997730,305.28302,24.779999,97711.5,1.1609743
109529307,109511675,3997730,305.02673,24.779999,97714.5,1.1610099
109690321,109672568,3997730,305.5631,24.779999,97708.25,1.1609356
109911269,109888571,3997730,305.09277,24.779999,97713.74,1.1610008
110122368,110102185,3997730,305.0505,24.779999,97714.24,1.1610068
110293363,110269028,3997730,304.9501,24.779999,97715.39,1.1610205
110514347,110491653,3997730,305.1562,24.779999,97713.0,1.160992
110735641,110711422,3997730,305.0875,24.779999,97713.8,1.1610016
110896452,110878834,3997730,305.1562,24.779999,97712.99,1.160992
111117693,111095064,3997730,304.96332,24.779999,97715.25,1.1610188
111328898,111308731,3997730,304.31857,24.779999,97722.75,1.1611079
111540128,111522308,3997730,304.7493,24.779999,97717.75,1.1610485
111700792,111683160,3997730,304.6198,24.779999,97719.24,1.1610663
111921976,111899284,3997730,304.42694,24.779999,97721.5,1.1610931
112133191,112112939,3997730,304.70435,24.779999,97718.25,1.1610545
112344172,112326496,3997730,304.64096,24.779999,97719.0,1.1610633
112504948,112487276,3997730,304.81268,24.789999,97717.0,1.1610396
112726144,112703519,3997730,304.44806,24.789999,97721.25,1.1610901
112937312,112917090,3997730,304.77042,24.789999,97717.5,1.1610456
113098307,113078120,3997730,304.8365,24.789999,97716.74,1.1610365
113309380,113291695,3997730,304.49033,24.789999,97720.74,1.161084
113530730,113507842,3997730,304.49033,24.789999,97720.74,1.161084
113741534,113721390,3997730,304.89725,24.789999,97716.0,1.1610277
113903043,113882276,3997730,304.66208,24.789999,97718.74,1.1610603
114133714,114111050,3997730,305.28568,24.789999,97711.49,1.1609741
114344880,114324723,3997730,305.19846,24.789999,97712.5,1.1609862
114505646,114485510,3997730,304.59866,24.789999,97719.49,1.1610693
114716711,114698947,3997730,304.7493,24.789999,97717.75,1.1610485
114937892,114915154,3997730,304.85498,24.789999,97716.49,1.1610336
115098662,115075921,3997730,304.89725,24.789999,97716.0,1.1610277
115309852,115289713,3997730,305.3702,24.789999,97710.51,1.1609625
115521017,115503291,3997730,305.069,24.789999,97714.0,1.161004
115742148,115719399,3997730,304.68588,24.8,97718.49,1.1610574
115902926,115880256,3997730,304.79156,24.789999,97717.24,1.1610425
116114172,116094018,3997730,305.43365,24.8,97709.75,1.1609535
116325226,116307589,3997730,305.3491,24.8,97710.76,1.1609654
116486076,116468423,3997730,305.26453,24.8,97711.74,1.1609771
116707183,116684560,3997730,305.13507,24.8,97713.24,1.160995
116918307,116898083,3997730,305.24075,24.8,97712.0,1.1609802
117129435,117111783,3997730,305.62653,24.8,97707.5,1.1609267
117290355,117272500,3997730,305.3702,24.8,97710.5,1.1609623
117511494,117488835,3997730,305.2196,24.8,97712.24,1.1609831
117732543,117708318,3997730,305.39664,24.8,97710.2,1.1609589
117893309,117875681,3997730,305.1562,24.8,97713.0,1.160992
118114529,118091866,3997730,305.09277,24.8,97713.74,1.1610008
118325671,118305492,3997730,305.069,24.8,97714.0,1.161004
118536900,118519230,3997730,304.3635,24.81,97722.25,1.1611019
118697738,118680094,3997730,304.3635,24.8,97722.25,1.1611019
118919014,118896359,3997730,304.81268,24.8,97717.0,1.1610396
119130210,119109988,3997730,305.00558,24.8,97714.75,1.1610129
119301832,119276884,3997730,305.05313,24.81,97714.195,1.1610063
119522425,119499673,3997730,305.26453,24.8,97711.74,1.1609771
119733516,119713308,3997730,305.09277,24.8,97713.74,1.1610008
119944565,119926903,3997730,304.81268,24.81,97716.99,1.1610395
120105308,120087645,3997730,304.96332,24.81,97715.25,1.1610188
120326593,120303894,3997730,304.92105,24.81,97715.75,1.1610248
120537650,120517477,3997730,305.19846,24.81,97712.5,1.1609862
120698626,120678467,3997730,305.4125,24.81,97710.0,1.1609564
120909757,120892107,3997730,305.62918,24.81,97707.49,1.1609266
121130961,121108282,3997730,305.49707,24.81,97709.0,1.1609446
121292989,121269117,3997730,305.5631,24.81,97708.25,1.1609356
121513096,121495458,3997730,305.3702,24.81,97710.5,1.1609623
121734410,121711697,3997730,305.73486,24.81,97706.25,1.1609119
121895375,121872726,3997730,306.0546,24.81,97702.5,1.1608673
122106481,122086325,3997730,305.54196,24.81,97708.5,1.1609386
122317543,122299855,3997730,305.62918,24.81,97707.49,1.1609266
122538669,122516032,3997730,305.54196,24.81,97708.5,1.1609386
122699429,122676813,3997730,305.8432,24.81,97705.0,1.160897
122910947,122890320,3997730,305.81943,24.81,97705.25,1.1609
123142052,123119244,3997730,305.88547,24.81,97704.5,1.160891
123303302,123280144,3997730,305.9489,24.81,97703.75,1.1608822
123523988,123506269,3997730,306.46414,24.82,97697.75,1.1608108
123745399,123722228,3997730,306.22635,24.82,97700.5,1.1608436
123915850,123895677,3997730,306.4853,24.82,97697.5,1.160808
124127126,124109239,3997730,306.87106,24.82,97692.99,1.1607543
124287742,124270109,3997730,306.37695,24.82,97698.75,1.1608227
124508710,124486058,3997730,306.4853,24.82,97697.5,1.160808
124719863,124699712,3997730,306.52756,24.82,97697.0,1.160802
124930878,124913178,3997730,306.46414,24.82,97697.75,1.1608108
125092013,125073971,3997730,306.2052,24.82,97700.75,1.1608465
125312966,125290252,3997730,306.14178,24.82,97701.5,1.1608554
125524003,125503845,3997730,306.09952,24.82,97702.0,1.1608614
125735187,125717564,3997730,306.27127,24.82,97700.0,1.1608377
125896162,125878426,3997730,305.92776,24.83,97704.0,1.1608851
126117347,126094651,3997730,306.07837,24.82,97702.25,1.1608644
126328431,126308244,3997730,306.37695,24.82,97698.75,1.1608227
126539631,126521937,3997730,306.6993,24.82,97694.99,1.1607782
126700353,126682706,3997730,306.50644,24.83,97697.25,1.160805
126921586,126898870,3997730,306.41922,24.83,97698.25,1.1608168
127142686,127118494,3997730,305.70316,24.83,97706.6,1.1609161
127303559,127285939,3997730,306.31354,24.82,97699.5,1.1608317
127524761,127502102,3997730,306.0546,24.82,97702.5,1.1608673
127735814,127715566,3997730,306.4853,24.83,97697.5,1.160808
127896555,127876445,3997730,306.0546,24.83,97702.5,1.1608673
128107614,128089963,3997730,306.03345,24.83,97702.75,1.1608703
128328968,128306108,3997730,306.12067,24.83,97701.75,1.1608584
128539896,128519720,3997730,306.24747,24.83,97700.25,1.1608406
128701307,128680534,3997730,305.5631,24.83,97708.24,1.1609355
128931929,128909297,3997730,305.49707,24.83,97709.0,1.1609446
129144138,129122871,3997730,305.24075,24.83,97712.0,1.1609802
129334038,129311409,3997730,305.26453,24.83,97711.74,1.1609771
129546326,129525209,3997730,305.43365,24.83,97709.75,1.1609535
129716509,129698619,3997730,305.49707,24.83,97709.0,1.1609446
129937410,129914641,3997730,305.5631,24.83,97708.24,1.1609355
130098371,130075571,3997730,305.39136,24.83,97710.25,1.1609594
130309221,130289081,3997730,305.756,24.83,97706.0,1.1609089
130540473,130517790,3997730,306.03345,24.84,97702.75,1.1608703
130701400,130678653,3997730,306.41922,24.83,97698.25,1.1608168
130912588,130892449,3997730,306.65704,24.84,97695.5,1.1607841
131123630,131106000,3997730,306.37695,24.83,97698.75,1.1608227
131344841,131322133,3997730,306.0546,24.84,97702.5,1.1608673
131505717,131483002,3997730,306.0546,24.83,97702.5,1.1608673
131716969,131696829,3997730,306.27127,24.83,97700.0,1.1608377
131928111,131910478,3997730,306.78387,24.84,97693.99,1.1607662
132088951,132071340,3997730,307.10623,24.84,97690.25,1.1607218
132309953,132287326,3997730,306.95825,24.83,97691.99,1.1607425
132521184,132501004,3997730,307.04282,24.83,97691.0,1.1607307
132732367,132714724,3997730,306.6359,24.84,97695.74,1.160787
132913309,132890650,3997730,305.9489,24.84,97703.75,1.1608822
133124525,133104348,3997730,305.62653,24.84,97707.5,1.1609267
133295476,133271290,3997730,306.0308,24.84,97702.8,1.1608709
133516519,133493818,3997730,305.77716,24.84,97705.75,1.160906
133727659,133707507,3997730,305.81943,24.83,97705.25,1.1609
133938747,133921142,3997730,305.79828,24.84,97705.5,1.160903
134099699,134081946,3997730,305.49707,24.84,97709.0,1.1609446
134320897,134298130,3997730,305.7137,24.84,97706.5,1.1609149
134542073,134517870,3997730,305.6873,24.84,97706.8,1.1609184
134703106,134685411,3997730,305.77716,24.85,97705.75,1.160906
134924345,134901627,3997730,305.92776,24.85,97704.0,1.1608851
135135381,135115207,3997730,305.97003,24.84,97703.5,1.1608793
135296153,135275986,3997730,306.03345,24.84,97702.75,1.1608703
135507475,135489774,3997730,306.07837,24.85,97702.25,1.1608644
135728708,135705998,3997730,306.09952,24.85,97701.99,1.1608613
135939762,135919565,3997730,306.3558,24.84,97699.0,1.1608257
136110652,136086494,3997730,305.9621,24.85,97703.59,1.1608803
136331906,136309197,3997730,305.97003,24.85,97703.49,1.1608791
136542973,136522788,3997730,306.4853,24.85,97697.5,1.160808
136703778,136683645,3997730,306.3347,24.85,97699.25,1.1608287
136914923,136897292,3997730,306.18405,24.85,97700.99,1.1608495
137136006,137113305,3997730,305.88547,24.85,97704.5,1.160891
137297111,137274227,3997730,306.18405,24.85,97700.99,1.1608495
137518098,137500459,3997730,306.27127,24.85,97700.0,1.1608377
137739255,137716593,3997730,306.44037,24.85,97698.0,1.1608138
137900210,137877554,3997730,306.22635,24.859999,97700.5,1.1608436
138111610,138091098,3997730,306.2924,24.859999,97699.75,1.1608347
138342574,138319942,3997730,306.41922,24.859999,97698.25,1.1608168
138503480,138480800,3997730,306.31354,24.859999,97699.5,1.1608317
138714645,138694466,3997730,306.22635,24.859999,97700.5,1.1608436
138925836,138908209,3997730,306.31354,24.859999,97699.49,1.1608316
139086815,139069066,3997730,306.65704,24.859999,97695.49,1.160784
139307872,139285221,3997730,306.50644,24.859999,97697.25,1.160805
139519020,139498817,3997730,306.50644,24.859999,97697.25,1.160805
139730441,139712423,3997730,306.59363,24.859999,97696.25,1.1607931
139890979,139873324,3997730,306.22635,24.859999,97700.5,1.1608436
140112758,140089593,3997730,305.99118,24.859999,97703.25,1.1608763
140333487,140315846,3997730,306.01233,24.859999,97703.0,1.1608733
140494434,140476649,3997730,305.97003,24.869999,97703.5,1.1608793
140715424,140692741,3997730,306.27127,24.869999,97699.99,1.1608375
140926613,140906281,3997730,306.91333,24.869999,97692.5,1.1607485
141137767,141120105,3997730,307.21457,24.859999,97689.0,1.1607069
141298599,141280978,3997730,307.02167,24.869999,97691.24,1.1607336
141519651,141496978,3997730,306.59363,24.869999,97696.25,1.1607931
141731054,141710845,3997730,306.52756,24.869999,97697.0,1.160802
141942097,141924431,3997730,306.2924,24.869999,97699.75,1.1608347
142103021,142085352,3997730,306.16293,24.869999,97701.25,1.1608524
142334268,142314051,3997730,306.0546,24.869999,97702.5,1.1608673
142495158,142474997,3997730,306.41922,24.869999,97698.25,1.1608168
142706401,142688649,3997730,305.90396,24.869999,97704.26,1.1608882
142927545,142904924,3997730,306.0546,24.869999,97702.5,1.1608673
143138731,143118535,3997730,306.37695,24.869999,97698.75,1.1608227
143299617,143279468,3997730,306.4853,24.869999,97697.5,1.160808
143510671,143493002,3997730,306.59363,24.869999,97696.25,1.1607931
143731694,143709065,3997730,306.3558,24.869999,97699.0,1.1608257
143942751,143922574,3997730,306.09952,24.869999,97702.0,1.1608614
144103605,144083427,3997730,305.92776,24.869999,97704.0,1.1608851
144314890,144297126,3997730,305.77716,24.869999,97705.75,1.160906
144536125,144513373,3997730,305.8617,24.869999,97704.75,1.160894
144697072,144674343,3997730,305.97003,24.869999,97703.5,1.1608793
144908088,144887888,3997730,305.92776,24.869999,97704.0,1.1608851
145119342,145101616,3997730,306.09952,24.869999,97702.0,1.1608614
145340374,145317701,3997730,305.88547,24.88,97704.5,1.160891
145501243,145478546,3997730,305.79828,24.88,97705.5,1.160903
145712509,145692241,3997730,305.67145,24.88,97706.99,1.1609207
145874626,145853115,3997730,306.01233,24.88,97703.0,1.1608733
146104637,146081910,3997730,305.99118,24.869999,97703.25,1.1608763
146315837,146295678,3997730,305.9489,24.88,97703.75,1.1608822
146526995,146509322,3997730,305.8617,24.869999,97704.75,1.160894
146687832,146670217,3997730,306.01233,24.88,97703.0,1.1608733
146909147,146886351,3997730,305.6503,24.88,97707.24,1.1609237
147120359,147100182,3997730,305.9489,24.88,97703.75,1.1608822
147331418,147313759,3997730,306.24747,24.88,97700.25,1.1608406
147492954,147474654,3997730,306.46414,24.88,97697.75,1.1608108
147713528,147690743,3997730,306.12067,24.88,97701.74,1.1608583
147924549,147904290,3997730,305.92776,24.88,97704.0,1.1608851
148135458,148117838,3997730,305.97003,24.88,97703.5,1.1608793
148296715,148278807,3997730,305.6926,24.88,97706.75,1.1609179
148517424,148494777,3997730,305.7137,24.88,97706.5,1.1609149
148728390,148708218,3997730,305.8432,24.88,97705.0,1.160897
148939601,148921874,3997730,305.54196,24.88,97708.5,1.1609386
149100528,149082734,3997730,305.8617,24.88,97704.75,1.160894
149321620,149298931,3997730,305.6926,24.88,97706.75,1.1609179
149533970,149512607,3997730,306.07837,24.88,97702.25,1.1608644
149703692,149686040,3997730,305.81943,24.88,97705.25,1.1609
149924933,149902145,3997730,305.6926,24.88,97706.75,1.1609179
150136103,150115892,3997730,305.90662,24.89,97704.25,1.1608881
150297119,150276866,3997730,305.62918,24.88,97707.49,1.1609266
150508330,150490551,3997730,306.27127,24.89,97700.0,1.1608377
150729439,150706619,3997730,305.90662,24.88,97704.25,1.1608881
150940548,150920379,3997730,306.07837,24.88,97702.25,1.1608644
151101495,151081231,3997730,306.18405,24.89,97701.0,1.1608495
151312626,151294926,3997730,305.6926,24.89,97706.75,1.1609179
151534277,151511095,3997730,306.18405,24.89,97701.0,1.1608495
151704725,151684567,3997730,306.14178,24.89,97701.5,1.1608554
151915877,151898152,3997730,306.03345,24.89,97702.75,1.1608703
152137116,152114434,3997730,306.3558,24.89,97699.0,1.1608257
152297914,152275292,3997730,306.22635,24.89,97700.5,1.1608436
152509154,152489032,3997730,305.8432,24.89,97705.0,1.160897
152720347,152702628,3997730,306.07837,24.89,97702.25,1.1608644
152941443,152918748,3997730,305.81943,24.89,97705.25,1.1609
153102219,153079593,3997730,305.756,24.89,97706.0,1.1609089
153313400,153293237,3997730,306.12067,24.89,97701.75,1.1608584
153524663,153507021,3997730,306.3347,24.89,97699.25,1.1608287
153685613,153667953,3997730,306.27127,24.89,97700.0,1.1608377
153906764,153884132,3997730,306.01233,24.89,97703.0,1.1608733
154117788,154097617,3997730,305.66882,24.89,97707.0,1.1609207
154328765,154311132,3997730,306.24747,24.89,97700.25,1.1608406
154489705,154472037,3997730,306.07837,24.89,97702.25,1.1608644
154710926,154688200,3997730,306.65704,24.89,97695.49,1.160784
154932222,154907994,3997730,306.2871,24.89,97699.79,1.1608351
155093006,155075316,3997730,305.8617,24.89,97704.75,1.160894
155334377,155310177,3997730,305.5499,24.89,97708.4,1.1609374
155495378,155477496,3997730,305.49707,24.89,97709.0,1.1609446
155716361,155693648,3997730,305.92776,24.89,97704.0,1.1608851
155927475,155907260,3997730,305.6926,24.89,97706.75,1.1609179
156138567,156120807,3997730,305.99118,24.9,97703.25,1.1608763
156299372,156281713,3997730,305.756,24.9,97706.0,1.1609089
156520582,156497789,3997730,305.7137,24.9,97706.5,1.1609149
156731679,156711354,3997730,305.8617,24.9,97704.75,1.160894
156942755,156925095,3997730,305.49707,24.9,97709.0,1.1609446
157103649,157085932,3997730,305.47855,24.9,97709.24,1.1609474
157324718,157302034,3997730,305.28302,24.9,97711.5,1.1609743
157545792,157528184,3997730,305.52084,24.9,97708.75,1.1609416
157706644,157688992,3997730,305.62918,24.9,97707.49,1.1609266
157927821,157905203,3997730,305.81943,24.9,97705.25,1.1609
158089364,158066013,3997730,305.64767,24.9,97707.25,1.1609237
158310036,158292320,3997730,305.24075,24.91,97712.0,1.1609802
158531295,158508487,3997730,305.54196,24.9,97708.5,1.1609386
158742317,158722173,3997730,305.4125,24.9,97710.0,1.1609564
158903191,158882912,3997730,305.28302,24.91,97711.5,1.1609743
159114250,159096546,3997730,305.81943,24.9,97705.25,1.1609
159335632,159312686,3997730,305.30682,24.91,97711.25,1.1609713
159506425,159486209,3997730,304.96332,24.91,97715.25,1.1610188
159717544,159699873,3997730,304.83383,24.91,97716.75,1.1610366
159938580,159915828,3997730,305.17734,24.91,97712.74,1.160989
160099386,160076735,3997730,305.52084,24.91,97708.75,1.1609416
160310456,160290299,3997730,305.5631,24.91,97708.24,1.1609355
160521591,160503983,3997730,305.32794,24.91,97711.0,1.1609683
160742916,160720160,3997730,304.8761,24.91,97716.25,1.1610307
160903751,160881131,3997730,304.8761,24.91,97716.25,1.1610307
161114869,161094669,3997730,305.00558,24.91,97714.75,1.1610129
161325968,161308328,3997730,305.00558,24.91,97714.75,1.1610129
161486914,161469239,3997730,305.02673,24.91,97714.49,1.1610098
161708033,161685304,3997730,305.2619,24.91,97711.75,1.1609772
161929132,161904955,3997730,304.91574,24.91,97715.805,1.1610254
162089901,162072244,3997730,305.02673,24.91,97714.5,1.1610099
162331377,162307124,3997730,305.0875,24.91,97713.8,1.1610016
162492343,162474676,3997730,305.11392,24.91,97713.5,1.160998
162713638,162690896,3997730,304.8761,24.91,97716.25,1.1610307
162924655,162904451,3997730,305.11392,24.91,97713.5,1.160998
163135576,163117934,3997730,305.0505,24.92,97714.24,1.1610068
163296575,163278784,3997730,305.19846,24.92,97712.5,1.1609862
163517726,163495034,3997730,305.52084,24.91,97708.75,1.1609416
163728760,163708556,3997730,304.8761,24.91,97716.25,1.1610307
163899812,163875550,3997730,305.39664,24.91,97710.195,1.1609588
164121187,164098368,3997730,305.07166,24.92,97713.99,1.1610038
164332354,164312144,3997730,305.11392,24.91,97713.5,1.160998
164543410,164525733,3997730,305.09277,24.92,97713.74,1.1610008
164724442,164694185,3997730,304.89725,24.91,97716.0,1.1610277
164935459,164915227,3997730,305.02673,24.92,97714.49,1.1610098
165096128,165075975,3997730,305.13507,24.91,97713.24,1.160995
165307263,165289623,3997730,305.24075,24.91,97712.0,1.1609802
165528365,165505725,3997730,304.92105,24.92,97715.75,1.1610248
165739687,165719434,3997730,305.28568,24.92,97711.49,1.1609741
165910707,165886394,3997730,305.22488,24.92,97712.195,1.1609825
166131700,166109053,3997730,305.39136,24.92,97710.25,1.1609594
166343050,166322748,3997730,305.6054,24.92,97707.75,1.1609297
166503695,166483565,3997730,305.54196,24.92,97708.5,1.1609386
166714757,166697125,3997730,305.62653,24.92,97707.5,1.1609267
166935973,166913349,3997730,305.5631,24.92,97708.25,1.1609356
167097023,167074166,3997730,306.03345,24.92,97702.75,1.1608703
167307964,167287818,3997730,305.6503,24.92,97707.24,1.1609237
167519415,167501548,3997730,305.77716,24.92,97705.75,1.160906
167740572,167717898,3997730,305.97003,24.92,97703.5,1.1608793
167901430,167878700,3997730,305.79828,24.92,97705.5,1.160903
168112686,168092564,3997730,306.24747,24.92,97700.25,1.1608406
168324098,168306173,3997730,306.16293,24.92,97701.25,1.1608524
168544964,168522344,3997730,306.01233,24.92,97703.0,1.1608733
168705996,168683127,3997730,306.03345,24.93,97702.75,1.1608703
168917024,168896888,3997730,306.37695,24.92,97698.75,1.1608227
169128289,169110618,3997730,306.03345,24.93,97702.75,1.1608703
169289029,169271371,3997730,306.31354,24.93,97699.49,1.1608316
169510773,169487655,3997730,306.2052,24.92,97700.75,1.1608465
169731451,169713802,3997730,306.50644,24.92,97697.25,1.160805
169892318,169874590,3997730,306.44037,24.92,97698.0,1.1608138
170113632,170090903,3997730,305.99118,24.93,97703.25,1.1608763
177725471,177703621,3997730,307.40744,24.93,97686.74,1.16068
177894934,177877194,3997730,307.5343,24.93,97685.24,1.1606623
178116157,178093344,3997730,307.64264,24.93,97684.0,1.1606475
178327213,178307006,3997730,307.79324,24.93,97682.25,1.1606268
178538349,178520691,3997730,307.5343,24.939999,97685.25,1.1606624
178699367,178681528,3997730,307.38632,24.939999,97687.0,1.1606832
178920394,178897650,3997730,307.2357,24.93,97688.74,1.1607039
179131507,179111329,3997730,307.10623,24.939999,97690.25,1.1607218
179343111,179324911,3997730,307.08508,24.93,97690.5,1.1607248
179503455,179485841,3997730,306.8288,24.939999,97693.49,1.1607603
179724599,179701924,3997730,306.78387,24.939999,97693.99,1.1607662
179935895,179915669,3997730,306.46414,24.939999,97697.75,1.1608108
180096671,180076544,3997730,306.44037,24.939999,97698.0,1.1608138
180307824,180290129,3997730,306.18405,24.939999,97701.0,1.1608495
180528953,180506267,3997730,306.44037,24.939999,97698.0,1.1608138
180699867,180679650,3997730,306.18405,24.939999,97701.0,1.1608495
180910947,180893302,3997730,306.2924,24.939999,97699.75,1.1608347
181132097,181109451,3997730,306.12067,24.939999,97701.75,1.1608584
181343179,181323024,3997730,306.39807,24.939999,97698.5,1.1608198
181504064,181483898,3997730,306.59363,24.939999,97696.25,1.1607931
181715205,181697562,3997730,306.72046,24.939999,97694.74,1.1607752
181936259,181913562,3997730,306.6359,24.939999,97695.74,1.160787
182097114,182074476,3997730,306.76273,24.939999,97694.25,1.1607693
182308552,182288229,3997730,306.97675,24.939999,97691.75,1.1607395
182519577,182501826,3997730,307.1485,24.939999,97689.75,1.1607158
182740679,182718023,3997730,307.3229,24.939999,97687.74,1.160692
182901469,182878811,3997730,307.08508,24.949999,97690.5,1.1607248
183112755,183092468,3997730,307.25684,24.949999,97688.49,1.1607009
183323923,183306214,3997730,306.87106,24.949999,97693.0,1.1607544
183485659,183467153,3997730,307.19342,24.939999,97689.24,1.1607099
183705907,183683244,3997730,307.64264,24.949999,97684.0,1.1606475
183917336,183897057,3997730,307.60034,24.939999,97684.5,1.1606535
184128262,184110526,3997730,306.9979,24.949999,97691.5,1.1607367
184289001,184271352,3997730,307.1485,24.939999,97689.75,1.1607158
184520203,184500065,3997730,306.87106,24.949999,97692.99,1.1607543
184731660,184713887,3997730,306.97675,24.949999,97691.75,1.1607395
184892458,184874754,3997730,306.6993,24.949999,97694.99,1.1607782
185113514,185090891,3997730,306.8499,24.949999,97693.25,1.1607574
185324797,185304623,3997730,306.93448,24.949999,97692.25,1.1607455
185535954,185518339,3997730,307.3414,24.949999,97687.5,1.1606891
185696879,185679253,3997730,307.29913,24.949999,97687.99,1.160695
185918015,185895388,3997730,307.3229,24.949999,97687.74,1.160692
186129125,186108975,3997730,307.5343,24.949999,97685.25,1.1606624
186290404,186269952,3997730,307.44974,24.949999,97686.25,1.1606742
186521397,186498728,3997730,307.10623,24.949999,97690.25,1.1607218
186742621,186718404,3997730,306.59625,24.949999,97696.19,1.1607924
186903464,186885833,3997730,306.39807,24.949999,97698.5,1.1608198
187124879,187102111,3997730,306.59363,24.949999,97696.25,1.1607931
187295656,187275478,3997730,306.46414,24.949999,97697.75,1.1608108
187506880,187489079,3997730,306.91333,24.949999,97692.49,1.1607484
187737960,187717810,3997730,307.29913,24.949999,97687.99,1.160695
187898732,187878500,3997730,307.29913,24.949999,97688.0,1.1606951
188109831,188092157,3997730,306.61212,24.949999,97696.0,1.1607901
188330975,188308216,3997730,306.22635,24.949999,97700.5,1.1608436
188542094,188521929,3997730,306.6993,24.949999,97694.99,1.1607782
188702879,188682752,3997730,306.6359,24.949999,97695.74,1.160787
188934308,188911515,3997730,307.38632,24.949999,97687.0,1.1606832
189095044,189072332,3997730,307.06393,24.949999,97690.75,1.1607277
189306435,189286127,3997730,306.72046,24.949999,97694.74,1.1607752
189517597,189499847,3997730,306.52756,24.949999,97697.0,1.160802
189738795,189716034,3997730,306.91333,24.949999,97692.5,1.1607485
189899901,189877014,3997730,306.8922,24.949999,97692.74,1.1607513
190111072,190090873,3997730,306.8499,24.949999,97693.25,1.1607574
190322177,190304333,3997730,306.8922,24.949999,97692.75,1.1607515
190543199,190520474,3997730,306.91333,24.949999,97692.49,1.1607484
190704058,190681359,3997730,306.805,24.949999,97693.75,1.1607634
190915176,190895053,3997730,306.37695,24.949999,97698.75,1.1608227
191126548,191108799,3997730,306.4853,24.949999,97697.5,1.160808
191287306,191269671,3997730,306.37695,24.949999,97698.75,1.1608227
191508533,191485789,3997730,306.61212,24.949999,97696.0,1.1607901
191719713,191699572,3997730,307.10623,24.949999,97690.25,1.1607218
191930694,191913053,3997730,306.76538,24.949999,97694.24,1.1607692
192091659,192074032,3997730,306.6359,24.949999,97695.74,1.160787
192312844,192290201,3997730,306.6993,24.949999,97694.99,1.1607782
192524074,192503929,3997730,306.8499,24.949999,97693.25,1.1607574
192735235,192717597,3997730,307.08508,24.949999,97690.5,1.1607248
192896149,192878511,3997730,306.95825,24.949999,97691.99,1.1607425
193117271,193094638,3997730,307.4286,24.949999,97686.5,1.1606772
193328377,193308201,3997730,306.8922,24.949999,97692.75,1.1607515
193539443,193521836,3997730,306.07837,24.949999,97702.25,1.1608644
193700420,193682762,3997730,305.92776,24.949999,97704.0,1.1608851
193921550,193898893,3997730,305.7137,24.949999,97706.49,1.1609148
194132729,194112596,3997730,305.49707,24.949999,97709.0,1.1609446
194343798,194326183,3997730,305.5631,24.949999,97708.25,1.1609356
194504568,194486946,3997730,305.43365,24.949999,97709.75,1.1609535
194725726,194703026,3997730,305.54196,24.949999,97708.5,1.1609386
194936812,194916643,3997730,305.49707,24.949999,97709.0,1.1609446
195097652,195077438,3997730,305.39136,24.949999,97710.25,1.1609594
195308696,195291084,3997730,305.62653,24.949999,97707.5,1.1609267
195529995,195507250,3997730,305.3491,24.949999,97710.74,1.1609652
195741006,195720733,3997730,305.62653,24.949999,97707.5,1.1609267
195901785,195881600,3997730,305.49707,24.949999,97709.0,1.1609446
196113005,196095237,3997730,305.8432,24.949999,97705.0,1.160897
196334171,196311527,3997730,305.88547,24.949999,97704.5,1.160891
196495190,196472462,3997730,305.62918,24.949999,97707.49,1.1609266
196706304,196686129,3997730,305.92776,24.949999,97704.0,1.1608851
196917397,196899759,3997730,305.6054,24.949999,97707.74,1.1609296
197138642,197115977,3997730,306.14178,24.949999,97701.5,1.1608554
197299815,197276878,3997730,305.77716,24.949999,97705.75,1.160906
197520952,197503270,3997730,306.01233,24.949999,97703.0,1.1608733
197742127,197719422,3997730,306.0546,24.96,97702.5,1.1608673
197903064,197880336,3997730,306.14178,24.949999,97701.49,1.1608553
198115418,198093914,3997730,305.8617,24.949999,97704.75,1.160894
198345337,198322675,3997730,305.97003,24.949999,97703.5,1.1608793
198506250,198483540,3997730,305.79828,24.949999,97705.5,1.160903
198717362,198697207,3997730,305.9489,24.949999,97703.75,1.1608822
198928431,198910752,3997730,305.88547,24.949999,97704.5,1.160891
199089225,199071580,3997730,305.8617,24.949999,97704.75,1.160894
199310453,199287685,3997730,306.03345,24.949999,97702.75,1.1608703
199531520,199513825,3997730,305.81943,24.949999,97705.25,1.1609
199692343,199674708,3997730,305.8617,24.949999,97704.75,1.160894
199923631,199903460,3997730,305.9489,24.949999,97703.75,1.1608822
200134699,200117014,3997730,305.90662,24.949999,97704.25,1.1608881
200295500,200277835,3997730,306.3558,24.949999,97699.0,1.1608257
200516697,200494039,3997730,306.12067,24.949999,97701.75,1.1608584
200727710,200707582,3997730,306.22635,24.949999,97700.5,1.1608436
200938848,200921147,3997730,306.14178,24.949999,97701.5,1.1608554
201099782,201082167,3997730,306.0546,24.949999,97702.5,1.1608673
201320948,201298328,3997730,306.39807,24.949999,97698.5,1.1608198
201532422,201512091,3997730,306.14178,24.949999,97701.5,1.1608554
201743368,201725641,3997730,306.14178,24.949999,97701.49,1.1608553
201924439,201901778,3997730,306.09952,24.949999,97701.99,1.1608613
202135433,202115310,3997730,306.31354,24.949999,97699.5,1.1608317
202296257,202276098,3997730,306.3347,24.939999,97699.25,1.1608287
202507371,202489721,3997730,306.37695,24.949999,97698.75,1.1608227
202728431,202705799,3997730,306.16293,24.949999,97701.24,1.1608524
202939551,202919412,3997730,306.01233,24.949999,97703.0,1.1608733
203100561,203080233,3997730,306.09952,24.949999,97702.0,1.1608614
203311638,203293967,3997730,306.16293,24.949999,97701.24,1.1608524
203542886,203522751,3997730,306.09952,24.949999,97702.0,1.1608614
203703799,203683499,3997730,306.41922,24.949999,97698.25,1.1608168
203914632,203896947,3997730,306.18405,24.949999,97701.0,1.1608495
204135886,204113113,3997730,306.3558,24.949999,97699.0,1.1608257
204296789,204274107,3997730,306.22635,24.949999,97700.5,1.1608436
204507742,204487630,3997730,306.20786,24.949999,97700.74,1.1608465
204718938,204701232,3997730,306.14178,24.949999,97701.49,1.1608553
204940063,204917423,3997730,306.16293,24.949999,97701.25,1.1608524
205101190,205078349,3997730,306.6359,24.949999,97695.74,1.160787
205322093,205304470,3997730,306.27127,24.949999,97700.0,1.1608377
205543104,205520485,3997730,306.3558,24.949999,97699.0,1.1608257
205704012,205681285,3997730,306.12067,24.949999,97701.75,1.1608584
205915210,205894970,3997730,306.2924,24.949999,97699.75,1.1608347
206126407,206108748,3997730,306.44037,24.949999,97698.0,1.1608138
206287021,206269390,3997730,306.3347,24.949999,97699.25,1.1608287
206508465,206485713,3997730,306.18405,24.949999,97701.0,1.1608495
206719769,206699505,3997730,306.37695,24.949999,97698.75,1.1608227
206930771,206913150,3997730,306.72046,24.939999,97694.75,1.1607752
207091524,207073898,3997730,306.61212,24.949999,97696.0,1.1607901
207322807,207302625,3997730,306.31354,24.949999,97699.5,1.1608317
207533811,207516106,3997730,306.46414,24.949999,97697.75,1.1608108
207714990,207692268,3997730,306.2052,24.949999,97700.75,1.1608465
207926168,207905845,3997730,305.97003,24.949999,97703.5,1.1608793
208137176,208119540,3997730,306.5487,24.949999,97696.75,1.160799
208298047,208280313,3997730,306.46414,24.949999,97697.75,1.1608108
208529153,208509040,3997730,306.56982,24.949999,97696.5,1.160796
208740540,208722705,3997730,306.22635,24.949999,97700.5,1.1608436
208921420,208898774,3997730,306.2924,24.949999,97699.75,1.1608347
209132483,209112342,3997730,305.8617,24.949999,97704.75,1.160894
209303549,209279368,3997730,305.97797,24.949999,97703.4,1.160878
209524570,209501903,3997730,306.22635,24.949999,97700.5,1.1608436
209735932,209715781,3997730,306.09952,24.949999,97702.0,1.1608614
209896705,209876591,3997730,306.12067,24.949999,97701.75,1.1608584
210107825,210090218,3997730,306.16293,24.949999,97701.25,1.1608524
210329015,210306305,3997730,306.37695,24.949999,97698.75,1.1608227
210540084,210519942,3997730,306.22635,24.939999,97700.5,1.1608436
210701112,210680882,3997730,306.31354,24.949999,97699.5,1.1608317
210932364,210909712,3997730,306.01233,24.949999,97703.0,1.1608733
211143469,211123339,3997730,306.50644,24.949999,97697.25,1.160805
211304579,211284301,3997730,306.12067,24.949999,97701.75,1.1608584
211515664,211497986,3997730,306.31354,24.949999,97699.5,1.1608317
211736734,211714112,3997730,306.01233,24.949999,97703.0,1.1608733
211897684,211874869,3997730,306.01233,24.949999,97703.0,1.1608733
212108628,212088425,3997730,306.01233,24.949999,97703.0,1.1608733
212319802,212302057,3997730,305.73486,24.949999,97706.25,1.1609119
212540861,212518195,3997730,305.99118,24.949999,97703.25,1.1608763
212701682,212678985,3997730,305.756,24.949999,97706.0,1.1609089
212922679,212898523,3997730,306.04666,24.949999,97702.6,1.1608685
213083706,213065977,3997730,305.79828,24.949999,97705.5,1.160903
213304802,213282085,3997730,305.64767,24.949999,97707.25,1.1609237
213515960,213495691,3997730,305.97003,24.949999,97703.5,1.1608793
213726980,213709370,3997730,305.6503,24.949999,97707.24,1.1609237
213887951,213870266,3997730,305.8617,24.949999,97704.75,1.160894
214109146,214086372,3997730,305.6054,24.949999,97707.75,1.1609297
214320291,214300081,3997730,305.62918,24.949999,97707.49,1.1609266
214531455,214513665,3997730,305.6926,24.949999,97706.75,1.1609179
214692366,214674642,3997730,305.79828,24.949999,97705.5,1.160903
214913623,214890817,3997730,305.92776,24.949999,97704.0,1.1608851
215124682,215104516,3997730,305.77716,24.949999,97705.75,1.160906
215335895,215318119,3997730,305.8432,24.949999,97704.99,1.1608969
215496575,215478938,3997730,305.54196,24.949999,97708.5,1.1609386
215717768,215695048,3997730,305.54196,24.949999,97708.5,1.1609386
215928731,215908586,3997730,305.8617,24.949999,97704.75,1.160894
216140347,216122202,3997730,305.54196,24.96,97708.5,1.1609386
216300692,216282998,3997730,305.7137,24.949999,97706.49,1.1609148
216521788,216499153,3997730,305.90662,24.96,97704.25,1.1608881
216732959,216712743,3997730,305.49707,24.949999,97709.0,1.1609446
216943900,216926278,3997730,305.4125,24.949999,97710.0,1.1609564
217124904,217102271,3997730,305.5631,24.949999,97708.25,1.1609356
217336121,217315894,3997730,305.8432,24.949999,97705.0,1.160897
217497178,217477031,3997730,305.3491,24.949999,97710.75,1.1609653
217708139,217690514,3997730,305.24075,24.949999,97711.99,1.1609801
217929225,217906595,3997730,305.54196,24.949999,97708.5,1.1609386
218140256,218120108,3997730,305.39136,24.949999,97710.25,1.1609594
218301141,218280932,3997730,305.5631,24.949999,97708.24,1.1609355
218512345,218494670,3997730,305.39136,24.949999,97710.24,1.1609594
218733342,218710659,3997730,305.49707,24.949999,97709.0,1.1609446
218944374,218924227,3997730,305.24075,24.949999,97712.0,1.1609802
219105207,219085063,3997730,305.26453,24.96,97711.74,1.1609771
219316493,219298744,3997730,305.54196,24.949999,97708.5,1.1609386
219537551,219514918,3997730,305.07166,24.949999,97713.99,1.1610038
219698286,219675615,3997730,304.96332,24.949999,97715.25,1.1610188
219909365,219889242,3997730,305.09277,24.949999,97713.74,1.1610008
220120557,220102944,3997730,304.98444,24.949999,97715.0,1.1610159
220341766,220319009,3997730,304.83383,24.949999,97716.75,1.1610366
220502715,220479992,3997730,305.17734,24.949999,97712.74,1.160989
220714857,220693712,3997730,304.94217,24.949999,97715.5,1.1610218
220945080,220922368,3997730,304.89725,24.949999,97716.0,1.1610277
221106043,221083336,3997730,304.81268,24.949999,97716.99,1.1610395
221317205,221297074,3997730,304.81268,24.949999,97717.0,1.1610396
221528428,221510791,3997730,305.00558,24.949999,97714.75,1.1610129
221689344,221671690,3997730,304.79156,24.949999,97717.25,1.1610426
221910702,221887897,3997730,304.7493,24.949999,97717.74,1.1610484
222121494,222101312,3997730,305.02673,24.949999,97714.5,1.1610099
222332704,222315072,3997730,304.79156,24.949999,97717.25,1.1610426
222493696,222475963,3997730,304.66208,24.96,97718.74,1.1610603
222714822,222692106,3997730,304.79156,24.949999,97717.25,1.1610426
222925803,222905658,3997730,304.6198,24.949999,97719.24,1.1610663
223137446,223119384,3997730,304.79156,24.949999,97717.24,1.1610425
223297649,223280004,3997730,304.66208,24.96,97718.75,1.1610605
223518978,223496114,3997730,304.8761,24.949999,97716.25,1.1610307
223730075,223709876,3997730,304.49033,24.949999,97720.74,1.161084
223941749,223923599,3997730,304.49033,24.949999,97720.74,1.161084
224122491,224099648,3997730,304.57755,24.949999,97719.74,1.1610721
224333667,224313491,3997730,304.6198,24.949999,97719.24,1.1610663
224494694,224474474,3997730,304.59866,24.949999,97719.49,1.1610693
224705836,224688068,3997730,304.85498,24.949999,97716.5,1.1610336
224926988,224904283,3997730,304.70435,24.949999,97718.25,1.1610545
225139411,225117977,3997730,304.85498,24.949999,97716.5,1.1610336
225329184,225306511,3997730,304.66208,24.949999,97718.74,1.1610603
225540698,225520133,3997730,304.72815,24.949999,97717.99,1.1610514
225701031,225680893,3997730,304.51147,24.949999,97720.5,1.1610812
225912173,225894539,3997730,304.68323,24.949999,97718.5,1.1610575
226143431,226123118,3997730,304.34238,24.949999,97722.5,1.1611049
226304094,226283904,3997730,304.2129,24.949999,97724.0,1.1611228
226535181,226512557,3997730,303.91168,24.949999,97727.5,1.1611644
226695958,226673230,3997730,304.2763,24.949999,97723.25,1.1611139
226907330,226887086,3997730,304.53525,24.949999,97720.24,1.1610781
227118498,227100832,3997730,304.38464,24.949999,97722.0,1.161099
227339575,227316934,3997730,303.97772,24.949999,97726.74,1.1611553
227500500,227477827,3997730,303.93283,24.949999,97727.25,1.1611614
227721536,227697316,3997730,304.2816,24.949999,97723.2,1.1611133
227942588,227919930,3997730,304.14948,24.949999,97724.75,1.1611317
228103506,228080808,3997730,304.42694,24.949999,97721.5,1.1610931
228314759,228294535,3997730,304.14948,24.949999,97724.75,1.1611317
228477317,228455446,3997730,303.71878,24.949999,97729.75,1.1611911
228706742,228684123,3997730,303.89053,24.949999,97727.75,1.1611674
228917930,228897688,3997730,303.89053,24.949999,97727.75,1.1611674
229129177,229111481,3997730,304.10455,24.949999,97725.25,1.1611376
229290007,229272380,3997730,304.1257,24.949999,97725.0,1.1611347
229511110,229488492,3997730,304.51413,24.949999,97720.49,1.1610811
229732353,229708171,3997730,304.93423,24.949999,97715.59,1.1610229
229893376,229875759,3997730,304.5564,24.949999,97719.99,1.1610751
230114335,230091683,3997730,304.3635,24.949999,97722.25,1.1611019
230325399,230305277,3997730,304.68588,24.939999,97718.49,1.1610574
230536522,230518873,3997730,304.2129,24.949999,97724.0,1.1611228
230697603,230679907,3997730,304.64096,24.939999,97718.99,1.1610633
230918627,230895976,3997730,304.81268,24.939999,97717.0,1.1610396
231129697,231109562,3997730,304.5564,24.949999,97719.99,1.1610751
231340811,231323202,3997730,304.68588,24.949999,97718.49,1.1610574
231501723,231483985,3997730,304.70435,24.949999,97718.25,1.1610545
231723179,231700074,3997730,304.42694,24.949999,97721.5,1.1610931
231943899,231926239,3997730,304.4058,24.949999,97721.75,1.1610961
232104706,232087065,3997730,304.68323,24.939999,97718.5,1.1610575
232325958,232303175,3997730,305.11392,24.939999,97713.5,1.160998
232537270,232516866,3997730,304.72815,24.949999,97718.0,1.1610515
232698029,232677881,3997730,304.77042,24.949999,97717.5,1.1610456
232908973,232891359,3997730,305.02673,24.939999,97714.49,1.1610098
233140332,233120101,3997730,305.069,24.949999,97714.0,1.161004
233301243,233281033,3997730,305.24075,24.949999,97712.0,1.1609802
233512305,233494674,3997730,305.09277,24.939999,97713.74,1.1610008
233733433,233710790,3997730,305.62918,24.939999,97707.49,1.1609266
233894260,233871526,3997730,305.3491,24.939999,97710.74,1.1609652
234105244,234084974,3997730,305.58426,24.939999,97708.0,1.1609327
234316338,234298684,3997730,305.756,24.949999,97706.0,1.1609089
234537480,234514861,3997730,305.58426,24.949999,97707.99,1.1609325
234698323,234675609,3997730,305.73486,24.939999,97706.25,1.1609119
234909576,234889323,3997730,305.99118,24.939999,97703.25,1.1608763
235140733,235118015,3997730,306.01233,24.939999,97703.0,1.1608733
235301510,235278874,3997730,305.88547,24.949999,97704.5,1.160891
235512722,235492412,3997730,305.92776,24.949999,97704.0,1.1608851
235723744,235706012,3997730,305.9489,24.939999,97703.75,1.1608822
235944772,235922142,3997730,306.0546,24.939999,97702.5,1.1608673
236105666,236082969,3997730,306.09952,24.939999,97701.99,1.1608613
236316988,236296837,3997730,306.0546,24.949999,97702.5,1.1608673
236528300,236510559,3997730,306.50644,24.939999,97697.25,1.160805
236689031,236671390,3997730,306.46414,24.939999,97697.75,1.1608108
236910207,236887547,3997730,306.3558,24.949999,97699.0,1.1608257
237121370,237101193,3997730,306.2924,24.939999,97699.75,1.1608347
237332400,237314762,3997730,306.2924,24.949999,97699.75,1.1608347
237493512,237475632,3997730,306.50644,24.949999,97697.25,1.160805
237714555,237691871,3997730,306.22635,24.939999,97700.5,1.1608436
237925590,237905477,3997730,306.4853,24.939999,97697.5,1.160808
238136934,238119276,3997730,306.22635,24.949999,97700.5,1.1608436
238297955,238280289,3997730,306.39807,24.939999,97698.5,1.1608198
238519128,238496496,3997730,306.3347,24.939999,97699.25,1.1608287
238731094,238709946,3997730,306.27127,24.939999,97700.0,1.1608377
238901098,238883463,3997730,306.41922,24.939999,97698.25,1.1608168
239122371,239099650,3997730,306.37695,24.939999,97698.75,1.1608227
239333393,239313142,3997730,306.41922,24.939999,97698.25,1.1608168
239545629,239526949,3997730,306.6359,24.939999,97695.74,1.160787
239725572,239702865,3997730,306.6359,24.939999,97695.74,1.160787
239936582,239916470,3997730,306.39807,24.939999,97698.5,1.1608198
240097307,240077158,3997730,306.59363,24.939999,97696.25,1.1607931
240308624,240290883,3997730,306.5487,24.939999,97696.75,1.160799
240529784,240507088,3997730,306.56982,24.939999,97696.5,1.160796
240742264,240720908,3997730,306.46414,24.939999,97697.75,1.1608108
240932144,240909423,3997730,306.8499,24.949999,97693.25,1.1607574
241143166,241122987,3997730,306.3347,24.939999,97699.25,1.1608287
241303964,241283784,3997730,306.50644,24.939999,97697.25,1.160805
241515041,241497393,3997730,306.52756,24.939999,97697.0,1.160802
241736045,241713405,3997730,306.50644,24.939999,97697.25,1.160805
241896955,241874330,3997730,306.61212,24.939999,97696.0,1.1607901
242108020,242087901,3997730,306.59363,24.939999,97696.25,1.1607931
242319233,242301547,3997730,306.61212,24.939999,97696.0,1.1607901
242500227,242477562,3997730,306.74158,24.939999,97694.49,1.1607722
242711306,242691142,3997730,306.76538,24.939999,97694.24,1.1607692
242942508,242912270,3997730,306.71783,24.939999,97694.8,1.1607758
243103373,243080649,3997730,306.87106,24.939999,97693.0,1.1607544
243314631,243294253,3997730,306.97675,24.939999,97691.75,1.1607395
243525618,243507980,3997730,306.91333,24.939999,97692.5,1.1607485
243686398,243668757,3997730,307.06393,24.939999,97690.75,1.1607277
243907573,243884868,3997730,307.10623,24.939999,97690.25,1.1607218
244118683,244098477,3997730,307.29913,24.939999,97688.0,1.1606951
244329837,244312130,3997730,307.12738,24.939999,97690.0,1.1607188
244510866,244480561,3997730,307.19608,24.939999,97689.195,1.1607093
244721708,244701597,3997730,307.38632,24.939999,97686.99,1.160683
244883760,244862521,3997730,307.49203,24.939999,97685.76,1.1606684
245123879,245103685,3997730,307.17227,24.939999,97689.49,1.1607127
245285916,245264698,3997730,307.12738,24.939999,97690.0,1.1607188
245526484,245506165,3997730,307.66376,24.939999,97683.75,1.1606445
245737578,245719923,3997730,307.66376,24.939999,97683.75,1.1606445
245898428,245880807,3997730,307.55542,24.939999,97685.0,1.1606594
246119578,246096916,3997730,307.60034,24.939999,97684.5,1.1606535
246330920,246310647,3997730,307.81436,24.939999,97681.99,1.1606237
246492680,246471489,3997730,307.79324,24.939999,97682.24,1.1606266
246722805,246700185,3997730,307.4286,24.939999,97686.49,1.1606771
246933992,246913760,3997730,307.4286,24.939999,97686.5,1.1606772
247094961,247074797,3997730,307.64264,24.939999,97684.0,1.1606475
247306048,247288403,3997730,307.55542,24.939999,97685.0,1.1606594
247527256,247504615,3997730,307.6849,24.939999,97683.5,1.1606416
247738481,247718361,3997730,307.3229,24.939999,97687.74,1.160692
247899475,247879235,3997730,307.51315,24.939999,97685.5,1.1606654
248110330,248092657,3997730,307.51315,24.939999,97685.5,1.1606654
248331544,248308881,3997730,307.3229,24.939999,97687.74,1.160692
248492883,248469733,3997730,307.2357,24.939999,97688.74,1.1607039
248713753,248696124,3997730,307.29913,24.939999,97688.0,1.1606951
248934941,248912315,3997730,307.08508,24.939999,97690.5,1.1607248
249095920,249073247,3997730,306.50644,24.939999,97697.25,1.160805
249306989,249286859,3997730,306.18405,24.939999,97701.0,1.1608495
249518096,249500456,3997730,306.44037,24.939999,97698.0,1.1608138
249739426,249716552,3997730,306.01233,24.939999,97703.0,1.1608733
249899972,249877324,3997730,306.0546,24.939999,97702.5,1.1608673
250111253,250090998,3997730,306.2052,24.939999,97700.75,1.1608465
250322315,250304667,3997730,306.18405,24.939999,97701.0,1.1608495
250544060,250520881,3997730,306.24747,24.939999,97700.25,1.1608406
250714652,250694343,3997730,305.99118,24.939999,97703.25,1.1608763
250925719,250908031,3997730,305.8617,24.949999,97704.75,1.160894
251106609,251083885,3997730,306.01233,24.949999,97703.0,1.1608733
251317692,251297538,3997730,306.20786,24.939999,97700.74,1.1608465
251528807,251511163,3997730,306.14178,24.939999,97701.5,1.1608554
251689744,251672131,3997730,306.07837,24.949999,97702.25,1.1608644
251921007,251900889,3997730,305.97003,24.939999,97703.5,1.1608793
252132352,252114614,3997730,305.756,24.939999,97705.99,1.1609088
252293119,252275483,3997730,306.03345,24.949999,97702.75,1.1608703
252514335,252491608,3997730,306.09952,24.939999,97702.0,1.1608614
252725437,252705233,3997730,305.77716,24.949999,97705.75,1.160906
252936526,252918906,3997730,305.92776,24.939999,97704.0,1.1608851
253097527,253079883,3997730,305.90662,24.949999,97704.25,1.1608881
253328521,253308375,3997730,305.97003,24.949999,97703.5,1.1608793
253539552,253521934,3997730,305.8617,24.949999,97704.75,1.160894
253700487,253682777,3997730,305.8432,24.939999,97705.0,1.160897
253931679,253911500,3997730,305.64767,24.949999,97707.25,1.1609237
254142809,254125166,3997730,305.5631,24.949999,97708.25,1.1609356
254303644,254285943,3997730,305.79828,24.939999,97705.5,1.160903
254525046,254502292,3997730,305.54196,24.949999,97708.5,1.1609386
254736036,254715864,3997730,305.97003,24.949999,97703.5,1.1608793
254896790,254876676,3997730,306.12067,24.949999,97701.75,1.1608584
255108105,255090411,3997730,305.58426,24.949999,97707.99,1.1609325
255329312,255306490,3997730,305.64767,24.949999,97707.25,1.1609237
255540345,255520161,3997730,305.62918,24.949999,97707.49,1.1609266
255701111,255680968,3997730,305.62918,24.949999,97707.49,1.1609266
255912264,255894614,3997730,305.88547,24.939999,97704.5,1.160891
256133357,256110681,3997730,305.6926,24.949999,97706.75,1.1609179
256344457,256324239,3997730,305.30417,24.949999,97711.26,1.1609714
256505373,256485233,3997730,305.6054,24.949999,97707.75,1.1609297
256716492,256698858,3997730,305.45477,24.949999,97709.5,1.1609505
256937639,256914969,3997730,305.62918,24.949999,97707.49,1.1609266
257098677,257075963,3997730,305.45477,24.949999,97709.5,1.1609505
257309862,257289631,3997730,305.1562,24.949999,97712.99,1.160992
257520981,257503334,3997730,305.39136,24.949999,97710.25,1.1609594
257701997,257679337,3997730,304.96332,24.949999,97715.25,1.1610188
257914144,257892902,3997730,305.26453,24.949999,97711.74,1.1609771
258104212,258081439,3997730,305.02673,24.949999,97714.49,1.1610098
258315340,258295159,3997730,305.0505,24.949999,97714.24,1.1610068
258526586,258508979,3997730,304.68588,24.949999,97718.49,1.1610574
258687641,258669962,3997730,305.26453,24.949999,97711.74,1.1609771
258908817,258886174,3997730,305.24075,24.949999,97712.0,1.1609802
259120033,259099885,3997730,304.98444,24.949999,97715.0,1.1610159
259331216,259313564,3997730,305.00558,24.949999,97714.75,1.1610129
259492363,259474452,3997730,304.64096,24.949999,97718.99,1.1610633
259713388,259690669,3997730,304.5564,24.949999,97719.99,1.1610751
259924438,259904321,3997730,304.57755,24.939999,97719.74,1.1610721
260135511,260117877,3997730,304.70435,24.949999,97718.25,1.1610545
260296411,260278753,3997730,304.707,24.939999,97718.24,1.1610544
260517681,260494998,3997730,304.51413,24.949999,97720.49,1.1610811
260730003,260708680,3997730,304.70435,24.949999,97718.25,1.1610545
260899892,260882263,3997730,304.4692,24.939999,97721.0,1.1610872
261121215,261098327,3997730,304.5564,24.949999,97719.99,1.1610751
261332036,261311886,3997730,304.64096,24.949999,97718.99,1.1610633
261543345,261525698,3997730,304.4058,24.949999,97721.75,1.1610961
261704222,261686587,3997730,304.2552,24.949999,97723.5,1.1611168
261925930,261902680,3997730,304.4058,24.949999,97721.75,1.1610961
262096376,262076111,3997730,304.6198,24.949999,97719.24,1.1610663
262307327,262289634,3997730,304.57755,24.949999,97719.74,1.1610721
262528485,262505774,3997730,304.44806,24.949999,97721.25,1.1610901
262739532,262719361,3997730,304.4692,24.949999,97721.0,1.1610872
262900483,262880305,3997730,304.4692,24.949999,97721.0,1.1610872
263111581,263093947,3997730,304.4692,24.939999,97721.0,1.1610872
263342954,263322765,3997730,304.5564,24.939999,97719.99,1.1610751
263503826,263483686,3997730,304.42694,24.939999,97721.5,1.1610931
263715014,263697364,3997730,304.72815,24.939999,97717.99,1.1610514
263936254,263913506,3997730,304.53525,24.949999,97720.25,1.1610782
264097095,264074327,3997730,304.19174,24.949999,97724.25,1.1611258
264308117,264288003,3997730,304.72815,24.949999,97718.0,1.1610515
264519115,264501496,3997730,304.49033,24.939999,97720.74,1.161084
264740220,264717595,3997730,305.02673,24.939999,97714.49,1.1610098
264901150,264878398,3997730,304.72815,24.949999,97718.0,1.1610515
265112430,265092136,3997730,304.707,24.949999,97718.24,1.1610544
265343622,265313408,3997730,304.4877,24.949999,97720.8,1.1610848
265504519,265481839,3997730,304.72815,24.949999,97717.99,1.1610514
265715653,265695463,3997730,304.81268,24.949999,97717.0,1.1610396
265926881,265909247,3997730,304.77042,24.949999,97717.5,1.1610456
266087874,266070112,3997730,304.92105,24.939999,97715.75,1.1610248
266308908,266286231,3997730,304.89725,24.939999,97716.0,1.1610277
266530055,266505895,3997730,304.76248,24.949999,97717.59,1.1610466
266690963,266673253,3997730,304.98444,24.949999,97715.0,1.1610159
266912286,266889507,3997730,304.70435,24.939999,97718.25,1.1610545
267123446,267103272,3997730,304.89725,24.939999,97716.0,1.1610277
267284840,267264044,3997730,305.02673,24.939999,97714.49,1.1610098
267515627,267492818,3997730,304.94217,24.949999,97715.5,1.1610218
267726677,267706461,3997730,304.5564,24.949999,97719.99,1.1610751
267937734,267920094,3997730,305.00558,24.949999,97714.75,1.1610129
268098436,268080832,3997730,304.77042,24.949999,97717.49,1.1610454
268319577,268296951,3997730,305.11392,24.949999,97713.5,1.160998
268540997,268516717,3997730,304.86554,24.949999,97716.39,1.1610323
268701768,268684114,3997730,304.96332,24.949999,97715.25,1.1610188
268922996,268900362,3997730,304.98444,24.949999,97715.0,1.1610159
269134041,269113900,3997730,304.77042,24.949999,97717.5,1.1610456
269345717,269327664,3997730,304.98444,24.949999,97715.0,1.1610159
269506136,269488511,3997730,304.85498,24.949999,97716.5,1.1610336
269727330,269704631,3997730,304.83383,24.949999,97716.75,1.1610366
269938435,269918233,3997730,304.96332,24.949999,97715.25,1.1610188
270099420,270079255,3997730,304.96332,24.949999,97715.25,1.1610188
270310578,270292944,3997730,304.85498,24.949999,97716.5,1.1610336
270531826,270509174,3997730,304.81268,24.949999,97717.0,1.1610396
270743272,270722972,3997730,304.72815,24.949999,97717.99,1.1610514
270903997,270883837,3997730,304.85498,24.949999,97716.49,1.1610336
271115169,271097488,3997730,304.92105,24.949999,97715.75,1.1610248
271336584,271313819,3997730,304.96332,24.949999,97715.25,1.1610188
271497305,271474624,3997730,304.8761,24.949999,97716.25,1.1610307
271708739,271688293,3997730,305.13507,24.949999,97713.24,1.160995
271939719,271916992,3997730,304.8761,24.949999,97716.25,1.1610307
272100778,272078024,3997730,304.98444,24.949999,97715.0,1.1610159
272311888,272291766,3997730,305.13507,24.949999,97713.24,1.160995
272522906,272505267,3997730,304.98444,24.949999,97715.0,1.1610159
272744134,272721465,3997730,304.6198,24.949999,97719.25,1.1610663
272905249,272882418,3997730,304.77042,24.949999,97717.49,1.1610454
273116146,273095967,3997730,304.707,24.949999,97718.24,1.1610544
273327418,273309784,3997730,304.6198,24.949999,97719.24,1.1610663
273488242,273470614,3997730,304.59866,24.949999,97719.49,1.1610693
273709685,273686734,3997730,304.85498,24.949999,97716.5,1.1610336
273930589,273912966,3997730,304.49033,24.949999,97720.74,1.161084
274091488,274073728,3997730,304.79156,24.949999,97717.25,1.1610426
274312512,274289839,3997730,304.5564,24.949999,97719.99,1.1610751
274523696,274503391,3997730,304.85498,24.949999,97716.5,1.1610336
274734772,274717083,3997730,304.53525,24.949999,97720.24,1.1610781
274895470,274877805,3997730,304.7493,24.949999,97717.75,1.1610485
275116654,275094014,3997730,304.96332,24.949999,97715.25,1.1610188
275327757,275307615,3997730,304.79156,24.96,97717.24,1.1610425
275538989,275521198,3997730,304.89725,24.949999,97716.0,1.1610277
275699769,275682053,3997730,304.81268,24.949999,97717.0,1.1610396
275920804,275898159,3997730,304.81268,24.949999,97716.99,1.1610395
276131928,276111805,3997730,304.64096,24.949999,97718.99,1.1610633
276343178,276325547,3997730,304.96332,24.949999,97715.25,1.1610188
276504074,276486442,3997730,304.72815,24.949999,97717.99,1.1610514
276725168,276702494,3997730,304.94217,24.949999,97715.5,1.1610218
276936306,276916126,3997730,304.7493,24.949999,97717.75,1.1610485
277097141,277076876,3997730,304.7493,24.949999,97717.75,1.1610485
277308240,277290537,3997730,304.7493,24.949999,97717.74,1.1610484
277539441,277519149,3997730,304.89725,24.949999,97716.0,1.1610277
277700184,277680012,3997730,304.77042,24.96,97717.49,1.1610454
277911326,277893673,3997730,304.6198,24.949999,97719.25,1.1610663
278132679,278109990,3997730,304.83383,24.949999,97716.75,1.1610366
278343915,278323773,3997730,304.83383,24.949999,97716.75,1.1610366
278504850,278484564,3997730,304.707,24.949999,97718.24,1.1610544
278715832,278698154,3997730,304.64096,24.96,97718.99,1.1610633
278937044,278914303,3997730,304.96332,24.96,97715.25,1.1610188
279097924,279075213,3997730,304.94217,24.96,97715.5,1.1610218
279309064,279288920,3997730,304.96332,24.96,97715.25,1.1610188
279540482,279517802,3997730,304.83383,24.96,97716.75,1.1610366
279701227,279678571,3997730,304.89725,24.96,97716.0,1.1610277
279913125,279892258,3997730,304.66208,24.949999,97718.74,1.1610603
280143801,280121017,3997730,304.85498,24.96,97716.5,1.1610336
280304542,280281887,3997730,304.85498,24.96,97716.5,1.1610336
280515617,280495453,3997730,304.98444,24.96,97715.0,1.1610159
280726729,280709093,3997730,304.83383,24.96,97716.75,1.1610366
280887671,280870001,3997730,305.00558,24.949999,97714.75,1.1610129
281108781,281086100,3997730,304.85498,24.949999,97716.5,1.1610336
281320023,281299827,3997730,305.069,24.96,97714.0,1.161004
281482515,281460827,3997730,304.64096,24.96,97718.99,1.1610633
281712307,281689651,3997730,304.81268,24.949999,97717.0,1.1610396
281933658,281909412,3997730,305.00296,24.96,97714.8,1.1610135
282094377,282076732,3997730,304.89725,24.96,97716.0,1.1610277
282315548,282292858,3997730,304.68323,24.96,97718.5,1.1610575
282526718,282506550,3997730,305.00558,24.96,97714.75,1.1610129
282737893,282720193,3997730,305.11392,24.96,97713.49,1.160998
282898768,282881104,3997730,305.00558,24.96,97714.75,1.1610129
283120023,283097260,3997730,304.96332,24.96,97715.25,1.1610188
283331104,283310914,3997730,304.64096,24.96,97718.99,1.1610633
283493550,283471788,3997730,304.8761,24.96,97716.25,1.1610307
283723426,283700726,3997730,305.0505,24.949999,97714.24,1.1610068
283934550,283914365,3997730,304.89725,24.96,97716.0,1.1610277
284095486,284075278,3997730,304.66208,24.96,97718.74,1.1610603
284306758,284289141,3997730,305.19846,24.96,97712.5,1.1609862
284527878,284505148,3997730,304.79156,24.96,97717.25,1.1610426
284738878,284718757,3997730,305.02673,24.96,97714.49,1.1610098
284900019,284879854,3997730,304.94217,24.96,97715.5,1.1610218
285111334,285093398,3997730,305.11392,24.96,97713.5,1.160998
285332119,285309467,3997730,305.00558,24.949999,97714.75,1.1610129
285543438,285523086,3997730,305.13507,24.96,97713.25,1.160995
285704289,285683982,3997730,305.09277,24.96,97713.74,1.1610008
285915486,285897818,3997730,304.96332,24.96,97715.25,1.1610188
286136627,286113986,3997730,305.02673,24.96,97714.49,1.1610098
286297362,286274736,3997730,304.92105,24.96,97715.75,1.1610248
286508551,286488412,3997730,305.09015,24.96,97713.76,1.1610011
286719698,286701954,3997730,304.98444,24.96,97715.0,1.1610159
286940794,286918046,3997730,305.069,24.96,97714.0,1.161004
287101611,287078972,3997730,305.11392,24.96,97713.5,1.160998
287322862,287305193,3997730,305.09277,24.96,97713.75,1.161001
287544150,287521412,3997730,304.85498,24.96,97716.5,1.1610336
287704978,287682290,3997730,304.96332,24.96,97715.25,1.1610188
287916146,287895982,3997730,304.8999,24.96,97715.99,1.1610277
288127303,288109621,3997730,304.85498,24.96,97716.5,1.1610336
288288129,288270463,3997730,305.09277,24.96,97713.74,1.1610008
288519227,288499090,3997730,305.02673,24.96,97714.49,1.1610098
288730442,288712835,3997730,305.26453,24.96,97711.74,1.1609771
288911490,288888831,3997730,305.3491,24.97,97710.75,1.1609653
289122627,289102423,3997730,304.98444,24.96,97715.0,1.1610159
289293620,289269391,3997730,305.3438,24.96,97710.805,1.160966
289514793,289492137,3997730,305.39136,24.96,97710.25,1.1609594
289725850,289705736,3997730,305.4125,24.96,97710.0,1.1609564
289937109,289919357,3997730,305.1562,24.96,97713.0,1.160992
290098185,290080446,3997730,305.43628,24.96,97709.74,1.1609534
290319055,290296422,3997730,305.58426,24.96,97708.0,1.1609327
290530150,290510015,3997730,305.67145,24.96,97706.99,1.1609207
290741149,290723541,3997730,305.49707,24.96,97709.0,1.1609446
290902199,290884380,3997730,305.45477,24.96,97709.5,1.1609505
291123468,291100615,3997730,305.90662,24.96,97704.25,1.1608881
291334419,291314230,3997730,306.61212,24.97,97696.0,1.1607901
291495277,291475115,3997730,306.01233,24.96,97703.0,1.1608733
291706331,291688642,3997730,306.44037,24.97,97698.0,1.1608138
291927582,291904802,3997730,305.9489,24.97,97703.75,1.1608822
292138830,292118634,3997730,305.49707,24.97,97709.0,1.1609446
292299612,292279498,3997730,305.28302,24.96,97711.5,1.1609743
292530704,292500523,3997730,304.81268,24.97,97717.01,1.1610397
292741836,292721697,3997730,305.1562,24.97,97712.99,1.160992
292903008,292882587,3997730,305.00558,24.97,97714.75,1.1610129
293134008,293111334,3997730,304.98444,24.97,97715.0,1.1610159
293345181,293325005,3997730,304.77042,24.97,97717.5,1.1610456
293505974,293485854,3997730,304.68588,24.97,97718.49,1.1610574
293717212,293699357,3997730,305.02673,24.97,97714.5,1.1610099
293938214,293915533,3997730,304.92105,24.97,97715.75,1.1610248
294099589,294076404,3997730,304.17062,24.97,97724.5,1.1611288
294320488,294302845,3997730,304.3635,24.97,97722.25,1.1611019
294541651,294518989,3997730,304.17062,24.97,97724.5,1.1611288
294702573,294679832,3997730,304.2763,24.96,97723.25,1.1611139
294914981,294893534,3997730,304.12833,24.97,97724.99,1.1611346
295104855,295082130,3997730,304.4058,24.97,97721.75,1.1610961
295316012,295295851,3997730,304.2129,24.97,97724.0,1.1611228
295527109,295509443,3997730,304.51413,24.97,97720.49,1.1610811
295688073,295670358,3997730,304.2129,24.97,97724.0,1.1611228
295909200,295886435,3997730,304.34238,24.97,97722.5,1.1611049
296120250,296100011,3997730,304.38464,24.97,97722.0,1.161099
296331381,296313666,3997730,304.29745,24.97,97723.0,1.1611109
296492100,296474485,3997730,304.38464,24.97,97722.0,1.161099
296713246,296690550,3997730,304.44806,24.97,97721.25,1.1610901
296924555,296904303,3997730,304.38464,24.97,97722.0,1.161099
297135663,297117908,3997730,304.2552,24.98,97723.5,1.1611168
297296403,297278783,3997730,304.2763,24.97,97723.25,1.1611139
297517557,297494867,3997730,304.4692,24.97,97721.0,1.1610872
297728710,297708570,3997730,304.34238,24.97,97722.5,1.1611049
297939663,297922036,3997730,304.2552,24.97,97723.5,1.1611168
298100608,298082913,3997730,304.57755,24.97,97719.74,1.1610721
298321759,298299141,3997730,304.38464,24.97,97722.0,1.161099
298532946,298512723,3997730,304.59866,24.97,97719.49,1.1610693
298694058,298673581,3997730,304.68323,24.97,97718.5,1.1610575
298924897,298902184,3997730,304.53525,24.97,97720.24,1.1610781
299135900,299115762,3997730,304.85498,24.97,97716.5,1.1610336
299296770,299276616,3997730,304.66208,24.97,97718.74,1.1610603
299528050,299497794,3997730,304.5062,24.97,97720.59,1.1610823
299739286,299719032,3997730,304.6198,24.97,97719.24,1.1610663
299910073,299885890,3997730,304.69116,24.97,97718.4,1.1610563
300131176,300108455,3997730,304.6198,24.98,97719.24,1.1610663
300342257,300321989,3997730,304.6198,24.97,97719.24,1.1610663
300503066,300482950,3997730,304.64096,24.97,97718.99,1.1610633
300714170,300696524,3997730,304.59866,24.97,97719.49,1.1610693
300935311,300912657,3997730,304.707,24.97,97718.24,1.1610544
301096299,301073545,3997730,304.42694,24.97,97721.5,1.1610931
301307373,301287224,3997730,304.3635,24.98,97722.25,1.1611019
301518424,301500803,3997730,304.44806,24.98,97721.25,1.1610901
301739600,301716891,3997730,304.2763,24.98,97723.25,1.1611139
301900588,301877738,3997730,304.31857,24.98,97722.75,1.1611079
302111660,302091495,3997730,304.51413,24.98,97720.49,1.1610811
302322696,302305045,3997730,304.29745,24.98,97723.0,1.1611109
302483660,302465967,3997730,304.34238,24.97,97722.5,1.1611049
302705019,302682183,3997730,304.31857,24.98,97722.75,1.1611079
302916039,302895820,3997730,304.34238,24.98,97722.5,1.1611049
303127171,303109510,3997730,304.2763,24.98,97723.25,1.1611139
303307947,303277774,3997730,304.04114,24.98,97725.99,1.1611464
303519039,303498869,3997730,304.42694,24.98,97721.5,1.1610931
303730099,303712424,3997730,304.08344,24.97,97725.5,1.1611406
303890848,303873211,3997730,304.2129,24.98,97724.0,1.1611228
304122088,304101939,3997730,304.17062,24.98,97724.5,1.1611288
304333085,304315442,3997730,304.14948,24.98,97724.75,1.1611317
304514132,304491479,3997730,303.78482,24.98,97729.0,1.1611822
304725410,304705285,3997730,304.34238,24.98,97722.5,1.1611049
304936474,304918858,3997730,304.0623,24.98,97725.75,1.1611435
305097401,305079700,3997730,304.0623,24.98,97725.75,1.1611435
305328647,305308527,3997730,304.02,24.98,97726.25,1.1611495
305539717,305522073,3997730,304.10455,24.98,97725.25,1.1611376
305700614,305682940,3997730,304.17062,24.98,97724.5,1.1611288
305921939,305899288,3997730,304.2763,24.98,97723.25,1.1611139
306132959,306112834,3997730,304.0623,24.98,97725.75,1.1611435
306343865,306326240,3997730,304.12833,24.98,97724.99,1.1611346
306524850,306494499,3997730,304.02264,24.98,97726.2,1.1611489
306735836,306715600,3997730,303.91168,24.98,97727.5,1.1611644
306896662,306876501,3997730,304.02,24.98,97726.25,1.1611495
307107724,307090114,3997730,303.91168,24.98,97727.5,1.1611644
307328976,307306304,3997730,303.93283,24.98,97727.25,1.1611614
307540168,307520035,3997730,303.80597,24.98,97728.75,1.1611792
307702043,307680920,3997730,304.02,24.98,97726.25,1.1611495
307942592,307922377,3997730,304.2129,24.98,97724.0,1.1611228
308103446,308083267,3997730,304.0623,24.99,97725.75,1.1611435
308314571,308296966,3997730,303.93283,24.98,97727.25,1.1611614
308535689,308512969,3997730,303.89053,24.98,97727.75,1.1611674
308696459,308673806,3997730,303.82712,24.98,97728.5,1.1611762
308907583,308887376,3997730,303.73993,24.99,97729.5,1.1611881
309118682,309100978,3997730,303.67648,24.98,97730.25,1.1611971
309339677,309317059,3997730,303.63422,24.98,97730.75,1.161203
309500608,309477908,3997730,303.2696,24.99,97735.0,1.1612535
309711941,309691626,3997730,303.39905,24.98,97733.5,1.1612357
309922959,309905299,3997730,303.59195,24.98,97731.25,1.1612089
310144104,310121481,3997730,303.1639,24.99,97736.24,1.1612682
310305153,310282338,3997730,302.86267,24.99,97739.75,1.16131
310516247,310495996,3997730,302.60635,24.99,97742.75,1.1613456
310727387,310709645,3997730,302.66977,24.99,97742.0,1.1613367
310888043,310870415,3997730,302.7332,24.99,97741.25,1.1613277
311109263,311086556,3997730,302.66977,24.99,97742.0,1.1613367
311320337,311300176,3997730,302.58258,24.99,97743.0,1.1613486
311531588,311513949,3997730,302.39233,24.99,97745.24,1.1613752
311692473,311674793,3997730,302.30515,24.99,97746.25,1.1613872
311913640,311891016,3997730,302.56146,24.99,97743.25,1.1613514
312124763,312104626,3997730,302.45575,24.99,97744.5,1.1613663
312335822,312318187,3997730,301.89822,24.99,97751.0,1.1614436
312496766,312479133,3997730,302.02768,24.98,97749.5,1.1614257
312718017,312695393,3997730,301.85596,24.98,97751.5,1.1614496
312929110,312908955,3997730,301.57587,24.99,97754.75,1.1614882
313140275,313122566,3997730,301.31955,24.99,97757.75,1.1615238
313301003,313283361,3997730,301.4913,24.99,97755.75,1.1615
313522169,313499445,3997730,301.31955,24.99,97757.75,1.1615238
313733148,313713012,3997730,301.08438,24.99,97760.5,1.1615565
313894278,313873983,3997730,300.97604,24.99,97761.76,1.1615714
314105338,314087625,3997730,300.9787,24.99,97761.74,1.1615713
314326389,314303615,3997730,300.78317,24.99,97764.0,1.1615981
314537619,314517310,3997730,300.63254,24.99,97765.75,1.1616188
314698340,314678126,3997730,300.63254,24.99,97765.75,1.1616188
314909441,314891819,3997730,300.71973,24.99,97764.75,1.1616069
315130650,315107921,3997730,300.52686,24.99,97767.0,1.1616337
315341700,315321455,3997730,300.37625,24.99,97768.74,1.1616544
315502701,315482332,3997730,300.14108,24.99,97771.5,1.1616871
315713873,315696180,3997730,299.88477,25.0,97774.5,1.1617228
315934993,315912302,3997730,300.22562,24.99,97770.5,1.1616753
316095813,316073196,3997730,300.3551,24.99,97768.99,1.1616573
316307220,316286794,3997730,300.22827,24.99,97770.49,1.1616752
316538280,316515635,3997730,299.77646,24.99,97775.75,1.1617377
316699122,316676483,3997730,299.86365,24.99,97774.75,1.1617258
316910341,316890208,3997730,299.88477,24.99,97774.5,1.1617228
317121491,317103847,3997730,299.79758,24.99,97775.49,1.1617346
317343023,317320281,3997730,299.96933,24.99,97773.5,1.161711
317503959,317481209,3997730,299.94818,24.99,97773.75,1.1617138
317715135,317694976,3997730,299.82135,25.0,97775.25,1.1617317
317926252,317908600,3997730,299.94818,25.0,97773.75,1.1617138
318087035,318069327,3997730,299.92706,25.0,97774.0,1.1617168
318308232,318285465,3997730,300.07767,25.0,97772.25,1.1616961
318519206,318499092,3997730,300.07767,25.0,97772.25,1.1616961
318730639,318712707,3997730,299.92706,25.0,97774.0,1.1617168
318891238,318873559,3997730,299.99048,24.99,97773.25,1.161708
319112748,319089674,3997730,299.86365,24.99,97774.75,1.1617258
319333663,319316013,3997730,300.18335,25.0,97771.0,1.1616812
319494566,319476835,3997730,299.99048,24.99,97773.25,1.161708
319715704,319693004,3997730,300.0116,25.0,97773.0,1.161705
319926826,319906678,3997730,299.6919,25.0,97776.75,1.1617495
320137927,320120319,3997730,299.9059,25.0,97774.25,1.1617198
320298675,320281067,3997730,299.86365,25.0,97774.75,1.1617258
320519719,320497072,3997730,299.88477,25.0,97774.5,1.1617228
320730796,320710665,3997730,299.82135,25.0,97775.25,1.1617317
320941921,320924244,3997730,299.94818,25.0,97773.75,1.1617138
321102621,321084982,3997730,299.6047,25.0,97777.75,1.1617614
321323679,321301058,3997730,299.79758,25.0,97775.5,1.1617347
321534702,321514510,3997730,299.88477,25.0,97774.5,1.1617228
321695596,321675394,3997730,299.73416,25.0,97776.25,1.1617436
321906706,321888985,3997730,299.99048,25.0,97773.25,1.161708
322127726,322105046,3997730,299.77646,25.0,97775.75,1.1617377
322338872,322318647,3997730,299.73416,25.0,97776.25,1.1617436
322500330,322479560,3997730,300.0116,25.0,97773.0,1.161705
322731154,322708442,3997730,299.92706,25.0,97774.0,1.1617168
322942346,322922075,3997730,299.96933,25.0,97773.5,1.161711
323103115,323082928,3997730,299.7553,25.0,97776.0,1.1617407
323334334,323304077,3997730,299.85834,25.0,97774.79,1.1617262
323495181,323472543,3997730,300.09882,25.0,97772.0,1.1616931
323706500,323686114,3997730,299.96933,25.01,97773.5,1.161711
323917396,323899739,3997730,299.88477,25.0,97774.5,1.1617228
324138458,324115820,3997730,299.82135,25.0,97775.25,1.1617317
324299364,324276601,3997730,299.96933,25.0,97773.5,1.161711
324510933,324490354,3997730,299.8425,25.0,97775.0,1.1617287
324741734,324719053,3997730,299.9059,25.0,97774.25,1.1617198
324902982,324879881,3997730,300.0116,25.0,97773.0,1.161705
325123583,325105964,3997730,299.96933,25.0,97773.5,1.161711
325344844,325322114,3997730,299.94818,25.0,97773.75,1.1617138
325505665,325482918,3997730,300.0116,25.0,97773.0,1.161705
325716819,325696683,3997730,299.82135,25.0,97775.25,1.1617317
325928011,325910366,3997730,300.05386,25.01,97772.5,1.161699
