timestamp,timestamp_sample,baro_device_id,baro_alt_meter,baro_temp_celcius,baro_pressure_pa,rho
42326211,42303583,3997730,329.621,25.34,97428.0,1.15761
42376584,42356374,3997730,329.878,25.34,97425.0,1.15757
42537473,42517310,3997730,329.835,25.34,97425.5,1.15758
42698579,42678167,3997730,329.986,25.34,97423.8,1.15756
42909557,42891911,3997730,329.664,25.35,97427.5,1.1576
43130654,43107957,3997730,329.727,25.35,97426.7,1.15759
43341722,43321580,3997730,329.793,25.35,97426.0,1.15758
43503051,43482475,3997730,329.986,25.35,97423.8,1.15756
43733815,43711122,3997730,329.878,25.35,97425.0,1.15757
43945047,43924879,3997730,329.986,25.36,97423.8,1.15756
44105923,44085727,3997730,329.941,25.36,97424.3,1.15756
44316928,44299238,3997730,329.727,25.36,97426.8,1.15759
44538054,44515377,3997730,329.986,25.36,97423.8,1.15756
44749476,44728957,3997730,329.814,25.36,97425.8,1.15758
44920103,44902388,3997730,329.814,25.36,97425.8,1.15758
45141783,45118610,3997730,330.266,25.37,97420.5,1.15752
45312328,45292067,3997730,329.857,25.36,97425.2,1.15757
45523338,45505688,3997730,329.835,25.37,97425.5,1.15758
45744538,45721845,3997730,329.899,25.37,97424.8,1.15757
45905327,45882621,3997730,329.899,25.37,97424.8,1.15757
46116468,46096333,3997730,329.835,25.37,97425.5,1.15758
46327565,46309940,3997730,330.245,25.38,97420.7,1.15752
46508532,46485830,3997730,330.113,25.38,97422.3,1.15754
46719837,46699659,3997730,330.287,25.38,97420.2,1.15751
46930959,46913326,3997730,330.459,25.38,97418.2,1.15749
47091795,47074156,3997730,330.33,25.38,97419.7,1.15751
47323046,47302831,3997730,330.48,25.38,97418.0,1.15749
47534057,47516372,3997730,330.631,25.39,97416.3,1.15747
47694788,47677106,3997730,330.758,25.39,97414.8,1.15745
47915989,47893223,3997730,330.758,25.39,97414.8,1.15745
48127187,48107007,3997730,330.953,25.39,97412.5,1.15742
48338548,48320858,3997730,331.209,25.39,97409.5,1.15739
48499287,48481582,3997730,331.252,25.39,97409.0,1.15738
48720555,48697836,3997730,331.447,25.39,97406.8,1.15735
48931634,48911477,3997730,331.252,25.4,97409.0,1.15738
49142803,49125101,3997730,331.511,25.39,97406.0,1.15734
49303511,49285879,3997730,331.661,25.4,97404.3,1.15732
49524899,49502166,3997730,331.511,25.4,97406.0,1.15734
49736061,49715853,3997730,331.704,25.4,97403.8,1.15732
49896891,49876743,3997730,331.704,25.4,97403.8,1.15732
50108093,50090410,3997730,331.791,25.4,97402.8,1.15731
50329311,50306594,3997730,331.553,25.4,97405.5,1.15734
50540523,50520344,3997730,331.64,25.41,97404.5,1.15733
50701400,50681260,3997730,331.598,25.41,97405.0,1.15733
50933081,50902469,3997730,331.495,25.41,97406.2,1.15735
51103613,51083445,3997730,331.619,25.41,97404.8,1.15733
51314687,51297081,3997730,331.77,25.41,97403.0,1.15731
51535973,51513206,3997730,331.941,25.41,97401.0,1.15728
51697816,51674040,3997730,331.468,25.41,97406.5,1.15735
51917981,51900342,3997730,331.92,25.42,97401.3,1.15729
52139881,52116326,3997730,331.468,25.42,97406.5,1.15735
52309830,52289689,3997730,331.791,25.42,97402.8,1.15731
52521056,52503401,3997730,332.092,25.42,97399.3,1.15726
52742411,52719717,3997730,331.725,25.42,97403.5,1.15731
52903411,52880711,3997730,331.791,25.42,97402.8,1.15731
53114566,53094426,3997730,332.026,25.43,97400.0,1.15727
53325601,53307968,3997730,331.854,25.42,97402.0,1.1573
53546851,53524157,3997730,331.682,25.43,97404.0,1.15732
53707634,53684960,3997730,331.833,25.43,97402.3,1.1573
53918732,53898533,3997730,331.64,25.43,97404.5,1.15733
54130342,54112101,3997730,332.221,25.43,97397.8,1.15725
54290571,54272938,3997730,331.661,25.44,97404.3,1.15732
54511761,54488977,3997730,332.243,25.44,97397.5,1.15724
54722842,54702658,3997730,332.285,25.43,97397.0,1.15724
54934031,54916237,3997730,331.963,25.44,97400.8,1.15728
55094842,55077223,3997730,332.005,25.44,97400.3,1.15728
55316059,55293416,3997730,332.198,25.45,97398.0,1.15725
55527110,55506972,3997730,332.177,25.44,97398.3,1.15725
55738194,55720556,3997730,331.812,25.44,97402.5,1.1573
55899269,55881535,3997730,332.005,25.44,97400.3,1.15728
56120404,56097728,3997730,332.113,25.44,97399.0,1.15726
56341524,56323895,3997730,331.812,25.45,97402.5,1.1573
56502377,56484713,3997730,332.005,25.45,97400.3,1.15728
56733626,56713471,3997730,331.92,25.45,97401.2,1.15729
56944740,56927093,3997730,331.899,25.45,97401.5,1.15729
57105587,57087899,3997730,331.704,25.45,97403.8,1.15732
57326767,57304130,3997730,332.285,25.45,97397.0,1.15724
57537792,57517656,3997730,331.899,25.45,97401.5,1.15729
57698735,57678477,3997730,331.682,25.46,97404.0,1.15732
57929707,57899552,3997730,332.129,25.45,97398.8,1.15726
58140888,58120703,3997730,332.092,25.46,97399.3,1.15726
58311757,58287587,3997730,331.854,25.46,97402.0,1.1573
58533086,58510376,3997730,332.198,25.46,97398.0,1.15725
58744102,58723967,3997730,331.899,25.46,97401.5,1.15729
58905015,58884849,3997730,332.047,25.46,97399.8,1.15727
59116068,59098411,3997730,332.306,25.46,97396.8,1.15723
59337554,59314699,3997730,331.854,25.46,97402.0,1.1573
59498627,59475735,3997730,332.285,25.47,97397.0,1.15724
59709579,59689383,3997730,331.749,25.47,97403.3,1.15731
59920587,59902956,3997730,331.941,25.47,97401.0,1.15728
60141983,60119188,3997730,331.812,25.47,97402.5,1.1573
60303041,60280199,3997730,331.749,25.47,97403.3,1.15731
60513897,60493683,3997730,331.574,25.47,97405.3,1.15734
60745081,60714902,3997730,331.735,25.47,97403.4,1.15731
60906012,60883360,3997730,331.963,25.47,97400.7,1.15728
61117050,61096930,3997730,331.682,25.48,97404.0,1.15732
61328077,61310451,3997730,331.812,25.48,97402.5,1.1573
61549503,61526571,3997730,331.899,25.48,97401.5,1.15729
61720194,61700017,3997730,332.005,25.48,97400.3,1.15728
61931432,61913797,3997730,331.963,25.48,97400.8,1.15728
62092325,62074592,3997730,332.005,25.48,97400.3,1.15728
62313658,62290851,3997730,331.812,25.48,97402.5,1.1573
62524593,62504415,3997730,331.875,25.48,97401.8,1.15729
62735727,62718063,3997730,331.833,25.48,97402.3,1.1573
62896460,62878827,3997730,331.532,25.49,97405.8,1.15734
63117466,63094841,3997730,331.941,25.49,97401.0,1.15728
63328470,63308331,3997730,331.963,25.49,97400.8,1.15728
63539601,63521935,3997730,331.833,25.49,97402.3,1.1573
63720595,63697957,3997730,331.725,25.49,97403.5,1.15731
63931722,63911573,3997730,332.047,25.49,97399.8,1.15727
64142973,64125334,3997730,332.005,25.49,97400.3,1.15728
64303828,64286221,3997730,331.875,25.49,97401.8,1.15729
64524889,64502136,3997730,332.047,25.5,97399.8,1.15727
64736076,64715860,3997730,331.812,25.49,97402.5,1.1573
64947193,64929581,3997730,331.899,25.5,97401.5,1.15729
65107933,65090295,3997730,332.134,25.5,97398.8,1.15726
65329069,65306381,3997730,331.941,25.5,97401.0,1.15728
65540228,65519949,3997730,331.833,25.5,97402.3,1.1573
65700942,65680801,3997730,331.984,25.5,97400.5,1.15728
65911952,65894323,3997730,331.854,25.51,97402.0,1.1573
66133027,66110346,3997730,332.306,25.51,97396.8,1.15723
66344183,66323977,3997730,331.854,25.51,97402.0,1.1573
66505131,66484971,3997730,332.113,25.51,97399.0,1.15726
66716293,66698616,3997730,331.791,25.51,97402.8,1.15731
66937335,66914696,3997730,331.49,25.51,97406.3,1.15735
67148474,67128324,3997730,331.941,25.51,97401.0,1.15728
67309652,67289183,3997730,331.49,25.51,97406.3,1.15735
67540701,67517987,3997730,331.682,25.51,97404.0,1.15732
67702111,67678901,3997730,331.704,25.51,97403.8,1.15732
67922761,67905131,3997730,331.532,25.51,97405.8,1.15734
68143886,68121156,3997730,331.532,25.51,97405.8,1.15734
68304793,68282086,3997730,331.704,25.52,97403.8,1.15732
68515953,68495766,3997730,331.402,25.52,97407.3,1.15736
68727042,68709374,3997730,331.77,25.52,97403.0,1.15731
68948906,68925554,3997730,331.511,25.52,97406.0,1.15734
69119106,69098904,3997730,331.49,25.52,97406.3,1.15735
69330223,69312472,3997730,331.64,25.52,97404.5,1.15733
69491004,69473341,3997730,331.64,25.52,97404.5,1.15733
69712232,69689520,3997730,331.49,25.53,97406.3,1.15735
69933575,69915885,3997730,331.49,25.52,97406.3,1.15735
70094399,70076721,3997730,331.704,25.53,97403.8,1.15732
70315514,70292893,3997730,331.556,25.53,97405.5,1.15734
70526702,70506501,3997730,331.682,25.53,97404.0,1.15732
70737917,70720170,3997730,332.005,25.53,97400.3,1.15728
70898733,70881074,3997730,331.92,25.53,97401.3,1.15729
71129995,71109846,3997730,331.64,25.53,97404.5,1.15733
71341216,71323541,3997730,331.661,25.53,97404.3,1.15732
71502282,71484585,3997730,331.704,25.53,97403.8,1.15732
71723433,71700771,3997730,331.532,25.54,97405.8,1.15734
71934409,71914264,3997730,331.661,25.53,97404.3,1.15732
72145492,72127862,3997730,331.791,25.53,97402.8,1.15731
72306256,72288546,3997730,331.791,25.54,97402.8,1.15731
72527398,72504659,3997730,331.725,25.54,97403.5,1.15731
72738636,72718486,3997730,331.941,25.54,97401.0,1.15728
72899506,72879325,3997730,331.661,25.54,97404.3,1.15732
73110752,73093052,3997730,332.221,25.54,97397.8,1.15725
73331941,73309263,3997730,331.984,25.55,97400.5,1.15728
73543184,73522941,3997730,331.899,25.54,97401.5,1.15729
73704074,73683842,3997730,331.64,25.54,97404.5,1.15733
73915176,73897357,3997730,332.026,25.54,97400.0,1.15727
74136173,74113483,3997730,332.047,25.55,97399.8,1.15727
74347432,74327196,3997730,331.682,25.55,97404.0,1.15732
74508112,74487998,3997730,331.878,25.55,97401.7,1.15729
74739491,74709130,3997730,331.614,25.55,97404.8,1.15733
74900175,74877558,3997730,331.791,25.55,97402.8,1.15731
75111320,75091134,3997730,331.92,25.55,97401.3,1.15729
75322517,75304845,3997730,331.854,25.55,97402.0,1.1573
75543796,75520983,3997730,331.749,25.55,97403.3,1.15731
75704495,75681841,3997730,332.092,25.55,97399.3,1.15726
75915458,75895312,3997730,331.725,25.55,97403.5,1.15731
76126727,76109075,3997730,331.963,25.56,97400.8,1.15728
76287796,76270010,3997730,331.984,25.56,97400.5,1.15728
76508882,76486169,3997730,331.661,25.56,97404.3,1.15732
76720088,76699651,3997730,332.134,25.56,97398.8,1.15726
76931034,76913375,3997730,331.941,25.56,97401.0,1.15728
77092007,77074251,3997730,332.285,25.56,97397.0,1.15724
77313131,77290425,3997730,332.113,25.56,97399.0,1.15726
77524250,77504049,3997730,331.791,25.56,97402.8,1.15731
77735466,77717756,3997730,331.963,25.56,97400.8,1.15728
77896451,77878729,3997730,332.047,25.56,97399.8,1.15727
78127578,78107398,3997730,332.155,25.57,97398.5,1.15726
78339421,78320986,3997730,331.984,25.57,97400.5,1.15728
78499584,78481944,3997730,332.071,25.56,97399.5,1.15727
78720875,78698155,3997730,331.878,25.57,97401.7,1.15729
78932039,78911758,3997730,332.285,25.57,97397.0,1.15724
79143854,79125425,3997730,332.092,25.57,97399.3,1.15726
79303949,79286224,3997730,331.64,25.57,97404.5,1.15733
79525307,79502537,3997730,331.854,25.57,97402.0,1.1573
79746522,79728759,3997730,331.725,25.58,97403.5,1.15731
79907290,79889586,3997730,331.64,25.57,97404.5,1.15733
80128592,80105909,3997730,331.661,25.57,97404.3,1.15732
80339881,80319601,3997730,332.134,25.58,97398.8,1.15726
80500654,80480516,3997730,331.812,25.58,97402.5,1.1573
80711800,80694054,3997730,331.812,25.58,97402.5,1.1573
80933168,80910362,3997730,332.047,25.58,97399.8,1.15727
81144395,81124114,3997730,331.833,25.58,97402.3,1.1573
81305125,81284991,3997730,332.071,25.58,97399.5,1.15727
81516347,81498693,3997730,332.177,25.58,97398.3,1.15725
81747591,81727433,3997730,331.791,25.58,97402.8,1.15731
81908449,81888335,3997730,332.221,25.58,97397.8,1.15725
82119733,82102073,3997730,331.77,25.58,97403.0,1.15731
82341044,82318339,3997730,331.812,25.58,97402.5,1.1573
82501916,82479278,3997730,332.092,25.59,97399.3,1.15726
82713059,82692920,3997730,331.725,25.58,97403.5,1.15731
82924100,82906472,3997730,331.854,25.59,97402.0,1.1573
83145521,83122670,3997730,331.984,25.59,97400.5,1.15728
83306154,83283491,3997730,331.854,25.59,97402.0,1.1573
83517314,83497133,3997730,331.812,25.59,97402.5,1.1573
83728374,83710743,3997730,332.113,25.59,97399.0,1.15726
83889381,83871673,3997730,331.984,25.59,97400.5,1.15728
84120590,84100476,3997730,331.595,25.59,97405.0,1.15733
84331645,84314021,3997730,332.071,25.59,97399.5,1.15727
84492531,84474878,3997730,331.749,25.6,97403.3,1.15731
84713699,84690962,3997730,331.833,25.59,97402.3,1.1573
84924864,84904628,3997730,331.833,25.6,97402.3,1.1573
85135965,85118253,3997730,331.92,25.6,97401.3,1.15729
85296870,85279121,3997730,331.963,25.6,97400.8,1.15728
85518012,85495240,3997730,331.725,25.6,97403.5,1.15731
85729119,85708915,3997730,332.026,25.6,97400.0,1.15727
85940420,85922690,3997730,332.005,25.6,97400.3,1.15728
86121359,86091152,3997730,331.854,25.6,97402.0,1.1573
86332475,86312284,3997730,331.833,25.6,97402.3,1.1573
86543615,86525959,3997730,332.155,25.61,97398.5,1.15726
86704492,86686865,3997730,332.221,25.6,97397.8,1.15725
86925782,86903081,3997730,331.899,25.6,97401.5,1.15729
87136949,87116760,3997730,332.071,25.6,97399.5,1.15727
87348165,87330469,3997730,331.92,25.61,97401.2,1.15729
87508912,87491264,3997730,331.791,25.61,97402.8,1.15731
87730341,87707636,3997730,332.113,25.61,97399.0,1.15726
87941467,87921233,3997730,332.029,25.61,97400.0,1.15727
88102405,88082219,3997730,331.899,25.61,97401.5,1.15729
88313610,88295929,3997730,331.899,25.61,97401.5,1.15729
88534544,88511887,3997730,331.791,25.61,97402.8,1.15731
88745800,88725597,3997730,332.005,25.61,97400.3,1.15728
88906534,88886422,3997730,332.155,25.61,97398.5,1.15726
89117758,89100092,3997730,332.047,25.62,97399.8,1.15727
89338932,89316189,3997730,331.791,25.62,97402.8,1.15731
89499842,89477182,3997730,331.812,25.61,97402.5,1.1573
89711412,89690846,3997730,331.941,25.62,97401.0,1.15728
89942148,89919501,3997730,331.791,25.62,97402.8,1.15731
90102969,90080264,3997730,331.963,25.62,97400.8,1.15728
90314009,90293843,3997730,331.704,25.62,97403.8,1.15732
90525313,90507658,3997730,331.92,25.62,97401.3,1.15729
90746461,90723833,3997730,331.941,25.62,97401.0,1.15728
90907368,90884611,3997730,332.005,25.62,97400.3,1.15728
91118559,91098346,3997730,331.833,25.62,97402.3,1.1573
91330248,91312029,3997730,331.963,25.62,97400.8,1.15728
91490539,91472907,3997730,331.749,25.63,97403.3,1.15731
91712548,91689093,3997730,332.026,25.62,97400.0,1.15727
91933216,91915575,3997730,332.306,25.62,97396.8,1.15723
92093981,92076320,3997730,331.77,25.63,97403.0,1.15731
92315256,92292578,3997730,331.92,25.63,97401.3,1.15729
92526408,92506179,3997730,331.92,25.63,97401.3,1.15729
92737609,92719878,3997730,331.682,25.63,97404.0,1.15732
92898480,92880793,3997730,331.899,25.63,97401.5,1.15729
93119638,93096851,3997730,332.071,25.63,97399.5,1.15727
93330679,93310404,3997730,331.878,25.63,97401.7,1.15729
93541824,93523962,3997730,331.854,25.63,97402.0,1.1573
93702564,93684944,3997730,332.113,25.63,97399.0,1.15726
93923782,93901094,3997730,331.984,25.63,97400.5,1.15728
94134812,94114691,3997730,332.155,25.63,97398.5,1.15726
94345941,94328310,3997730,332.026,25.63,97400.0,1.15727
94506886,94489280,3997730,332.026,25.63,97400.0,1.15727
94738187,94718052,3997730,332.393,25.64,97395.7,1.15722
94949251,94931609,3997730,332.113,25.64,97399.0,1.15726
95130251,95107592,3997730,332.092,25.64,97399.3,1.15726
95341483,95321300,3997730,332.198,25.64,97398.0,1.15725
95502324,95482153,3997730,331.984,25.64,97400.5,1.15728
95713566,95695925,3997730,331.941,25.64,97401.0,1.15728
95934704,95912071,3997730,332.113,25.64,97399.0,1.15726
96145821,96125691,3997730,332.026,25.64,97400.0,1.15727
96306588,96286411,3997730,332.155,25.64,97398.5,1.15726
96517620,96499899,3997730,332.264,25.64,97397.3,1.15724
96738833,96716060,3997730,332.134,25.65,97398.8,1.15726
96899706,96877046,3997730,331.984,25.64,97400.5,1.15728
97110978,97090756,3997730,332.198,25.65,97398.0,1.15725
97322066,97304373,3997730,332.198,25.65,97398.0,1.15725
97543415,97520685,3997730,331.941,25.65,97401.0,1.15728
97704199,97681539,3997730,332.198,25.65,97398.0,1.15725
97915467,97895259,3997730,332.047,25.65,97399.8,1.15727
98126536,98108808,3997730,332.134,25.65,97398.8,1.15726
98347710,98324907,3997730,332.071,25.65,97399.5,1.15727
98508472,98485745,3997730,332.113,25.65,97399.0,1.15726
98729597,98705447,3997730,332.01,25.65,97400.2,1.15728
98890492,98872733,3997730,332.047,25.65,97399.8,1.15727
99111845,99088987,3997730,332.393,25.65,97395.7,1.15722
99322872,99302668,3997730,332.221,25.65,97397.8,1.15725
99484193,99463489,3997730,332.372,25.65,97396.0,1.15723
99714817,99692155,3997730,332.327,25.65,97396.5,1.15723
99925883,99905732,3997730,332.047,25.65,97399.8,1.15727
100136891,100119277,3997730,332.155,25.66,97398.5,1.15726
100297801,100280023,3997730,332.198,25.66,97398.0,1.15725
100528858,100508698,3997730,332.005,25.66,97400.3,1.15728
100740811,100722417,3997730,332.393,25.66,97395.7,1.15722
100901035,100883398,3997730,332.264,25.66,97397.3,1.15724
101122403,101099627,3997730,332.198,25.66,97398.0,1.15725
101333691,101313353,3997730,332.005,25.66,97400.3,1.15728
101544738,101527125,3997730,332.285,25.66,97397.0,1.15724
101705682,101688010,3997730,332.198,25.66,97398.0,1.15725
101927597,101904247,3997730,332.071,25.66,97399.5,1.15727
102148208,102130502,3997730,332.113,25.66,97399.0,1.15726
102308881,102291252,3997730,332.285,25.66,97397.0,1.15724
102530340,102507612,3997730,332.134,25.66,97398.8,1.15726
102741929,102721174,3997730,331.704,25.67,97403.8,1.15732
102932401,102909706,3997730,331.941,25.66,97401.0,1.15728
103143463,103123197,3997730,331.941,25.67,97401.0,1.15728
103304300,103284090,3997730,332.113,25.67,97399.0,1.15726
103515380,103497762,3997730,332.155,25.67,97398.5,1.15726
103736595,103713924,3997730,332.393,25.67,97395.7,1.15722
103947868,103927585,3997730,331.899,25.67,97401.5,1.15729
104108625,104088488,3997730,332.478,25.66,97394.7,1.15721
104319768,104302109,3997730,331.92,25.67,97401.3,1.15729
104500875,104478171,3997730,332.264,25.67,97397.3,1.15724
104712144,104691927,3997730,331.899,25.67,97401.5,1.15729
104923343,104905673,3997730,332.327,25.67,97396.5,1.15723
105144722,105121981,3997730,331.92,25.67,97401.2,1.15729
105305474,105282831,3997730,331.791,25.67,97402.8,1.15731
105516425,105496245,3997730,331.875,25.67,97401.8,1.15729
105727406,105709773,3997730,331.984,25.67,97400.5,1.15728
105948594,105925909,3997730,332.029,25.67,97400.0,1.15727
106109374,106086704,3997730,331.92,25.68,97401.3,1.15729
106320605,106300412,3997730,332.092,25.68,97399.3,1.15726
106491612,106467350,3997730,331.941,25.68,97401.0,1.15728
106712747,106690048,3997730,331.984,25.68,97400.5,1.15728
106923741,106903536,3997730,332.243,25.68,97397.5,1.15724
107134958,107117155,3997730,331.704,25.68,97403.8,1.15732
107295704,107278098,3997730,332.026,25.68,97400.0,1.15727
107516857,107494195,3997730,332.005,25.68,97400.3,1.15728
107738179,107713855,3997730,331.804,25.68,97402.6,1.1573
107898954,107881312,3997730,332.005,25.68,97400.3,1.15728
108120348,108097379,3997730,332.026,25.68,97400.0,1.15727
108331105,108310977,3997730,332.177,25.68,97398.3,1.15725
108542314,108524550,3997730,332.134,25.68,97398.8,1.15726
108703157,108685516,3997730,332.264,25.68,97397.3,1.15724
108924445,108901668,3997730,332.285,25.68,97397.0,1.15724
109135513,109115397,3997730,332.071,25.68,97399.5,1.15727
109346710,109329084,3997730,332.243,25.69,97397.5,1.15724
109507581,109489902,3997730,332.436,25.69,97395.2,1.15722
109728744,109706077,3997730,332.457,25.69,97395.0,1.15721
109939897,109919771,3997730,332.393,25.69,97395.7,1.15722
110151345,110133382,3997730,332.414,25.69,97395.5,1.15722
110311954,110294263,3997730,332.306,25.69,97396.8,1.15723
110533221,110510476,3997730,332.047,25.69,97399.8,1.15727
110744374,110724234,3997730,332.155,25.69,97398.5,1.15726
110905552,110885271,3997730,332.221,25.69,97397.8,1.15725
111116623,111098985,3997730,332.502,25.69,97394.5,1.15721
111338263,111315113,3997730,332.071,25.69,97399.5,1.15727
111508751,111488525,3997730,332.221,25.69,97397.8,1.15725
111720575,111702274,3997730,332.372,25.7,97396.0,1.15723
111941059,111918410,3997730,332.348,25.7,97396.3,1.15723
112102138,112079253,3997730,332.026,25.7,97400.0,1.15727
112313163,112292938,3997730,332.026,25.7,97400.0,1.15727
112524470,112506593,3997730,332.264,25.7,97397.3,1.15724
112745513,112722822,3997730,332.414,25.7,97395.5,1.15722
112906510,112883651,3997730,332.221,25.7,97397.8,1.15725
113117725,113097424,3997730,332.026,25.7,97400.0,1.15727
113328771,113310993,3997730,332.092,25.7,97399.3,1.15726
113489584,113471911,3997730,332.264,25.7,97397.3,1.15724
113710644,113688003,3997730,332.348,25.7,97396.3,1.15723
113921717,113901584,3997730,332.393,25.7,97395.7,1.15722
114132895,114115246,3997730,332.264,25.7,97397.3,1.15724
114293785,114276087,3997730,332.372,25.7,97396.0,1.15723
114514758,114492094,3997730,332.414,25.71,97395.5,1.15722
114725957,114705840,3997730,332.393,25.7,97395.7,1.15722
114936975,114919306,3997730,332.198,25.71,97398.0,1.15725
115097829,115080158,3997730,332.092,25.71,97399.3,1.15726
115319111,115296343,3997730,332.177,25.7,97398.3,1.15725
115530081,115509908,3997730,332.348,25.7,97396.3,1.15723
115741155,115723503,3997730,332.243,25.71,97397.5,1.15724
115902138,115884380,3997730,331.878,25.71,97401.7,1.15729
116123307,116100582,3997730,332.177,25.71,97398.3,1.15725
116334373,116314162,3997730,332.544,25.71,97394.0,1.1572
116545660,116527971,3997730,332.177,25.71,97398.3,1.15725
116706478,116688867,3997730,332.047,25.71,97399.8,1.15727
116927789,116905063,3997730,332.071,25.71,97399.5,1.15727
117138998,117118656,3997730,332.177,25.71,97398.3,1.15725
117299694,117279555,3997730,331.92,25.71,97401.3,1.15729
117511224,117493232,3997730,332.071,25.71,97399.5,1.15727
117732239,117709454,3997730,332.457,25.71,97395.0,1.15721
117943408,117923113,3997730,332.198,25.72,97398.0,1.15725
118104092,118083916,3997730,332.436,25.71,97395.2,1.15722
118315351,118297694,3997730,332.348,25.71,97396.3,1.15723
118536342,118513654,3997730,332.221,25.71,97397.8,1.15725
118697613,118674445,3997730,332.414,25.71,97395.5,1.15722
118918181,118900536,3997730,332.372,25.72,97396.0,1.15723
119139454,119116728,3997730,332.198,25.72,97398.0,1.15725
119300406,119277665,3997730,332.586,25.72,97393.5,1.1572
119511936,119491315,3997730,332.478,25.72,97394.7,1.15721
119742783,119720076,3997730,332.457,25.72,97395.0,1.15721
119903667,119880927,3997730,332.414,25.72,97395.5,1.15722
120114819,120094635,3997730,332.544,25.72,97394.0,1.1572
120326036,120308206,3997730,332.306,25.72,97396.8,1.15723
120547072,120524412,3997730,331.984,25.72,97400.5,1.15728
120707954,120685222,3997730,332.523,25.72,97394.2,1.1572
120919177,120898922,3997730,332.198,25.72,97398.0,1.15725
121130468,121112697,3997730,332.628,25.72,97393.0,1.15719
121291316,121273685,3997730,333.08,25.72,97387.7,1.15713
121512567,121489760,3997730,332.414,25.72,97395.5,1.15722
121723716,121703468,3997730,332.887,25.72,97390.0,1.15715
121934991,121917222,3997730,332.523,25.72,97394.2,1.1572
122095754,122078073,3997730,332.436,25.73,97395.2,1.15722
122316795,122294178,3997730,332.327,25.73,97396.5,1.15723
122528018,122507826,3997730,332.478,25.73,97394.7,1.15721
122739159,122721391,3997730,332.478,25.72,97394.7,1.15721
122899990,122882319,3997730,332.692,25.73,97392.3,1.15718
123121195,123098555,3997730,332.285,25.73,97397.0,1.15724
123342524,123324821,3997730,332.436,25.72,97395.2,1.15722
123503275,123485636,3997730,332.523,25.73,97394.2,1.1572
123724545,123701876,3997730,332.52,25.73,97394.3,1.1572
123935703,123915585,3997730,332.737,25.73,97391.8,1.15718
124146671,124129052,3997730,333.017,25.73,97388.5,1.15714
124307498,124289853,3997730,332.65,25.73,97392.7,1.15719
124528748,124506008,3997730,332.348,25.73,97396.3,1.15723
124739848,124719660,3997730,332.177,25.73,97398.3,1.15725
124900800,124880619,3997730,332.243,25.73,97397.5,1.15724
125111864,125094157,3997730,332.457,25.74,97395.0,1.15721
125333048,125310368,3997730,331.963,25.74,97400.8,1.15728
125544183,125524045,3997730,332.113,25.74,97399.0,1.15726
125705156,125684934,3997730,332.113,25.73,97399.0,1.15726
125916352,125898685,3997730,332.005,25.73,97400.3,1.15728
126137471,126114741,3997730,332.372,25.74,97396.0,1.15723
126348532,126328324,3997730,332.306,25.74,97396.8,1.15723
126509376,126489168,3997730,332.243,25.74,97397.5,1.15724
126720625,126702837,3997730,332.221,25.74,97397.8,1.15725
126941919,126919068,3997730,332.607,25.74,97393.3,1.15719
127102634,127079989,3997730,332.134,25.74,97398.8,1.15726
127313840,127293684,3997730,332.348,25.74,97396.3,1.15723
127525128,127507465,3997730,332.457,25.74,97395.0,1.15721
127746415,127723717,3997730,332.327,25.74,97396.5,1.15723
127907150,127884529,3997730,332.285,25.74,97397.0,1.15724
128128265,128104064,3997730,332.406,25.74,97395.6,1.15722
128289014,128271387,3997730,332.005,25.74,97400.3,1.15728
128510041,128487352,3997730,332.113,25.74,97399.0,1.15726
128720966,128700846,3997730,332.047,25.74,97399.8,1.15727
128932021,128914346,3997730,332.177,25.74,97398.3,1.15725
129092759,129075131,3997730,332.306,25.74,97396.8,1.15723
129313845,129291207,3997730,332.348,25.75,97396.3,1.15723
129525036,129504787,3997730,332.713,25.74,97392.0,1.15718
129736030,129718368,3997730,332.372,25.75,97396.0,1.15723
129896886,129879213,3997730,332.372,25.75,97396.0,1.15723
130117955,130095320,3997730,332.113,25.74,97399.0,1.15726
130328940,130308784,3997730,332.134,25.75,97398.8,1.15726
130539926,130522313,3997730,332.134,25.75,97398.8,1.15726
130700835,130683035,3997730,332.607,25.75,97393.2,1.15719
130922121,130899206,3997730,332.628,25.75,97393.0,1.15719
131133039,131112912,3997730,332.586,25.75,97393.5,1.1572
131344262,131326613,3997730,332.306,25.75,97396.8,1.15723
131505092,131487459,3997730,332.306,25.75,97396.8,1.15723
131726540,131703796,3997730,332.565,25.75,97393.7,1.1572
131937684,131917464,3997730,332.628,25.75,97393.0,1.15719
132098418,132078251,3997730,332.348,25.75,97396.3,1.15723
132309758,132291965,3997730,332.436,25.75,97395.2,1.15722
132530791,132508091,3997730,332.414,25.75,97395.5,1.15722
132691802,132668781,3997730,332.306,25.75,97396.8,1.15723
132912506,132894879,3997730,332.523,25.75,97394.2,1.1572
133133730,133111092,3997730,332.65,25.75,97392.7,1.15719
133344783,133324666,3997730,332.327,25.75,97396.5,1.15723
133505724,133485451,3997730,332.327,25.75,97396.5,1.15723
133716649,133699026,3997730,332.306,25.76,97396.8,1.15723
133938375,133915283,3997730,332.436,25.76,97395.2,1.15722
134108690,134088533,3997730,332.758,25.76,97391.5,1.15717
134319869,134302130,3997730,332.565,25.75,97393.7,1.1572
134540951,134518269,3997730,332.393,25.76,97395.7,1.15722
134701863,134679178,3997730,332.372,25.76,97396.0,1.15723
134912984,134892826,3997730,332.393,25.76,97395.8,1.15722
135124299,135106553,3997730,332.306,25.76,97396.8,1.15723
135345314,135322617,3997730,332.306,25.76,97396.8,1.15723
135506063,135483436,3997730,332.737,25.75,97391.7,1.15718
135717345,135697166,3997730,332.177,25.76,97398.3,1.15725
135928403,135910726,3997730,332.285,25.76,97397.0,1.15724
136089104,136071460,3997730,332.523,25.76,97394.2,1.1572
136310288,136287521,3997730,332.436,25.76,97395.2,1.15722
136521315,136501128,3997730,332.414,25.75,97395.5,1.15722
136732502,136714853,3997730,332.758,25.76,97391.5,1.15717
136893294,136875580,3997730,332.565,25.76,97393.8,1.1572
137114539,137091742,3997730,332.502,25.76,97394.5,1.15721
137325740,137305581,3997730,332.414,25.76,97395.5,1.15722
137536818,137519153,3997730,332.65,25.76,97392.8,1.15719
137697636,137679983,3997730,332.221,25.76,97397.8,1.15725
137918929,137896176,3997730,332.221,25.76,97397.8,1.15725
138130165,138109937,3997730,332.523,25.76,97394.2,1.1572
138341353,138323680,3997730,332.586,25.76,97393.5,1.1572
138522349,138492063,3997730,332.113,25.76,97399.0,1.15726
138733584,138713362,3997730,332.177,25.76,97398.3,1.15725
138944677,138927022,3997730,332.198,25.76,97398.0,1.15725
139105405,139087703,3997730,332.414,25.76,97395.5,1.15722
139326410,139303780,3997730,332.457,25.76,97395.0,1.15721
139537504,139517367,3997730,332.306,25.76,97396.8,1.15723
139748922,139731092,3997730,332.586,25.76,97393.5,1.1572
139909688,139892027,3997730,332.327,25.76,97396.5,1.15723
140131190,140108385,3997730,331.984,25.76,97400.5,1.15728
140342397,140322183,3997730,332.372,25.76,97396.0,1.15723
140503154,140482977,3997730,332.306,25.76,97396.8,1.15723
140714428,140696802,3997730,332.264,25.76,97397.3,1.15724
140935691,140912944,3997730,332.134,25.77,97398.8,1.15726
141146859,141126551,3997730,332.306,25.76,97396.8,1.15723
141307698,141287552,3997730,332.177,25.76,97398.3,1.15725
141518703,141501049,3997730,332.198,25.77,97398.0,1.15725
141739919,141717232,3997730,332.306,25.76,97396.8,1.15723
141900874,141878146,3997730,332.005,25.76,97400.3,1.15728
142112211,142091636,3997730,332.393,25.77,97395.7,1.15722
142342936,142320279,3997730,332.243,25.77,97397.5,1.15724
142503842,142481062,3997730,332.198,25.76,97398.0,1.15725
142714849,142694680,3997730,332.306,25.76,97396.8,1.15723
142926039,142908226,3997730,331.984,25.77,97400.5,1.15728
143147033,143124336,3997730,332.092,25.76,97399.3,1.15726
143307872,143285217,3997730,332.221,25.77,97397.8,1.15725
143519049,143498907,3997730,332.348,25.77,97396.3,1.15723
143730192,143712570,3997730,332.436,25.77,97395.2,1.15722
143891177,143873546,3997730,332.221,25.77,97397.8,1.15725
144112402,144089778,3997730,332.348,25.76,97396.3,1.15723
144323515,144303348,3997730,332.113,25.77,97399.0,1.15726
144534640,144516986,3997730,332.285,25.77,97397.0,1.15724
144695601,144677976,3997730,332.092,25.77,97399.3,1.15726
144916763,144894103,3997730,332.393,25.77,97395.7,1.15722
145127877,145107732,3997730,332.565,25.77,97393.8,1.1572
145339057,145321364,3997730,332.586,25.77,97393.5,1.1572
145500072,145482438,3997730,332.523,25.77,97394.2,1.1572
145721159,145698538,3997730,332.243,25.77,97397.5,1.15724
145932405,145912250,3997730,332.327,25.78,97396.5,1.15723
146143529,146125803,3997730,332.845,25.77,97390.5,1.15716
146304425,146286730,3997730,332.414,25.77,97395.5,1.15722
146525502,146502826,3997730,332.457,25.77,97395.0,1.15721
146736504,146716366,3997730,332.177,25.77,97398.3,1.15725
146947525,146929919,3997730,332.264,25.78,97397.3,1.15724
147108577,147090861,3997730,332.478,25.78,97394.7,1.15721
147329760,147307055,3997730,332.393,25.77,97395.7,1.15722
147540854,147520666,3997730,332.414,25.77,97395.5,1.15722
147701634,147681509,3997730,332.758,25.78,97391.5,1.15717
147912886,147895023,3997730,332.221,25.78,97397.8,1.15725
148133910,148111167,3997730,332.478,25.78,97394.7,1.15721
148345142,148324836,3997730,332.607,25.77,97393.2,1.15719
148505881,148485734,3997730,332.155,25.78,97398.5,1.15726
148716953,148699296,3997730,332.502,25.78,97394.5,1.15721
148938176,148915447,3997730,332.565,25.78,97393.7,1.1572
149099304,149076394,3997730,332.393,25.78,97395.7,1.15722
149320112,149302413,3997730,332.457,25.78,97395.0,1.15721
149541439,149518785,3997730,332.414,25.78,97395.5,1.15722
149702466,149679835,3997730,332.565,25.78,97393.7,1.1572
149913735,149893486,3997730,332.264,25.78,97397.3,1.15724
150124754,150107140,3997730,332.285,25.78,97397.0,1.15724
150345901,150323229,3997730,332.628,25.78,97393.0,1.15719
150506965,150484340,3997730,332.306,25.78,97396.8,1.15723
150729103,150704003,3997730,332.441,25.78,97395.2,1.15722
150949261,150926568,3997730,332.414,25.78,97395.5,1.15722
151111671,151087522,3997730,332.198,25.78,97398.0,1.15725
151331465,151313844,3997730,332.306,25.78,97396.8,1.15723
151493725,151474785,3997730,331.963,25.78,97400.8,1.15728
151713570,151690921,3997730,332.047,25.78,97399.8,1.15727
151925967,151904574,3997730,332.155,25.78,97398.5,1.15726
152115760,152093072,3997730,331.854,25.78,97402.0,1.1573
152327019,152306896,3997730,331.704,25.79,97403.8,1.15732
152538091,152520396,3997730,331.749,25.78,97403.3,1.15731
152699035,152681275,3997730,331.749,25.79,97403.3,1.15731
152920039,152897396,3997730,331.833,25.79,97402.3,1.1573
153131600,153110914,3997730,332.005,25.78,97400.3,1.15728
153301916,153284223,3997730,332.005,25.78,97400.3,1.15728
153522795,153500176,3997730,332.007,25.79,97400.2,1.15728
153733870,153713713,3997730,332.134,25.79,97398.8,1.15726
153945103,153927439,3997730,331.92,25.79,97401.3,1.15729
154106104,154088453,3997730,332.047,25.79,97399.8,1.15727
154327087,154304464,3997730,331.833,25.79,97402.3,1.1573
154538188,154518073,3997730,332.005,25.79,97400.3,1.15728
154698993,154678853,3997730,331.984,25.79,97400.5,1.15728
154910092,154892389,3997730,332.047,25.79,97399.8,1.15727
155131387,155108617,3997730,332.264,25.79,97397.3,1.15724
155292373,155269324,3997730,332.026,25.79,97400.0,1.15727
155513113,155495483,3997730,332.198,25.79,97398.0,1.15725
155734482,155711781,3997730,332.134,25.8,97398.8,1.15726
155945740,155925520,3997730,332.436,25.8,97395.2,1.15722
156106541,156086294,3997730,331.941,25.79,97401.0,1.15728
156317520,156299887,3997730,332.198,25.8,97398.0,1.15725
156538818,156516071,3997730,332.264,25.8,97397.3,1.15724
156699577,156676952,3997730,332.285,25.8,97397.0,1.15724
156910806,156890618,3997730,332.005,25.8,97400.3,1.15728
157121858,157104161,3997730,332.221,25.8,97397.8,1.15725
157342988,157320284,3997730,332.264,25.8,97397.3,1.15724
157503743,157481113,3997730,332.414,25.8,97395.5,1.15722
157714880,157694612,3997730,332.673,25.8,97392.5,1.15718
157925900,157908269,3997730,332.523,25.8,97394.2,1.1572
158147152,158124479,3997730,332.285,25.8,97397.0,1.15724
158308160,158285316,3997730,332.327,25.81,97396.5,1.15723
158519291,158499056,3997730,332.372,25.8,97396.0,1.15723
158730361,158712665,3997730,332.177,25.8,97398.3,1.15725
158891035,158873423,3997730,332.348,25.8,97396.3,1.15723
159122347,159102149,3997730,332.737,25.81,97391.8,1.15718
159333531,159315688,3997730,332.544,25.81,97394.0,1.1572
159494375,159476749,3997730,332.372,25.81,97396.0,1.15723
159715539,159692867,3997730,332.8,25.81,97391.0,1.15717
159926631,159906444,3997730,332.65,25.81,97392.7,1.15719
160138046,160120246,3997730,332.243,25.81,97397.5,1.15724
160298743,160281093,3997730,332.586,25.81,97393.5,1.1572
160519703,160497079,3997730,332.478,25.81,97394.7,1.15721
160730991,160710849,3997730,332.544,25.81,97394.0,1.1572
160942166,160924423,3997730,332.523,25.81,97394.2,1.1572
161123123,161100403,3997730,332.478,25.81,97394.7,1.15721
161334263,161314111,3997730,332.628,25.81,97393.0,1.15719
161545708,161527946,3997730,332.737,25.81,97391.7,1.15718
161706534,161688860,3997730,332.177,25.81,97398.3,1.15725
161927888,161905237,3997730,332.264,25.81,97397.3,1.15724
162139039,162118890,3997730,332.502,25.81,97394.5,1.15721
162299976,162279811,3997730,332.372,25.81,97396.0,1.15723
162511144,162493442,3997730,332.716,25.81,97392.0,1.15718
162732246,162709610,3997730,332.285,25.81,97397.0,1.15724
162943374,162923210,3997730,332.177,25.82,97398.3,1.15725
163104604,163084307,3997730,332.502,25.82,97394.5,1.15721
163315617,163297987,3997730,332.586,25.81,97393.5,1.1572
163536819,163514184,3997730,332.177,25.82,97398.3,1.15725
163748137,163727848,3997730,332.306,25.81,97396.8,1.15723
163908920,163888797,3997730,332.264,25.82,97397.3,1.15724
164120080,164102437,3997730,332.692,25.81,97392.3,1.15718
164341108,164318460,3997730,332.436,25.82,97395.2,1.15722
164502075,164479287,3997730,332.264,25.81,97397.3,1.15724
164713389,164693128,3997730,332.393,25.82,97395.7,1.15722
164924382,164906716,3997730,332.694,25.82,97392.2,1.15718
165145631,165122964,3997730,332.005,25.82,97400.3,1.15728
165306512,165283664,3997730,332.586,25.82,97393.5,1.1572
165517409,165497230,3997730,332.221,25.82,97397.8,1.15725
165728464,165710694,3997730,332.393,25.82,97395.7,1.15722
165889382,165871472,3997730,332.523,25.82,97394.2,1.1572
166110194,166087532,3997730,332.243,25.82,97397.5,1.15724
166321408,166301183,3997730,332.264,25.82,97397.3,1.15724
166532438,166514813,3997730,332.414,25.83,97395.5,1.15722
166693375,166675585,3997730,332.457,25.82,97395.0,1.15721
166914311,166891631,3997730,332.393,25.83,97395.7,1.15722
167126000,167105292,3997730,332.628,25.82,97393.0,1.15719
167296431,167278666,3997730,332.671,25.83,97392.5,1.15718
167518259,167494906,3997730,332.565,25.82,97393.8,1.1572
167739003,167721327,3997730,332.478,25.83,97394.8,1.15721
167899832,167882166,3997730,332.586,25.83,97393.5,1.1572
168121124,168098451,3997730,332.93,25.83,97389.5,1.15715
168332761,168312224,3997730,332.565,25.82,97393.7,1.1572
168503406,168485709,3997730,332.737,25.82,97391.7,1.15718
168724463,168701784,3997730,332.716,25.83,97392.0,1.15718
168935597,168915459,3997730,332.65,25.83,97392.7,1.15719
169146699,169129069,3997730,332.502,25.83,97394.5,1.15721
169307508,169289857,3997730,332.65,25.83,97392.7,1.15719
169529244,169506102,3997730,332.134,25.83,97398.8,1.15726
169699711,169679545,3997730,332.306,25.83,97396.8,1.15723
169910925,169893194,3997730,332.565,25.83,97393.7,1.1572
170132155,170109315,3997730,332.198,25.83,97398.0,1.15725
170343325,170323093,3997730,332.306,25.83,97396.8,1.15723
170504084,170483915,3997730,332.026,25.83,97400.0,1.15727
170715441,170697661,3997730,332.607,25.83,97393.2,1.15719
170936674,170913913,3997730,332.393,25.83,97395.8,1.15722
171147586,171127440,3997730,332.414,25.83,97395.5,1.15722
171308390,171288240,3997730,332.372,25.84,97396.0,1.15723
171519567,171501939,3997730,332.047,25.83,97399.8,1.15727
171740766,171718071,3997730,331.833,25.83,97402.3,1.1573
171901646,171878947,3997730,332.155,25.83,97398.5,1.15726
172112755,172092580,3997730,332.243,25.84,97397.5,1.15724
172323916,172306189,3997730,332.436,25.84,97395.2,1.15722
172545257,172522560,3997730,332.113,25.84,97399.0,1.15726
172706087,172683397,3997730,331.661,25.84,97404.3,1.15732
172917109,172896954,3997730,332.306,25.83,97396.8,1.15723
173128123,173110475,3997730,331.64,25.83,97404.5,1.15733
173349312,173326620,3997730,331.941,25.84,97401.0,1.15728
173510119,173487359,3997730,331.963,25.84,97400.8,1.15728
173721236,173700994,3997730,331.984,25.84,97400.5,1.15728
173932444,173914766,3997730,332.05,25.84,97399.7,1.15727
174093159,174075542,3997730,332.393,25.84,97395.7,1.15722
174314552,174291749,3997730,332.393,25.84,97395.7,1.15722
174525913,174505647,3997730,332.243,25.84,97397.5,1.15724
174736938,174719186,3997730,332.436,25.84,97395.2,1.15722
174897737,174880102,3997730,332.029,25.85,97400.0,1.15727
175118765,175096140,3997730,332.243,25.84,97397.5,1.15724
175340027,175315734,3997730,332.509,25.84,97394.4,1.15721
175500904,175483255,3997730,332.134,25.85,97398.8,1.15726
175722226,175699499,3997730,332.523,25.85,97394.2,1.1572
175933519,175913260,3997730,332.264,25.85,97397.3,1.15724
176144723,176127038,3997730,332.243,25.85,97397.5,1.15724
176305557,176287933,3997730,332.436,25.85,97395.2,1.15722
176526665,176504040,3997730,332.092,25.85,97399.3,1.15726
176737824,176717628,3997730,332.348,25.85,97396.3,1.15723
176898887,176878407,3997730,332.198,25.85,97398.0,1.15725
177129795,177107038,3997730,332.113,25.85,97399.0,1.15726
177341017,177320548,3997730,332.243,25.85,97397.5,1.15724
177511513,177493866,3997730,332.198,25.85,97398.0,1.15725
177733138,177710130,3997730,332.457,25.85,97395.0,1.15721
177903822,177883570,3997730,332.348,25.85,97396.3,1.15723
178115049,178097243,3997730,332.758,25.85,97391.5,1.15717
178335955,178313304,3997730,332.779,25.85,97391.3,1.15717
178547196,178527002,3997730,332.993,25.85,97388.7,1.15714
178708257,178688062,3997730,332.671,25.85,97392.5,1.15718
178919430,178901646,3997730,332.348,25.85,97396.3,1.15723
179140451,179117772,3997730,331.899,25.85,97401.5,1.15729
179301236,179278545,3997730,332.026,25.86,97400.0,1.15727
179512365,179492147,3997730,332.221,25.85,97397.8,1.15725
179723478,179705848,3997730,332.779,25.86,97391.3,1.15717
179944792,179921938,3997730,332.348,25.86,97396.3,1.15723
180105523,180082896,3997730,332.586,25.86,97393.5,1.1572
180316706,180296508,3997730,332.092,25.86,97399.3,1.15726
180527720,180510107,3997730,332.478,25.86,97394.7,1.15721
180708810,180686134,3997730,332.092,25.86,97399.3,1.15726
180919865,180899749,3997730,332.026,25.86,97400.0,1.15727
181131117,181113471,3997730,332.179,25.86,97398.2,1.15725
181291961,181274327,3997730,332.092,25.86,97399.3,1.15726
181523256,181503137,3997730,332.372,25.86,97396.0,1.15723
181734408,181716785,3997730,331.92,25.86,97401.3,1.15729
181895397,181877729,3997730,332.457,25.86,97395.0,1.15721
182116550,182093849,3997730,332.327,25.86,97396.5,1.15723
182327679,182307510,3997730,332.134,25.85,97398.8,1.15726
182538964,182521231,3997730,332.155,25.86,97398.5,1.15726
182699789,182681984,3997730,332.327,25.86,97396.5,1.15723
182920805,182898154,3997730,332.671,25.86,97392.5,1.15718
183132009,183111855,3997730,332.565,25.86,97393.8,1.1572
183343260,183325638,3997730,332.478,25.86,97394.7,1.15721
183504138,183486385,3997730,332.372,25.87,97396.0,1.15723
183725202,183702498,3997730,332.026,25.87,97400.0,1.15727
183936317,183916118,3997730,332.243,25.87,97397.5,1.15724
184097301,184077060,3997730,332.285,25.86,97397.0,1.15724
184308292,184290622,3997730,332.285,25.87,97397.0,1.15724
184529675,184506906,3997730,332.327,25.87,97396.5,1.15723
184740776,184720561,3997730,332.327,25.87,97396.5,1.15723
184901599,184881450,3997730,332.177,25.87,97398.3,1.15725
185132800,185102629,3997730,332.079,25.87,97399.4,1.15727
185344125,185323814,3997730,332.221,25.87,97397.8,1.15725
185504824,185484674,3997730,332.348,25.87,97396.3,1.15723
185715875,185698204,3997730,332.264,25.87,97397.3,1.15724
185937176,185914333,3997730,332.414,25.87,97395.5,1.15722
186148113,186127972,3997730,332.348,25.87,97396.3,1.15723
186309396,186288724,3997730,332.845,25.87,97390.5,1.15716
186540070,186517432,3997730,332.306,25.87,97396.8,1.15723
186701105,186678262,3997730,332.348,25.87,97396.3,1.15723
186912358,186892093,3997730,332.372,25.87,97396.0,1.15723
187123826,187105893,3997730,332.821,25.87,97390.8,1.15716
187344757,187322095,3997730,332.457,25.87,97395.0,1.15721
187505619,187482895,3997730,332.221,25.87,97397.8,1.15725
187716827,187696629,3997730,332.436,25.87,97395.2,1.15722
187927998,187910171,3997730,332.134,25.88,97398.8,1.15726
188088789,188071136,3997730,332.177,25.87,97398.3,1.15725
188309809,188287160,3997730,332.177,25.87,97398.3,1.15725
188521004,188500828,3997730,332.155,25.88,97398.5,1.15726
188732153,188714411,3997730,332.372,25.87,97396.0,1.15723
188893041,188875367,3997730,332.113,25.88,97399.0,1.15726
189114151,189091499,3997730,332.327,25.88,97396.5,1.15723
189325224,189305000,3997730,332.327,25.88,97396.5,1.15723
189536237,189518588,3997730,332.372,25.88,97396.0,1.15723
189697026,189679389,3997730,332.414,25.88,97395.5,1.15722
189918252,189895493,3997730,332.264,25.88,97397.3,1.15724
190129309,190109176,3997730,332.502,25.88,97394.5,1.15721
190340567,190322921,3997730,332.348,25.88,97396.3,1.15723
190521730,190498907,3997730,332.264,25.88,97397.3,1.15724
190732761,190712536,3997730,332.134,25.88,97398.8,1.15726
190943692,190926055,3997730,332.005,25.88,97400.3,1.15728
191104449,191086810,3997730,332.243,25.88,97397.5,1.15724
191325751,191303008,3997730,332.026,25.88,97400.0,1.15727
191536940,191516643,3997730,332.478,25.88,97394.8,1.15721
191747951,191730261,3997730,332.113,25.87,97399.0,1.15726
191908565,191890958,3997730,332.348,25.88,97396.3,1.15723
192129785,192107047,3997730,332.047,25.88,97399.8,1.15727
192340846,192320716,3997730,331.92,25.88,97401.3,1.15729
192502222,192481573,3997730,332.457,25.88,97395.0,1.15721
192732969,192710251,3997730,331.92,25.88,97401.2,1.15729
192944023,192923853,3997730,332.264,25.88,97397.3,1.15724
193105048,193084758,3997730,332.243,25.88,97397.5,1.15724
193316102,193298469,3997730,332.372,25.88,97396.0,1.15723
193537207,193514586,3997730,332.155,25.89,97398.5,1.15726
193698071,193675306,3997730,332.414,25.88,97395.5,1.15722
193908891,193888713,3997730,332.502,25.88,97394.5,1.15721
194120135,194102388,3997730,331.875,25.89,97401.8,1.15729
194341262,194318493,3997730,332.414,25.88,97395.5,1.15722
194502147,194479491,3997730,332.264,25.88,97397.3,1.15724
194723315,194705674,3997730,332.221,25.89,97397.8,1.15725
194944661,194921769,3997730,332.372,25.88,97396.0,1.15723
195105551,195082879,3997730,332.348,25.88,97396.3,1.15723
195316747,195296607,3997730,332.414,25.88,97395.5,1.15722
195528046,195510270,3997730,332.306,25.89,97396.8,1.15723
195749290,195726410,3997730,332.348,25.88,97396.3,1.15723
195910044,195887287,3997730,332.348,25.89,97396.3,1.15723
196121118,196100994,3997730,332.026,25.89,97400.0,1.15727
196332242,196314598,3997730,332.285,25.89,97397.0,1.15724
196493086,196475472,3997730,332.198,25.89,97398.0,1.15725
196714625,196691882,3997730,332.243,25.88,97397.5,1.15724
196925665,196905517,3997730,332.264,25.89,97397.3,1.15724
197096520,197072348,3997730,332.301,25.89,97396.8,1.15724
197317696,197295028,3997730,332.155,25.88,97398.5,1.15726
197528807,197508614,3997730,332.264,25.88,97397.3,1.15724
197739944,197722323,3997730,332.436,25.89,97395.2,1.15722
197920876,197898235,3997730,332.134,25.89,97398.8,1.15726
198132095,198111943,3997730,332.047,25.89,97399.8,1.15727
198303097,198278912,3997730,332.182,25.89,97398.2,1.15725
198524362,198501693,3997730,332.285,25.89,97397.0,1.15724
198735452,198715308,3997730,332.285,25.89,97397.0,1.15724
198946568,198928950,3997730,332.155,25.89,97398.5,1.15726
199107438,199089749,3997730,332.155,25.89,97398.5,1.15726
199328575,199305929,3997730,331.963,25.89,97400.8,1.15728
199490349,199466847,3997730,332.092,25.89,97399.3,1.15726
199710831,199693131,3997730,332.393,25.89,97395.7,1.15722
199942013,199921773,3997730,332.523,25.89,97394.2,1.1572
200102977,200082652,3997730,332.113,25.89,97399.0,1.15726
200314039,200296257,3997730,332.071,25.89,97399.5,1.15727
200535210,200512532,3997730,332.155,25.89,97398.5,1.15726
200746217,200726032,3997730,332.092,25.89,97399.3,1.15726
200907017,200886895,3997730,332.523,25.89,97394.2,1.1572
201118203,201100543,3997730,332.113,25.89,97399.0,1.15726
201339210,201316515,3997730,332.586,25.89,97393.5,1.1572
201500478,201477332,3997730,332.327,25.89,97396.5,1.15723
201721385,201703724,3997730,332.092,25.89,97399.3,1.15726
201942559,201919847,3997730,332.414,25.89,97395.5,1.15722
202103373,202080708,3997730,332.264,25.89,97397.3,1.15724
202314961,202294259,3997730,332.155,25.89,97398.5,1.15726
202545874,202523195,3997730,332.285,25.89,97397.0,1.15724
202706814,202684134,3997730,332.348,25.89,97396.3,1.15723
202918021,202897813,3997730,332.866,25.89,97390.3,1.15716
203129220,203111375,3997730,332.758,25.9,97391.5,1.15717
203290184,203272377,3997730,332.737,25.89,97391.7,1.15718
203511366,203488601,3997730,332.372,25.9,97396.0,1.15723
203722375,203702186,3997730,332.779,25.9,97391.3,1.15717
203933488,203915841,3997730,332.586,25.89,97393.5,1.1572
204094517,204076751,3997730,332.523,25.9,97394.2,1.1572
204315795,204293075,3997730,332.565,25.9,97393.7,1.1572
204526726,204506591,3997730,332.155,25.89,97398.5,1.15726
204737917,204720291,3997730,332.436,25.89,97395.2,1.15722
204898656,204881012,3997730,332.264,25.9,97397.3,1.15724
205119797,205097160,3997730,332.221,25.9,97397.8,1.15725
205331147,205310926,3997730,332.372,25.9,97396.0,1.15723
205542774,205524534,3997730,332.523,25.9,97394.2,1.1572
205723063,205700417,3997730,332.393,25.9,97395.7,1.15722
205934265,205914067,3997730,332.071,25.9,97399.5,1.15727
206145357,206127690,3997730,332.414,25.9,97395.5,1.15722
206306132,206288495,3997730,332.348,25.9,97396.3,1.15723
206527168,206504504,3997730,332.155,25.9,97398.5,1.15726
206738408,206718261,3997730,332.716,25.9,97392.0,1.15718
206949573,206931931,3997730,332.65,25.9,97392.8,1.15719
207110387,207092707,3997730,332.221,25.9,97397.8,1.15725
207331525,207308867,3997730,332.327,25.9,97396.5,1.15723
207542649,207522448,3997730,332.457,25.9,97395.0,1.15721
207703633,207683373,3997730,332.285,25.9,97397.0,1.15724
207914718,207897077,3997730,332.436,25.9,97395.2,1.15722
208135922,208113279,3997730,332.264,25.9,97397.3,1.15724
208347066,208326911,3997730,332.414,25.9,97395.5,1.15722
208508068,208487887,3997730,332.544,25.9,97394.0,1.1572
208719137,208701434,3997730,332.673,25.9,97392.5,1.15718
208940184,208917521,3997730,332.502,25.9,97394.5,1.15721
209100972,209078301,3997730,332.306,25.9,97396.8,1.15723
209322149,209297990,3997730,332.388,25.9,97395.8,1.15722
209543474,209520748,3997730,332.457,25.9,97395.0,1.15721
209704423,209681708,3997730,332.457,25.9,97395.0,1.15721
209915819,209895487,3997730,332.414,25.9,97395.5,1.15722
210126868,210109175,3997730,332.457,25.91,97395.0,1.15721
210348012,210325269,3997730,332.436,25.9,97395.2,1.15722
210508824,210486162,3997730,332.586,25.9,97393.5,1.1572
210719966,210699779,3997730,332.692,25.91,97392.3,1.15718
210881187,210860603,3997730,332.628,25.91,97393.0,1.15719
211111879,211089251,3997730,332.65,25.91,97392.8,1.15719
211323092,211302973,3997730,332.737,25.91,97391.8,1.15718
211534262,211516624,3997730,332.457,25.91,97395.0,1.15721
211695242,211677558,3997730,332.457,25.91,97395.0,1.15721
211916435,211893772,3997730,332.478,25.91,97394.7,1.15721
212127630,212107465,3997730,332.393,25.9,97395.7,1.15722
212338708,212321080,3997730,332.478,25.91,97394.7,1.15721
212500267,212481925,3997730,332.348,25.91,97396.3,1.15723
212720847,212698188,3997730,332.565,25.91,97393.8,1.1572
212932057,212911892,3997730,332.393,25.91,97395.7,1.15722
213143154,213125519,3997730,332.285,25.91,97397.0,1.15724
213304104,213286425,3997730,332.779,25.91,97391.3,1.15717
213525339,213502605,3997730,332.393,25.91,97395.7,1.15722
213736468,213716303,3997730,332.327,25.91,97396.5,1.15723
213947499,213929868,3997730,332.523,25.91,97394.2,1.1572
214108473,214090637,3997730,332.436,25.92,97395.2,1.15722
214329510,214306750,3997730,332.502,25.91,97394.5,1.15721
214540739,214520489,3997730,332.414,25.91,97395.5,1.15722
214701407,214681288,3997730,332.586,25.91,97393.5,1.1572
214912556,214894889,3997730,332.372,25.91,97396.0,1.15723
215133823,215111071,3997730,332.65,25.91,97392.8,1.15719
215345074,215324870,3997730,332.65,25.92,97392.7,1.15719
215505860,215485665,3997730,332.523,25.91,97394.2,1.1572
215716963,215699354,3997730,332.372,25.91,97396.0,1.15723
215948400,215928176,3997730,332.436,25.91,97395.2,1.15722
216109117,216088992,3997730,332.586,25.91,97393.5,1.1572
216320311,216302673,3997730,332.586,25.92,97393.5,1.1572
216541382,216518693,3997730,332.414,25.92,97395.5,1.15722
216702310,216679553,3997730,332.951,25.91,97389.2,1.15715
216913439,216893281,3997730,332.372,25.92,97396.0,1.15723
217124577,217106914,3997730,332.134,25.92,97398.8,1.15726
217345801,217323173,3997730,332.544,25.91,97394.0,1.1572
217506737,217484042,3997730,332.737,25.92,97391.8,1.15718
217717876,217697728,3997730,332.628,25.91,97393.0,1.15719
217928854,217911132,3997730,332.457,25.92,97395.0,1.15721
218089647,218071996,3997730,332.779,25.92,97391.3,1.15717
218311044,218288192,3997730,332.65,25.92,97392.8,1.15719
218521970,218501827,3997730,332.478,25.92,97394.7,1.15721
218692953,218668749,3997730,332.509,25.92,97394.4,1.15721
218914248,218891414,3997730,332.628,25.92,97393.0,1.15719
219125268,219105047,3997730,332.628,25.92,97393.0,1.15719
219336491,219318795,3997730,332.502,25.92,97394.5,1.15721
219497514,219479643,3997730,332.502,25.93,97394.5,1.15721
219718501,219695870,3997730,332.177,25.92,97398.3,1.15725
219929859,219909622,3997730,332.155,25.92,97398.5,1.15726
220140907,220123237,3997730,332.327,25.92,97396.5,1.15723
220301653,220283973,3997730,332.327,25.92,97396.5,1.15723
220522794,220500144,3997730,332.221,25.92,97397.8,1.15725
220733932,220713790,3997730,332.502,25.92,97394.5,1.15721
220945412,220927680,3997730,332.372,25.93,97396.0,1.15723
221106315,221088555,3997730,332.414,25.92,97395.5,1.15722
221327388,221304712,3997730,332.565,25.93,97393.7,1.1572
221538464,221518322,3997730,332.198,25.92,97398.0,1.15725
221699293,221679089,3997730,332.198,25.93,97398.0,1.15725
221910705,221892650,3997730,332.457,25.93,97395.0,1.15721
222131518,222108822,3997730,332.327,25.93,97396.5,1.15723
222342762,222322622,3997730,332.502,25.92,97394.5,1.15721
222503653,222483456,3997730,332.372,25.93,97396.0,1.15723
222714863,222697001,3997730,332.523,25.93,97394.2,1.1572
222935772,222913086,3997730,332.198,25.93,97398.0,1.15725
223147361,223126666,3997730,332.628,25.93,97393.0,1.15719
223317782,223300122,3997730,332.523,25.93,97394.2,1.1572
223538824,223516111,3997730,332.393,25.93,97395.7,1.15722
223699640,223676976,3997730,332.393,25.93,97395.7,1.15722
223910758,223890588,3997730,332.8,25.93,97391.0,1.15717
224121961,224104326,3997730,332.523,25.93,97394.2,1.1572
224343073,224320394,3997730,332.692,25.93,97392.3,1.15718
224504012,224481361,3997730,332.607,25.94,97393.2,1.15719
224715186,224695000,3997730,332.716,25.93,97392.0,1.15718
224926314,224908680,3997730,332.565,25.93,97393.7,1.1572
225147479,225124749,3997730,332.586,25.93,97393.5,1.1572
225318471,225298326,3997730,332.866,25.94,97390.3,1.15716
225529600,225511924,3997730,332.306,25.94,97396.8,1.15723
225690408,225672746,3997730,332.523,25.93,97394.2,1.1572
225911721,225888987,3997730,332.716,25.94,97392.0,1.15718
226122826,226102673,3997730,332.457,25.94,97395.0,1.15721
226333949,226316340,3997730,332.607,25.93,97393.2,1.15719
226494729,226477006,3997730,332.779,25.94,97391.3,1.15717
226715897,226693173,3997730,332.586,25.94,97393.5,1.1572
226926976,226906730,3997730,332.502,25.94,97394.5,1.15721
227138173,227120480,3997730,332.951,25.94,97389.2,1.15715
227299090,227281460,3997730,332.502,25.94,97394.5,1.15721
227520367,227497613,3997730,332.457,25.94,97395.0,1.15721
227731503,227711197,3997730,332.457,25.95,97395.0,1.15721
227942524,227924810,3997730,332.478,25.94,97394.7,1.15721
228103525,228085587,3997730,332.673,25.94,97392.5,1.15718
228324466,228301755,3997730,332.523,25.94,97394.2,1.1572
228535689,228515550,3997730,332.951,25.94,97389.2,1.15715
228746743,228729103,3997730,332.221,25.95,97397.8,1.15725
228907765,228889895,3997730,332.457,25.94,97395.0,1.15721
229128780,229106128,3997730,332.478,25.94,97394.7,1.15721
229290358,229267000,3997730,332.243,25.94,97397.5,1.15724
229511057,229493406,3997730,332.502,25.94,97394.5,1.15721
229732341,229709457,3997730,332.177,25.94,97398.3,1.15725
229943013,229922888,3997730,332.866,25.95,97390.3,1.15716
230103991,230083713,3997730,332.436,25.95,97395.2,1.15722
230314987,230297326,3997730,332.414,25.95,97395.5,1.15722
230536356,230513538,3997730,332.565,25.95,97393.8,1.1572
230747252,230727117,3997730,332.457,25.95,97395.0,1.15721
230907974,230887800,3997730,332.393,25.95,97395.7,1.15722
231119088,231101407,3997730,332.716,25.95,97392.0,1.15718
231340332,231317603,3997730,332.414,25.95,97395.5,1.15722
231511162,231490923,3997730,332.779,25.95,97391.3,1.15717
231722310,231704687,3997730,332.285,25.95,97397.0,1.15724
231943553,231920868,3997730,332.779,25.95,97391.3,1.15717
232104581,232081938,3997730,332.737,25.95,97391.8,1.15718
232315694,232295549,3997730,332.393,25.95,97395.7,1.15722
232526871,232509218,3997730,332.478,25.96,97394.7,1.15721
232748286,232725526,3997730,332.671,25.95,97392.5,1.15718
232909028,232886307,3997730,332.544,25.95,97394.0,1.1572
233120101,233099982,3997730,332.523,25.96,97394.2,1.1572
233331076,233313451,3997730,332.523,25.96,97394.2,1.1572
233491888,233474196,3997730,332.692,25.96,97392.3,1.15718
233713003,233690278,3997730,332.692,25.96,97392.3,1.15718
233924410,233904171,3997730,332.414,25.96,97395.5,1.15722
234135525,234117872,3997730,332.716,25.96,97392.0,1.15718
234296334,234278611,3997730,332.866,25.96,97390.3,1.15716
234517531,234494722,3997730,332.243,25.96,97397.5,1.15724
234728611,234708314,3997730,332.393,25.96,97395.7,1.15722
234939741,234922077,3997730,332.478,25.96,97394.7,1.15721
235120749,235090516,3997730,332.525,25.96,97394.2,1.1572
235331850,235311624,3997730,332.285,25.97,97397.0,1.15724
235543125,235525307,3997730,332.457,25.96,97395.0,1.15721
235703945,235686302,3997730,332.565,25.96,97393.7,1.1572
235925011,235902328,3997730,332.65,25.96,97392.8,1.15719
236136397,236116095,3997730,332.348,25.96,97396.3,1.15723
236347775,236330061,3997730,332.758,25.96,97391.5,1.15717
236508554,236490909,3997730,332.565,25.97,97393.8,1.1572
236729763,236706958,3997730,332.502,25.97,97394.5,1.15721
236940835,236920642,3997730,332.502,25.97,97394.5,1.15721
237101934,237081452,3997730,332.414,25.97,97395.5,1.15722
237312814,237295195,3997730,332.198,25.97,97398.0,1.15725
237533977,237511347,3997730,332.478,25.97,97394.7,1.15721
237745014,237724864,3997730,332.478,25.97,97394.7,1.15721
237905911,237885760,3997730,332.348,25.97,97396.3,1.15723
238117231,238099459,3997730,332.628,25.97,97393.0,1.15719
238338313,238315651,3997730,332.372,25.97,97396.0,1.15723
238499126,238476421,3997730,332.478,25.97,97394.7,1.15721
238710889,238690020,3997730,332.65,25.97,97392.7,1.15719
238941340,238918599,3997730,332.544,25.97,97394.0,1.1572
239102316,239079529,3997730,332.221,25.97,97397.8,1.15725
239313555,239293227,3997730,332.092,25.97,97399.3,1.15726
239524694,239506943,3997730,332.908,25.97,97389.8,1.15715
239745827,239723156,3997730,332.502,25.98,97394.5,1.15721
239906771,239883975,3997730,332.65,25.98,97392.8,1.15719
240117703,240097566,3997730,332.544,25.98,97394.0,1.1572
240328686,240311061,3997730,332.565,25.98,97393.8,1.1572
240549935,240527259,3997730,332.502,25.98,97394.5,1.15721
240710642,240687959,3997730,332.544,25.98,97394.0,1.1572
240921724,240901584,3997730,332.502,25.98,97394.5,1.15721
241132931,241115279,3997730,332.457,25.98,97395.0,1.15721
241313979,241291319,3997730,332.436,25.98,97395.2,1.15722
241525102,241504953,3997730,332.436,25.98,97395.2,1.15722
241736145,241718501,3997730,332.285,25.98,97397.0,1.15724
241897069,241879421,3997730,332.243,25.98,97397.5,1.15724
242128549,242108435,3997730,332.221,25.98,97397.8,1.15725
242339663,242322041,3997730,332.478,25.98,97394.7,1.15721
242500634,242482958,3997730,332.457,25.98,97395.0,1.15721
242721787,242699138,3997730,332.306,25.98,97396.8,1.15723
242932988,242912788,3997730,332.393,25.99,97395.7,1.15722
243144018,243126402,3997730,332.327,25.99,97396.5,1.15723
243304925,243287242,3997730,332.737,25.98,97391.8,1.15718
243526133,243503497,3997730,332.716,25.98,97392.0,1.15718
243737434,243717270,3997730,332.586,25.99,97393.5,1.1572
243898232,243878046,3997730,332.414,25.99,97395.5,1.15722
244109477,244091681,3997730,332.372,25.99,97396.0,1.15723
244330598,244307921,3997730,332.285,25.99,97397.0,1.15724
244541773,244521632,3997730,332.414,25.98,97395.5,1.15722
244702662,244682404,3997730,332.544,25.99,97394.0,1.1572
244913773,244896056,3997730,332.327,25.99,97396.5,1.15723
245134888,245112169,3997730,332.092,25.99,97399.3,1.15726
245346166,245325966,3997730,332.544,25.99,97394.0,1.1572
245506897,245486732,3997730,332.478,25.99,97394.7,1.15721
245738173,245707918,3997730,332.457,25.99,97395.0,1.15721
245949412,245929238,3997730,332.372,25.99,97396.0,1.15723
246120543,246096270,3997730,332.56,25.99,97393.8,1.1572
246341567,246318880,3997730,332.607,25.99,97393.3,1.15719
246502523,246479778,3997730,332.544,25.99,97394.0,1.1572
246713463,246693340,3997730,332.821,25.99,97390.8,1.15716
246944644,246914458,3997730,332.816,25.99,97390.8,1.15716
247105718,247083055,3997730,332.523,25.99,97394.2,1.1572
247317004,247296859,3997730,332.694,25.99,97392.2,1.15718
247528086,247510409,3997730,332.607,26.0,97393.2,1.15719
247749439,247726616,3997730,332.972,26.0,97389.0,1.15714
247910262,247887599,3997730,332.436,26.0,97395.2,1.15722
248131495,248107213,3997730,332.441,26.0,97395.2,1.15722
248292478,248274861,3997730,332.607,26.0,97393.3,1.15719
248513708,248491087,3997730,332.565,26.0,97393.8,1.1572
248724989,248704777,3997730,332.673,26.0,97392.5,1.15718
248936162,248918420,3997730,332.65,26.0,97392.7,1.15719
249096846,249079198,3997730,332.628,26.0,97393.0,1.15719
249318297,249295493,3997730,332.327,26.0,97396.5,1.15723
249529448,249509260,3997730,332.523,26.0,97394.2,1.1572
249690642,249669953,3997730,332.348,26.01,97396.3,1.15723
249921369,249898702,3997730,332.393,26.0,97395.7,1.15722
250132764,250112289,3997730,332.327,26.01,97396.5,1.15723
250343673,250326041,3997730,332.737,26.0,97391.7,1.15718
250504518,250486872,3997730,332.607,26.0,97393.2,1.15719
250725786,250703166,3997730,332.436,26.01,97395.2,1.15722
250936767,250916587,3997730,332.436,26.0,97395.2,1.15722
251097688,251077475,3997730,332.372,26.01,97396.0,1.15723
251308888,251291103,3997730,332.414,26.01,97395.5,1.15722
251529782,251507141,3997730,332.198,26.01,97398.0,1.15725
251741139,251720785,3997730,332.544,26.01,97394.0,1.1572
251901887,251881733,3997730,332.393,26.01,97395.7,1.15722
252112941,252095325,3997730,332.692,26.01,97392.3,1.15718
252334192,252311364,3997730,332.586,26.01,97393.5,1.1572
252545254,252525002,3997730,332.177,26.01,97398.3,1.15725
252706134,252685906,3997730,332.348,26.01,97396.3,1.15723
252917435,252899810,3997730,332.565,26.01,97393.7,1.1572
253138648,253115907,3997730,332.243,26.01,97397.5,1.15724
253299383,253276738,3997730,332.264,26.02,97397.3,1.15724
253510526,253490376,3997730,332.113,26.01,97399.0,1.15726
253721821,253704197,3997730,332.306,26.02,97396.8,1.15723
253943206,253920352,3997730,332.628,26.02,97393.0,1.15719
254103894,254081243,3997730,331.941,26.02,97401.0,1.15728
254315376,254295140,3997730,332.692,26.02,97392.3,1.15718
254526381,254508728,3997730,332.348,26.02,97396.3,1.15723
254747364,254724698,3997730,332.478,26.02,97394.7,1.15721
254908178,254885509,3997730,332.628,26.02,97393.0,1.15719
255119344,255099134,3997730,332.198,26.02,97398.0,1.15725
255330291,255312625,3997730,332.502,26.02,97394.5,1.15721
255511226,255480960,3997730,332.578,26.02,97393.6,1.1572
255722471,255702116,3997730,332.544,26.02,97394.0,1.1572
255933562,255915915,3997730,332.8,26.02,97391.0,1.15717
256094469,256076821,3997730,332.544,26.02,97394.0,1.1572
256315571,256292912,3997730,332.544,26.03,97394.0,1.1572
256526659,256506535,3997730,332.887,26.03,97390.0,1.15715
256737766,256720041,3997730,332.586,26.03,97393.5,1.1572
256898594,256880941,3997730,332.414,26.03,97395.5,1.15722
257119796,257097155,3997730,332.65,26.03,97392.7,1.15719
257330905,257310757,3997730,332.908,26.03,97389.8,1.15715
257492156,257471594,3997730,332.692,26.03,97392.3,1.15718
257723103,257700415,3997730,332.845,26.03,97390.5,1.15716
257934426,257914122,3997730,332.821,26.02,97390.8,1.15716
258145378,258127728,3997730,332.692,26.03,97392.3,1.15718
258306319,258288672,3997730,332.716,26.03,97392.0,1.15718
258527510,258504837,3997730,332.821,26.03,97390.8,1.15716
258738879,258718421,3997730,332.544,26.03,97394.0,1.1572
258899602,258879454,3997730,332.8,26.03,97391.0,1.15717
259111128,259093023,3997730,332.758,26.04,97391.5,1.15717
259331824,259309132,3997730,332.716,26.03,97392.0,1.15718
259542839,259522700,3997730,332.93,26.03,97389.5,1.15715
259703878,259683599,3997730,332.607,26.03,97393.2,1.15719
259915028,259897222,3997730,332.692,26.04,97392.3,1.15718
260136235,260113491,3997730,332.65,26.04,97392.7,1.15719
260347271,260327102,3997730,332.845,26.04,97390.5,1.15716
260508067,260487916,3997730,332.737,26.04,97391.7,1.15718
260719426,260701608,3997730,332.544,26.04,97394.0,1.1572
260940520,260917832,3997730,332.544,26.04,97394.0,1.1572
261101386,261078691,3997730,332.523,26.04,97394.2,1.1572
261322749,261305032,3997730,332.758,26.04,97391.5,1.15717
261543783,261521071,3997730,332.779,26.04,97391.3,1.15717
261704534,261681881,3997730,332.716,26.04,97392.0,1.15718
261915783,261895600,3997730,332.607,26.04,97393.2,1.15719
262126892,262109191,3997730,332.586,26.04,97393.5,1.1572
262287802,262270169,3997730,332.586,26.04,97393.5,1.1572
262509083,262486409,3997730,332.694,26.04,97392.2,1.15718
262720150,262699996,3997730,332.544,26.04,97394.0,1.1572
262891152,262866908,3997730,332.56,26.05,97393.8,1.1572
263112440,263089724,3997730,332.372,26.05,97396.0,1.15723
263323619,263303450,3997730,332.586,26.04,97393.5,1.1572
263534664,263517053,3997730,332.436,26.05,97395.2,1.15722
263695724,263678005,3997730,332.414,26.05,97395.5,1.15722
263916898,263894243,3997730,332.478,26.05,97394.7,1.15721
264128059,264107933,3997730,332.393,26.04,97395.7,1.15722
264339231,264321535,3997730,332.673,26.05,97392.5,1.15718
264520144,264497496,3997730,332.306,26.05,97396.8,1.15723
264731320,264711078,3997730,332.436,26.05,97395.2,1.15722
264942248,264924623,3997730,332.198,26.05,97398.0,1.15725
265103229,265085530,3997730,332.586,26.05,97393.5,1.1572
265334402,265314189,3997730,332.457,26.05,97395.0,1.15721
265545633,265528014,3997730,332.436,26.05,97395.2,1.15722
265706465,265688780,3997730,332.348,26.05,97396.3,1.15723
265927634,265904958,3997730,332.007,26.05,97400.2,1.15728
266138755,266118566,3997730,332.586,26.06,97393.5,1.1572
266299701,266279538,3997730,332.243,26.06,97397.5,1.15724
266530858,266500624,3997730,332.457,26.05,97395.0,1.15721
266742071,266721866,3997730,332.306,26.06,97396.8,1.15723
266912923,266888713,3997730,332.647,26.05,97392.8,1.15719
267133919,267111272,3997730,332.457,26.06,97395.0,1.15721
267345262,267325067,3997730,332.092,26.06,97399.3,1.15726
267506103,267485898,3997730,332.327,26.05,97396.5,1.15723
267717389,267699675,3997730,332.65,26.06,97392.8,1.15719
267938687,267915919,3997730,332.327,26.06,97396.5,1.15723
268099753,268076883,3997730,332.544,26.06,97394.0,1.1572
268310745,268290625,3997730,332.393,26.06,97395.7,1.15722
268521875,268504240,3997730,332.523,26.06,97394.2,1.1572
268743319,268720576,3997730,332.586,26.06,97393.5,1.1572
268904103,268881482,3997730,332.478,26.06,97394.7,1.15721
269115244,269095042,3997730,332.393,26.06,97395.7,1.15722
269326380,269308708,3997730,332.478,26.06,97394.7,1.15721
269487193,269469499,3997730,332.692,26.06,97392.3,1.15718
269708644,269685619,3997730,332.414,26.06,97395.5,1.15722
269929415,269911758,3997730,332.306,26.06,97396.8,1.15723
270090354,270072603,3997730,332.348,26.07,97396.3,1.15723
270311651,270288966,3997730,332.628,26.06,97393.0,1.15719
270523217,270502581,3997730,332.565,26.06,97393.8,1.1572
270693711,270676030,3997730,332.65,26.07,97392.8,1.15719
270914859,270892166,3997730,332.414,26.07,97395.5,1.15722
271125994,271105688,3997730,332.502,26.07,97394.5,1.15721
271337479,271319391,3997730,332.565,26.07,97393.7,1.1572
271497881,271480230,3997730,332.544,26.07,97394.0,1.1572
271719032,271696280,3997730,332.478,26.07,97394.7,1.15721
271940351,271922679,3997730,332.607,26.07,97393.2,1.15719
272101504,272083635,3997730,332.628,26.06,97393.0,1.15719
272322718,272299991,3997730,332.544,26.07,97394.0,1.1572
272533793,272513659,3997730,332.565,26.07,97393.7,1.1572
272745018,272727383,3997730,332.544,26.07,97394.0,1.1572
272905769,272888147,3997730,332.607,26.07,97393.3,1.15719
273127010,273104339,3997730,332.671,26.08,97392.5,1.15718
273338203,273317939,3997730,332.523,26.08,97394.2,1.1572
273498939,273478781,3997730,332.306,26.07,97396.8,1.15723
273710037,273692373,3997730,332.692,26.07,97392.3,1.15718
273941399,273921200,3997730,332.478,26.07,97394.7,1.15721
274102160,274081954,3997730,332.372,26.07,97396.0,1.15723
274313266,274295628,3997730,332.65,26.08,97392.7,1.15719
274534342,274511659,3997730,332.285,26.08,97397.0,1.15724
274745543,274725402,3997730,332.544,26.08,97394.0,1.1572
274906437,274886237,3997730,332.544,26.08,97394.0,1.1572
275137652,275115033,3997730,332.327,26.08,97396.5,1.15723
275298626,275275904,3997730,332.372,26.08,97396.0,1.15723
275509739,275489556,3997730,332.372,26.08,97396.0,1.15723
275720827,275703167,3997730,332.348,26.08,97396.3,1.15723
275901639,275871464,3997730,332.509,26.08,97394.4,1.15721
276112889,276092690,3997730,332.565,26.08,97393.8,1.1572
276344056,276321354,3997730,332.692,26.08,97392.3,1.15718
276504797,276482158,3997730,332.457,26.08,97395.0,1.15721
276715839,276695699,3997730,332.565,26.08,97393.7,1.1572
276926943,276909328,3997730,332.436,26.08,97395.2,1.15722
277147989,277125341,3997730,332.285,26.09,97397.0,1.15724
277308816,277286139,3997730,332.586,26.09,97393.5,1.1572
277520328,277499797,3997730,332.523,26.09,97394.2,1.1572
277690903,277673254,3997730,332.348,26.09,97396.3,1.15723
277912257,277889524,3997730,332.457,26.09,97395.0,1.15721
278123331,278103159,3997730,332.457,26.09,97395.0,1.15721
278334224,278316609,3997730,332.243,26.09,97397.5,1.15724
278495041,278477375,3997730,332.177,26.09,97398.3,1.15725
278716142,278693424,3997730,332.393,26.09,97395.7,1.15722
278937348,278919646,3997730,332.221,26.09,97397.8,1.15725
279098121,279080495,3997730,332.285,26.09,97397.0,1.15724
279319514,279296780,3997730,332.393,26.09,97395.7,1.15722
279530725,279510421,3997730,332.478,26.09,97394.7,1.15721
279741792,279724137,3997730,332.264,26.09,97397.3,1.15724
279902690,279885045,3997730,332.155,26.09,97398.5,1.15726
280134029,280113818,3997730,332.414,26.09,97395.5,1.15722
280345389,280327690,3997730,332.177,26.09,97398.3,1.15725
280506216,280488603,3997730,332.628,26.1,97393.0,1.15719
280727569,280704746,3997730,332.327,26.1,97396.5,1.15723
280938717,280918514,3997730,332.544,26.09,97394.0,1.1572
281150249,281132112,3997730,332.327,26.09,97396.5,1.15723
281330674,281308054,3997730,332.393,26.1,97395.7,1.15722
281541953,281521661,3997730,332.52,26.1,97394.3,1.1572
281702769,281682553,3997730,332.306,26.1,97396.8,1.15723
281913878,281896262,3997730,332.502,26.1,97394.5,1.15721
282135030,282112348,3997730,332.092,26.1,97399.3,1.15726
282346097,282325916,3997730,332.264,26.1,97397.3,1.15724
282507027,282486830,3997730,332.198,26.1,97398.0,1.15725
282718111,282700471,3997730,332.177,26.1,97398.3,1.15725
282939249,282916605,3997730,332.243,26.1,97397.5,1.15724
283100187,283077422,3997730,332.221,26.1,97397.8,1.15725
283311266,283291018,3997730,332.372,26.1,97396.0,1.15723
283522227,283504531,3997730,332.393,26.1,97395.7,1.15722
283703099,283672851,3997730,332.319,26.1,97396.6,1.15723
283914101,283893954,3997730,332.306,26.11,97396.8,1.15723
284125256,284107604,3997730,332.372,26.1,97396.0,1.15723
284346602,284323880,3997730,332.499,26.1,97394.5,1.15721
284507487,284484854,3997730,332.414,26.11,97395.5,1.15722
284718514,284698344,3997730,332.586,26.11,97393.5,1.1572
284879963,284859154,3997730,332.502,26.11,97394.5,1.15721
285110782,285088121,3997730,332.198,26.11,97398.0,1.15725
285322096,285301933,3997730,332.348,26.11,97396.3,1.15723
285533399,285515659,3997730,332.436,26.11,97395.2,1.15722
285694158,285676478,3997730,332.306,26.11,97396.8,1.15723
285915369,285892646,3997730,332.134,26.11,97398.8,1.15726
286126436,286106294,3997730,332.221,26.11,97397.8,1.15725
286337576,286319941,3997730,332.607,26.12,97393.3,1.15719
286498445,286480783,3997730,332.502,26.12,97394.5,1.15721
286719642,286696968,3997730,332.65,26.11,97392.8,1.15719
286940872,286916674,3997730,332.216,26.11,97397.8,1.15725
287101757,287084097,3997730,332.221,26.12,97397.8,1.15725
287322831,287300169,3997730,332.478,26.12,97394.7,1.15721
287533851,287513689,3997730,332.221,26.12,97397.8,1.15725
287744975,287727331,3997730,332.092,26.12,97399.3,1.15726
287905800,287888081,3997730,332.155,26.11,97398.5,1.15726
288127241,288104307,3997730,332.671,26.12,97392.5,1.15718
288348021,288330392,3997730,332.393,26.12,97395.7,1.15722
288508817,288491109,3997730,332.414,26.12,97395.5,1.15722
288739979,288719843,3997730,332.243,26.12,97397.5,1.15724
288900989,288880754,3997730,332.264,26.12,97397.3,1.15724
289132169,289109499,3997730,332.348,26.12,97396.3,1.15723
289343237,289323040,3997730,332.586,26.12,97393.5,1.1572
289504134,289483975,3997730,332.071,26.12,97399.5,1.15727
289715121,289697472,3997730,332.306,26.12,97396.8,1.15723
289936235,289913596,3997730,332.372,26.12,97396.0,1.15723
290147264,290127058,3997730,332.306,26.12,97396.8,1.15723
290308121,290287850,3997730,332.285,26.13,97397.0,1.15724
290519176,290501429,3997730,332.758,26.13,97391.5,1.15717
290740433,290717675,3997730,332.414,26.13,97395.5,1.15722
290901289,290878618,3997730,332.586,26.13,97393.5,1.1572
291112694,291092481,3997730,332.348,26.13,97396.3,1.15723
291323743,291306051,3997730,332.393,26.13,97395.7,1.15722
291544914,291522140,3997730,332.177,26.13,97398.3,1.15725
291705839,291683128,3997730,332.65,26.13,97392.7,1.15719
291927062,291902823,3997730,332.441,26.13,97395.2,1.15722
292088104,292070466,3997730,332.436,26.13,97395.2,1.15722
292309289,292286552,3997730,332.544,26.13,97394.0,1.1572
292520584,292500369,3997730,332.457,26.13,97395.0,1.15721
292731707,292713983,3997730,332.52,26.14,97394.3,1.1572
292892674,292875029,3997730,332.134,26.14,97398.8,1.15726
293113797,293091126,3997730,332.478,26.14,97394.7,1.15721
293325032,293304749,3997730,332.327,26.14,97396.5,1.15723
293535889,293518258,3997730,332.692,26.14,97392.3,1.15718
293696881,293679219,3997730,332.348,26.14,97396.3,1.15723
293918022,293895310,3997730,332.264,26.14,97397.3,1.15724
294129134,294108989,3997730,332.544,26.14,97394.0,1.1572
294290668,294269743,3997730,332.113,26.14,97399.0,1.15726
294521194,294498452,3997730,332.198,26.14,97398.0,1.15725
294732441,294712254,3997730,332.478,26.14,97394.7,1.15721
294943574,294925852,3997730,332.65,26.15,97392.8,1.15719
295104422,295086726,3997730,332.565,26.14,97393.7,1.1572
295325442,295302746,3997730,332.716,26.14,97392.0,1.15718
295536537,295516320,3997730,332.673,26.14,97392.5,1.15718
295747600,295729959,3997730,332.414,26.15,97395.5,1.15722
295908601,295890828,3997730,332.177,26.15,97398.3,1.15725
296129776,296106994,3997730,332.779,26.15,97391.3,1.15717
296340808,296320578,3997730,332.565,26.15,97393.8,1.1572
296501576,296481465,3997730,332.65,26.14,97392.8,1.15719
296712679,296695012,3997730,332.586,26.15,97393.5,1.1572
296943999,296923754,3997730,332.716,26.15,97392.0,1.15718
297104832,297084639,3997730,332.523,26.15,97394.2,1.1572
297316080,297298426,3997730,332.502,26.15,97394.5,1.15721
297537087,297514470,3997730,332.348,26.15,97396.3,1.15723
297698146,297675402,3997730,332.436,26.15,97395.2,1.15722
297909151,297889006,3997730,332.65,26.15,97392.8,1.15719
298140446,298117770,3997730,332.737,26.15,97391.8,1.15718
298301375,298278675,3997730,332.348,26.15,97396.3,1.15723
298512611,298492378,3997730,332.694,26.15,97392.2,1.15718
298723712,298706088,3997730,332.908,26.16,97389.8,1.15715
298945008,298922323,3997730,332.544,26.16,97394.0,1.1572
299105983,299083273,3997730,332.502,26.16,97394.5,1.15721
299317045,299296921,3997730,332.414,26.16,97395.5,1.15722
299528467,299510671,3997730,332.586,26.16,97393.5,1.1572
299689244,299671463,3997730,332.52,26.16,97394.3,1.1572
299910228,299887538,3997730,332.951,26.16,97389.2,1.15715
300121243,300101089,3997730,333.059,26.16,97388.0,1.15713
300332345,300314697,3997730,332.737,26.16,97391.8,1.15718
300493019,300475409,3997730,332.372,26.16,97396.0,1.15723
300714224,300691568,3997730,332.716,26.16,97392.0,1.15718
300925371,300905167,3997730,332.692,26.17,97392.3,1.15718
301136618,301118932,3997730,332.628,26.17,97393.0,1.15719
301297621,301279746,3997730,332.716,26.16,97392.0,1.15718
301518499,301495876,3997730,332.544,26.16,97394.0,1.1572
301729599,301709439,3997730,332.737,26.16,97391.8,1.15718
301940640,301922962,3997730,332.779,26.17,97391.3,1.15717
302101915,302083853,3997730,332.887,26.17,97390.0,1.15715
302332759,302312645,3997730,332.887,26.17,97390.0,1.15715
302543794,302526147,3997730,332.8,26.17,97391.0,1.15717
302704682,302687001,3997730,332.758,26.17,97391.5,1.15717
302926026,302903141,3997730,332.866,26.17,97390.3,1.15716
303136871,303116750,3997730,332.908,26.17,97389.8,1.15715
303347926,303330240,3997730,333.08,26.17,97387.8,1.15713
303508689,303491077,3997730,332.758,26.17,97391.5,1.15717
303729786,303707135,3997730,332.628,26.17,97393.0,1.15719
303940867,303920665,3997730,332.671,26.17,97392.5,1.15718
304101857,304081699,3997730,333.08,26.17,97387.7,1.15713
304313064,304295325,3997730,332.65,26.17,97392.7,1.15719
304534333,304511606,3997730,332.866,26.17,97390.3,1.15716
304745370,304725188,3997730,332.502,26.17,97394.5,1.15721
304906223,304886012,3997730,332.737,26.17,97391.8,1.15718
305117445,305099770,3997730,332.499,26.18,97394.5,1.15721
305338655,305315997,3997730,332.372,26.18,97396.0,1.15723
305499415,305476703,3997730,332.306,26.18,97396.8,1.15723
305710589,305690383,3997730,332.414,26.18,97395.5,1.15722
305941801,305919039,3997730,332.565,26.18,97393.7,1.1572
306102598,306079847,3997730,332.478,26.18,97394.7,1.15721
306313568,306293416,3997730,332.478,26.18,97394.8,1.15721
306524750,306506980,3997730,332.673,26.17,97392.5,1.15718
306745829,306723147,3997730,332.565,26.18,97393.7,1.1572
306906679,306884012,3997730,332.457,26.18,97395.0,1.15721
307118318,307097750,3997730,332.348,26.18,97396.3,1.15723
307288868,307271227,3997730,332.393,26.18,97395.7,1.15722
307510021,307487336,3997730,332.478,26.18,97394.7,1.15721
307721128,307701013,3997730,332.221,26.18,97397.8,1.15725
307932212,307914515,3997730,332.866,26.18,97390.3,1.15716
308093030,308075399,3997730,332.348,26.18,97396.3,1.15723
308314312,308291601,3997730,332.414,26.18,97395.5,1.15722
308525598,308505424,3997730,332.586,26.18,97393.5,1.1572
308736699,308719022,3997730,332.544,26.18,97394.0,1.1572
308897604,308879917,3997730,332.737,26.18,97391.8,1.15718
309118722,309096066,3997730,332.607,26.18,97393.2,1.15719
309329943,309309746,3997730,332.779,26.18,97391.3,1.15717
309541233,309523407,3997730,332.523,26.18,97394.2,1.1572
309702073,309684392,3997730,332.52,26.18,97394.3,1.1572
309923540,309900592,3997730,332.348,26.18,97396.3,1.15723
310144576,310126942,3997730,332.436,26.18,97395.2,1.15722
310305458,310287833,3997730,332.285,26.19,97397.0,1.15724
310526699,310503960,3997730,332.436,26.18,97395.2,1.15722
310738142,310717644,3997730,332.436,26.19,97395.2,1.15722
310908762,310891060,3997730,332.694,26.19,97392.2,1.15718
311130018,311107301,3997730,332.372,26.19,97396.0,1.15723
311341014,311320851,3997730,332.502,26.19,97394.5,1.15721
311501787,311481658,3997730,332.285,26.19,97397.0,1.15724
311713150,311695434,3997730,332.372,26.19,97396.0,1.15723
311934372,311911709,3997730,332.221,26.19,97397.8,1.15725
312145545,312125344,3997730,332.457,26.19,97395.0,1.15721
312306518,312286246,3997730,332.586,26.19,97393.5,1.1572
312517720,312499949,3997730,332.499,26.19,97394.5,1.15721
312738964,312716242,3997730,332.523,26.19,97394.2,1.1572
312899722,312877094,3997730,332.348,26.19,97396.3,1.15723
313110694,313090569,3997730,332.285,26.19,97397.0,1.15724
313321684,313304037,3997730,332.285,26.19,97397.0,1.15724
313542755,313520110,3997730,332.372,26.19,97396.0,1.15723
313713696,313693556,3997730,332.372,26.2,97396.0,1.15723
313924820,313907074,3997730,332.523,26.19,97394.2,1.1572
314145742,314123109,3997730,332.758,26.19,97391.5,1.15717
314306619,314283954,3997730,332.628,26.19,97393.0,1.15719
314517838,314497646,3997730,332.65,26.19,97392.8,1.15719
314728999,314711249,3997730,332.845,26.19,97390.5,1.15716
314909908,314879652,3997730,332.681,26.2,97392.4,1.15718
315121170,315100910,3997730,332.393,26.2,97395.7,1.15722
315292349,315267975,3997730,332.525,26.2,97394.2,1.1572
315513578,315490803,3997730,332.671,26.2,97392.5,1.15718
315724720,315704549,3997730,332.502,26.2,97394.5,1.15721
315935929,315918266,3997730,332.436,26.2,97395.2,1.15722
316096820,316079134,3997730,332.327,26.2,97396.5,1.15723
316318066,316295197,3997730,332.285,26.2,97397.0,1.15724
316529134,316508886,3997730,332.436,26.2,97395.2,1.15722
316740227,316722589,3997730,332.372,26.2,97396.0,1.15723
316901317,316883478,3997730,332.457,26.2,97395.0,1.15721
317122327,317099603,3997730,332.457,26.2,97395.0,1.15721
317333431,317313157,3997730,332.758,26.2,97391.5,1.15717
317544484,317526854,3997730,332.198,26.2,97398.0,1.15725
317705311,317687654,3997730,332.327,26.2,97396.5,1.15723
317926335,317903673,3997730,332.264,26.21,97397.3,1.15724
318147564,318123314,3997730,332.61,26.2,97393.2,1.15719
318308556,318290911,3997730,332.393,26.2,97395.7,1.15722
318529597,318506965,3997730,332.348,26.2,97396.3,1.15723
318740600,318720457,3997730,332.671,26.2,97392.5,1.15718
318902332,318881306,3997730,332.523,26.2,97394.2,1.1572
319132866,319110133,3997730,332.586,26.2,97393.5,1.1572
319344084,319323691,3997730,332.716,26.21,97392.0,1.15718
319504618,319484454,3997730,332.393,26.2,97395.7,1.15722
319715843,319698106,3997730,332.393,26.21,97395.7,1.15722
319936842,319914116,3997730,332.457,26.21,97395.0,1.15721
320097758,320075097,3997730,332.177,26.21,97398.3,1.15725
320318984,320301317,3997730,332.716,26.21,97392.0,1.15718
320540136,320517405,3997730,332.221,26.21,97397.8,1.15725
320701037,320678354,3997730,332.306,26.21,97396.8,1.15723
320912178,320892043,3997730,332.134,26.21,97398.8,1.15726
321123485,321105804,3997730,332.393,26.21,97395.7,1.15722
321344535,321321871,3997730,332.071,26.21,97399.5,1.15727
321505403,321482743,3997730,332.436,26.22,97395.2,1.15722
321716345,321696194,3997730,332.243,26.22,97397.5,1.15724
321927517,321909910,3997730,332.671,26.21,97392.5,1.15718
322148880,322126109,3997730,332.692,26.22,97392.3,1.15718
322309507,322286862,3997730,332.198,26.22,97398.0,1.15725
322520714,322500554,3997730,332.393,26.22,97395.7,1.15722
322691670,322667421,3997730,332.319,26.22,97396.6,1.15723
322912926,322890220,3997730,332.327,26.22,97396.5,1.15723
323124160,323103895,3997730,332.692,26.21,97392.3,1.15718
323335318,323317603,3997730,332.586,26.21,97393.5,1.1572
323496023,323478346,3997730,332.221,26.22,97397.8,1.15725
323717279,323694525,3997730,332.565,26.22,97393.7,1.1572
323928462,323908211,3997730,332.65,26.22,97392.7,1.15719
324139616,324121924,3997730,332.155,26.22,97398.5,1.15726
324320608,324290326,3997730,332.216,26.22,97397.8,1.15725
324531684,324511438,3997730,331.941,26.22,97401.0,1.15728
324742732,324725027,3997730,332.221,26.22,97397.8,1.15725
324903605,324885998,3997730,332.306,26.22,97396.8,1.15723
325125000,325102246,3997730,332.478,26.23,97394.8,1.15721
325336096,325315858,3997730,332.071,26.22,97399.5,1.15727
325547328,325529489,3997730,332.306,26.22,97396.8,1.15723
325708116,325690509,3997730,332.092,26.23,97399.3,1.15726
325929374,325906567,3997730,332.457,26.23,97395.0,1.15721
326140580,326120340,3997730,332.071,26.23,97399.5,1.15727
326301581,326281188,3997730,331.963,26.22,97400.8,1.15728
326512405,326494790,3997730,332.285,26.23,97397.0,1.15724
326733477,326710824,3997730,332.348,26.22,97396.3,1.15723
326944678,326924504,3997730,332.327,26.23,97396.5,1.15723
327105611,327085456,3997730,332.393,26.23,97395.7,1.15722
327316623,327298964,3997730,332.113,26.23,97399.0,1.15726
327538033,327515023,3997730,332.436,26.23,97395.2,1.15722
327708636,327688458,3997730,332.565,26.23,97393.8,1.1572
327919881,327902169,3997730,332.393,26.23,97395.7,1.15722
328100795,328078158,3997730,332.457,26.23,97395.0,1.15721
328312157,328291817,3997730,332.628,26.23,97393.0,1.15719
328523232,328505544,3997730,332.586,26.23,97393.5,1.1572
328745040,328721709,3997730,332.393,26.24,97395.7,1.15722
328915497,328895114,3997730,332.327,26.23,97396.5,1.15723
329126713,329108923,3997730,332.393,26.23,97395.7,1.15722
329347634,329324977,3997730,332.372,26.23,97396.0,1.15723
329508484,329485860,3997730,332.692,26.24,97392.3,1.15718
329719728,329699589,3997730,332.607,26.23,97393.2,1.15719
329931115,329913339,3997730,332.758,26.23,97391.5,1.15717
330091756,330074119,3997730,332.758,26.24,97391.5,1.15717
330312930,330290291,3997730,332.457,26.23,97395.0,1.15721
330524182,330503989,3997730,332.523,26.24,97394.2,1.1572
330735418,330717690,3997730,332.544,26.23,97394.0,1.1572
330896229,330878579,3997730,332.436,26.24,97395.2,1.15722
331117402,331094731,3997730,332.478,26.24,97394.7,1.15721
331328464,331308318,3997730,332.478,26.24,97394.7,1.15721
331539687,331522048,3997730,332.845,26.24,97390.5,1.15716
331700739,331683110,3997730,332.414,26.24,97395.5,1.15722
331921912,331899270,3997730,332.586,26.24,97393.5,1.1572
332143206,332125509,3997730,332.586,26.24,97393.5,1.1572
332304070,332286405,3997730,332.673,26.24,97392.5,1.15718
332525133,332502466,3997730,332.586,26.24,97393.5,1.1572
332736324,332716186,3997730,332.758,26.24,97391.5,1.15717
332947385,332929725,3997730,332.436,26.24,97395.2,1.15722
333108139,333090460,3997730,332.523,26.24,97394.2,1.1572
333339321,333319125,3997730,332.65,26.24,97392.8,1.15719
333500105,333479869,3997730,332.285,26.24,97397.0,1.15724
333731432,333701073,3997730,332.198,26.24,97398.0,1.15725
333942506,333922303,3997730,332.523,26.25,97394.2,1.1572
334103414,334083193,3997730,332.306,26.25,97396.8,1.15723
334314436,334296804,3997730,332.372,26.25,97396.0,1.15723
334535910,334513140,3997730,332.134,26.25,97398.8,1.15726
334746976,334726826,3997730,332.177,26.25,97398.3,1.15725
334917791,334893616,3997730,332.354,26.24,97396.2,1.15723
335138829,335116184,3997730,332.327,26.24,97396.5,1.15723
335299720,335277042,3997730,332.177,26.25,97398.3,1.15725
335510843,335490673,3997730,332.155,26.25,97398.5,1.15726
335722059,335704194,3997730,332.478,26.25,97394.7,1.15721
335943065,335920432,3997730,332.436,26.25,97395.2,1.15722
336103914,336081181,3997730,332.436,26.25,97395.2,1.15722
336315046,336294849,3997730,332.306,26.25,97396.8,1.15723
336526228,336508490,3997730,332.264,26.25,97397.3,1.15724
336687042,336669348,3997730,332.478,26.25,97394.7,1.15721
336908345,336885591,3997730,332.544,26.25,97394.0,1.1572
337119451,337099275,3997730,332.264,26.25,97397.3,1.15724
337331087,337312903,3997730,332.348,26.25,97396.3,1.15723
337491526,337473828,3997730,332.478,26.25,97394.7,1.15721
337712838,337690084,3997730,332.565,26.25,97393.7,1.1572
337923903,337903694,3997730,332.327,26.25,97396.5,1.15723
338135540,338117467,3997730,332.502,26.25,97394.5,1.15721
338296012,338278304,3997730,332.113,26.25,97399.0,1.15726
338517081,338494460,3997730,332.327,26.25,97396.5,1.15723
338738287,338720608,3997730,332.348,26.25,97396.3,1.15723
338899126,338881491,3997730,332.414,26.26,97395.5,1.15722
339130424,339110262,3997730,332.306,26.25,97396.8,1.15723
339341594,339323878,3997730,332.134,26.26,97398.8,1.15726
339502402,339484787,3997730,331.77,26.25,97403.0,1.15731
339723590,339700962,3997730,331.749,26.26,97403.3,1.15731
339934725,339914559,3997730,331.553,26.25,97405.5,1.15734
340145757,340128147,3997730,331.231,26.26,97409.3,1.15738
340306734,340288985,3997730,330.974,26.26,97412.2,1.15742
340527709,340505029,3997730,331.104,26.26,97410.8,1.1574
340738928,340718810,3997730,331.104,26.26,97410.7,1.1574
340899788,340879557,3997730,330.995,26.26,97412.0,1.15742
341130950,341100672,3997730,330.652,26.26,97416.0,1.15746
341342078,341321905,3997730,330.61,26.27,97416.5,1.15747
341502839,341482691,3997730,330.586,26.26,97416.8,1.15747
341713846,341696205,3997730,330.631,26.26,97416.3,1.15747
341934910,341912291,3997730,330.351,26.27,97419.5,1.1575
342146378,342126139,3997730,330.396,26.26,97419.0,1.1575
342307107,342286935,3997730,330.438,26.26,97418.5,1.15749
342518134,342500475,3997730,330.071,26.27,97422.8,1.15754
342739373,342716683,3997730,329.92,26.27,97424.5,1.15756
342900320,342877629,3997730,329.793,26.27,97426.0,1.15758
343111739,343091243,3997730,329.899,26.27,97424.8,1.15757
343342736,343320089,3997730,329.751,26.26,97426.5,1.15759
343503756,343480967,3997730,329.986,26.27,97423.8,1.15756
343714655,343694517,3997730,329.899,26.27,97424.8,1.15757
343925786,343908147,3997730,329.857,26.27,97425.3,1.15757
344146906,344124207,3997730,329.899,26.27,97424.8,1.15757
344307946,344285100,3997730,329.835,26.27,97425.5,1.15758
344519056,344498840,3997730,329.857,26.27,97425.3,1.15757
344730124,344712484,3997730,329.706,26.27,97427.0,1.15759
344890955,344873344,3997730,330.071,26.27,97422.8,1.15754
345112392,345089510,3997730,330.092,26.27,97422.5,1.15754
345323503,345303307,3997730,330.049,26.27,97423.0,1.15755
345534558,345516861,3997730,329.986,26.27,97423.8,1.15756
345695447,345677804,3997730,329.965,26.27,97424.0,1.15756
345916641,345893899,3997730,329.664,26.28,97427.5,1.1576
346127707,346107543,3997730,330.007,26.27,97423.5,1.15755
346339425,346321407,3997730,329.878,26.27,97425.0,1.15757
346499938,346482312,3997730,329.857,26.27,97425.3,1.15757
346721017,346698371,3997730,329.986,26.28,97423.8,1.15756
346942399,346924634,3997730,329.965,26.28,97424.0,1.15756
347103232,347085580,3997730,329.878,26.28,97425.0,1.15757
347324256,347301531,3997730,329.899,26.28,97424.8,1.15757
347535234,347515114,3997730,330.137,26.28,97422.0,1.15753
347746372,347728692,3997730,329.835,26.28,97425.5,1.15758
347907196,347889526,3997730,329.965,26.28,97424.0,1.15756
348138497,348118327,3997730,330.071,26.28,97422.8,1.15754
348349607,348332002,3997730,330.028,26.29,97423.3,1.15755
348530637,348507993,3997730,329.986,26.28,97423.8,1.15756
348741878,348721729,3997730,329.857,26.28,97425.3,1.15757
348902767,348882493,3997730,330.137,26.28,97422.0,1.15753
349113917,349096208,3997730,330.092,26.28,97422.5,1.15754
349345322,349325182,3997730,329.941,26.28,97424.3,1.15756
349506076,349485932,3997730,329.965,26.28,97424.0,1.15756
