timestamp,voltage5v_v,voltage3v3_v,v3v3_valid,usb_connected,brick_valid,usb_valid,servo_valid,periph_5v_oc,hipower_5v_oc
1935656044,5.182031,3.2919433,1,0,1,0,1,0,0
1935666040,5.1836424,3.2919433,1,0,1,0,1,0,0
1936155948,5.2239256,3.2919433,1,0,1,0,1,0,0
1936665942,5.194922,3.285498,1,0,1,0,1,0,0
1937165944,5.225537,3.2919433,1,0,1,0,1,0,0
1937666003,5.1884766,3.2919433,1,0,1,0,1,0,0
1938165945,5.20459,3.2871094,1,0,1,0,1,0,0
1938665977,5.21748,3.2887206,1,0,1,0,1,0,0
1939165941,5.21748,3.2935545,1,0,1,0,1,0,0
1939655945,5.215869,3.2919433,1,0,1,0,1,0,0
1940155945,5.2110353,3.285498,1,0,1,0,1,0,0
1940665940,5.2094235,3.2871094,1,0,1,0,1,0,0
1941165943,5.2110353,3.2919433,1,0,1,0,1,0,0
1941667433,5.2110353,3.2919433,1,0,1,0,1,0,0
1942166091,5.2094235,3.285498,1,0,1,0,1,0,0
1942665954,5.206201,3.2887206,1,0,1,0,1,0,0
1943156023,5.2110353,3.2919433,1,0,1,0,1,0,0
1943665949,5.2126465,3.2871094,1,0,1,0,1,0,0
1944166057,5.2126465,3.290332,1,0,1,0,1,0,0
1944665972,5.2110353,3.2919433,1,0,1,0,1,0,0
1945165940,5.2110353,3.2919433,1,0,1,0,1,0,0
1945665939,5.2110353,3.2871094,1,0,1,0,1,0,0
1946165939,5.2094235,3.2871094,1,0,1,0,1,0,0
1946655957,5.2126465,3.2919433,1,0,1,0,1,0,0
1947155939,5.2126465,3.2919433,1,0,1,0,1,0,0
1947666000,5.2094235,3.2871094,1,0,1,0,1,0,0
1948166107,5.2110353,3.290332,1,0,1,0,1,0,0
1948665943,5.2110353,3.2919433,1,0,1,0,1,0,0
1949165980,5.2094235,3.290332,1,0,1,0,1,0,0
1949666999,5.2110353,3.2887206,1,0,1,0,1,0,0
1950155952,5.2142577,3.2871094,1,0,1,0,1,0,0
1950666006,5.2126465,3.2919433,1,0,1,0,1,0,0
1951165969,5.2078123,3.285498,1,0,1,0,1,0,0
1951665945,5.2126465,3.285498,1,0,1,0,1,0,0
1952165940,5.2126465,3.2919433,1,0,1,0,1,0,0
1952666288,5.2110353,3.2919433,1,0,1,0,1,0,0
1953165939,5.2094235,3.2871094,1,0,1,0,1,0,0
1953655942,5.2110353,3.2887206,1,0,1,0,1,0,0
1954166086,5.2078123,3.2919433,1,0,1,0,1,0,0
1954666771,5.2078123,3.2887206,1,0,1,0,1,0,0
1955166064,5.2094235,3.2887206,1,0,1,0,1,0,0
1955666061,5.2110353,3.2919433,1,0,1,0,1,0,0
1956165940,5.2094235,3.2919433,1,0,1,0,1,0,0
1956665940,5.2110353,3.285498,1,0,1,0,1,0,0
1957156105,5.2094235,3.2887206,1,0,1,0,1,0,0
1957665971,5.2110353,3.2919433,1,0,1,0,1,0,0
1958165940,5.2110353,3.2919433,1,0,1,0,1,0,0
1958665996,5.2094235,3.2887206,1,0,1,0,1,0,0
1959166089,5.2110353,3.2871094,1,0,1,0,1,0,0
1959665944,5.2110353,3.2919433,1,0,1,0,1,0,0
1960165976,5.2078123,3.2887206,1,0,1,0,1,0,0
1960655971,5.2094235,3.2887206,1,0,1,0,1,0,0
1961166855,5.2078123,3.2887206,1,0,1,0,1,0,0
1961666080,5.2126465,3.2919433,1,0,1,0,1,0,0
1962165941,5.2126465,3.290332,1,0,1,0,1,0,0
1962666029,5.2110353,3.2871094,1,0,1,0,1,0,0
1963165947,5.2126465,3.2919433,1,0,1,0,1,0,0
1963666123,5.2110353,3.2919433,1,0,1,0,1,0,0
1964165973,5.2078123,3.2871094,1,0,1,0,1,0,0
1964655951,5.2094235,3.2887206,1,0,1,0,1,0,0
1965166068,5.2094235,3.2919433,1,0,1,0,1,0,0
1965666169,5.2078123,3.2919433,1,0,1,0,1,0,0
1966165940,5.2078123,3.2871094,1,0,1,0,1,0,0
1966666003,5.2126465,3.2919433,1,0,1,0,1,0,0
1967166123,5.2110353,3.2919433,1,0,1,0,1,0,0
1967656173,5.2110353,3.2919433,1,0,1,0,1,0,0
1968155940,5.2110353,3.290332,1,0,1,0,1,0,0
1968665944,5.2126465,3.2919433,1,0,1,0,1,0,0
1969166273,5.2078123,3.2871094,1,0,1,0,1,0,0
1969666069,5.20459,3.2887206,1,0,1,0,1,0,0
1970166143,5.2078123,3.2935545,1,0,1,0,1,0,0
1970665941,5.2110353,3.2919433,1,0,1,0,1,0,0
1971155979,5.2029786,3.285498,1,0,1,0,1,0,0
1971665992,5.2078123,3.2919433,1,0,1,0,1,0,0
1972166005,5.2094235,3.2919433,1,0,1,0,1,0,0
1972665951,5.1997557,3.2871094,1,0,1,0,1,0,0
1973165943,5.201367,3.2887206,1,0,1,0,1,0,0
1973656004,5.201367,3.2919433,1,0,1,0,1,0,0
1974166188,5.20459,3.2919433,1,0,1,0,1,0,0
1974656009,5.20459,3.2887206,1,0,1,0,1,0,0
1975155942,5.2078123,3.2887206,1,0,1,0,1,0,0
1975666880,5.2078123,3.2919433,1,0,1,0,1,0,0
1976166124,5.2078123,3.2919433,1,0,1,0,1,0,0
1976666138,5.2078123,3.2871094,1,0,1,0,1,0,0
1977165979,5.2094235,3.2919433,1,0,1,0,1,0,0
1977665970,5.2094235,3.2919433,1,0,1,0,1,0,0
1978155940,5.2094235,3.2919433,1,0,1,0,1,0,0
1978666427,5.206201,3.285498,1,0,1,0,1,0,0
1979165969,5.2094235,3.2919433,1,0,1,0,1,0,0
1979665946,5.1997557,3.2935545,1,0,1,0,1,0,0
1980165996,5.2110353,3.2887206,1,0,1,0,1,0,0
1980666223,5.2126465,3.290332,1,0,1,0,1,0,0
1981165941,5.215869,3.2919433,1,0,1,0,1,0,0
1981666054,5.20459,3.2919433,1,0,1,0,1,0,0
1982167366,5.206201,3.2871094,1,0,1,0,1,0,0
1982666158,5.2094235,3.2871094,1,0,1,0,1,0,0
1983165942,5.2126465,3.2919433,1,0,1,0,1,0,0
1983666345,5.2094235,3.290332,1,0,1,0,1,0,0
1984165941,5.20459,3.285498,1,0,1,0,1,0,0
1984656054,5.2094235,3.2887206,1,0,1,0,1,0,0
1985156773,5.2078123,3.2919433,1,0,1,0,1,0,0
1985655947,5.2126465,3.2919433,1,0,1,0,1,0,0
1986165999,5.2110353,3.2887206,1,0,1,0,1,0,0
1986665947,5.2110353,3.2919433,1,0,1,0,1,0,0
1987167799,5.2110353,3.2919433,1,0,1,0,1,0,0
1987665971,5.2094235,3.2871094,1,0,1,0,1,0,0
1988165941,5.206201,3.2887206,1,0,1,0,1,0,0
1988656071,5.206201,3.2919433,1,0,1,0,1,0,0
1989155946,5.2094235,3.290332,1,0,1,0,1,0,0
1989666127,5.2078123,3.2871094,1,0,1,0,1,0,0
1990166148,5.2110353,3.2871094,1,0,1,0,1,0,0
1990665939,5.2142577,3.2919433,1,0,1,0,1,0,0
1991165940,5.2126465,3.2919433,1,0,1,0,1,0,0
1991656370,5.2094235,3.2871094,1,0,1,0,1,0,0
1992155941,5.20459,3.2871094,1,0,1,0,1,0,0
1992665954,5.2078123,3.2919433,1,0,1,0,1,0,0
1993165956,5.206201,3.285498,1,0,1,0,1,0,0
1993667651,5.20459,3.2871094,1,0,1,0,1,0,0
1994165944,5.206201,3.290332,1,0,1,0,1,0,0
1994655941,5.2142577,3.2919433,1,0,1,0,1,0,0
1995166485,5.2142577,3.2871094,1,0,1,0,1,0,0
1995656005,5.21748,3.2887206,1,0,1,0,1,0,0
1996155940,5.2110353,3.290332,1,0,1,0,1,0,0
1996665940,5.2142577,3.2919433,1,0,1,0,1,0,0
1997165957,5.20459,3.2887206,1,0,1,0,1,0,0
1997666136,5.2078123,3.2919433,1,0,1,0,1,0,0
1998165987,5.20459,3.2919433,1,0,1,0,1,0,0
1998665965,5.215869,3.2887206,1,0,1,0,1,0,0
1999155941,5.2094235,3.2871094,1,0,1,0,1,0,0
1999666055,5.2110353,3.2919433,1,0,1,0,1,0,0
2000166314,5.2094235,3.2919433,1,0,1,0,1,0,0
2000665944,5.2110353,3.2887206,1,0,1,0,1,0,0
2001156013,5.2110353,3.2871094,1,0,1,0,1,0,0
2001666032,5.2142577,3.2935545,1,0,1,0,1,0,0
2002165968,5.2078123,3.2919433,1,0,1,0,1,0,0
2002655939,5.2078123,3.2887206,1,0,1,0,1,0,0
2003166107,5.206201,3.2919433,1,0,1,0,1,0,0
2003665942,5.2110353,3.2935545,1,0,1,0,1,0,0
2004165944,5.215869,3.2871094,1,0,1,0,1,0,0
2004666331,5.2110353,3.285498,1,0,1,0,1,0,0
2005165980,5.2110353,3.2919433,1,0,1,0,1,0,0
2005665979,5.2110353,3.2919433,1,0,1,0,1,0,0
2006155948,5.2078123,3.285498,1,0,1,0,1,0,0
2006667545,5.20459,3.2871094,1,0,1,0,1,0,0
2007165943,5.206201,3.2919433,1,0,1,0,1,0,0
2007665944,5.2126465,3.2919433,1,0,1,0,1,0,0
2008165942,5.2110353,3.290332,1,0,1,0,1,0,0
2008666085,5.2126465,3.285498,1,0,1,0,1,0,0
2009165944,5.2126465,3.2919433,1,0,1,0,1,0,0
2009666536,5.2110353,3.2919433,1,0,1,0,1,0,0
2010155984,5.2078123,3.2887206,1,0,1,0,1,0,0
2010665959,5.2078123,3.2919433,1,0,1,0,1,0,0
2011166072,5.2078123,3.2919433,1,0,1,0,1,0,0
2011665974,5.2094235,3.2871094,1,0,1,0,1,0,0
2012165941,5.2110353,3.2887206,1,0,1,0,1,0,0
2012665952,5.2142577,3.2919433,1,0,1,0,1,0,0
2013156311,5.2110353,3.2919433,1,0,1,0,1,0,0
2013665942,5.2142577,3.2887206,1,0,1,0,1,0,0
2014165948,5.2126465,3.2887206,1,0,1,0,1,0,0
2014666479,5.2110353,3.2919433,1,0,1,0,1,0,0
2015166027,5.2078123,3.290332,1,0,1,0,1,0,0
2015656051,5.2094235,3.2887206,1,0,1,0,1,0,0
2016166103,5.20459,3.285498,1,0,1,0,1,0,0
2016655940,5.2110353,3.2919433,1,0,1,0,1,0,0
2017155940,5.2094235,3.2919433,1,0,1,0,1,0,0
2017666067,5.2110353,3.2887206,1,0,1,0,1,0,0
2018165969,5.2110353,3.2919433,1,0,1,0,1,0,0
2018665979,5.219092,3.2919433,1,0,1,0,1,0,0
2019165942,5.21748,3.2887206,1,0,1,0,1,0,0
2019666228,5.20459,3.2887206,1,0,1,0,1,0,0
2020155984,5.2029786,3.2919433,1,0,1,0,1,0,0
2020665942,5.2110353,3.2919433,1,0,1,0,1,0,0
2021166300,5.2078123,3.2871094,1,0,1,0,1,0,0
2021665941,5.2126465,3.2871094,1,0,1,0,1,0,0
2022166153,5.2110353,3.2919433,1,0,1,0,1,0,0
2022665940,5.2110353,3.2919433,1,0,1,0,1,0,0
2023165943,5.2078123,3.2871094,1,0,1,0,1,0,0
2023655978,5.215869,3.2887206,1,0,1,0,1,0,0
2024166509,5.20459,3.2919433,1,0,1,0,1,0,0
2024665939,5.215869,3.290332,1,0,1,0,1,0,0
2025165939,5.2126465,3.2871094,1,0,1,0,1,0,0
2025666431,5.206201,3.2871094,1,0,1,0,1,0,0
2026166317,5.2078123,3.2919433,1,0,1,0,1,0,0
2026666070,5.2094235,3.2871094,1,0,1,0,1,0,0
2027155948,5.2078123,3.2871094,1,0,1,0,1,0,0
2027656017,5.2126465,3.2919433,1,0,1,0,1,0,0
2028165948,5.2126465,3.2919433,1,0,1,0,1,0,0
2028666178,5.2142577,3.2871094,1,0,1,0,1,0,0
2029167096,5.1997557,3.2871094,1,0,1,0,1,0,0
2029665942,5.2094235,3.2919433,1,0,1,0,1,0,0
2030165941,5.21748,3.290332,1,0,1,0,1,0,0
2030656086,5.2142577,3.2887206,1,0,1,0,1,0,0
2031155945,5.2094235,3.2871094,1,0,1,0,1,0,0
2031665941,5.2126465,3.2919433,1,0,1,0,1,0,0
2032165942,5.2078123,3.2871094,1,0,1,0,1,0,0
2032666321,5.201367,3.2871094,1,0,1,0,1,0,0
2033165942,5.201367,3.2919433,1,0,1,0,1,0,0
2033665940,5.2142577,3.2919433,1,0,1,0,1,0,0
2034155940,5.2126465,3.2919433,1,0,1,0,1,0,0
2034665941,5.2126465,3.2871094,1,0,1,0,1,0,0
2035166093,5.2094235,3.290332,1,0,1,0,1,0,0
2035665987,5.2126465,3.2919433,1,0,1,0,1,0,0
2036165979,5.2078123,3.2887206,1,0,1,0,1,0,0
2036665967,5.2078123,3.2919433,1,0,1,0,1,0,0
2037166091,5.2094235,3.2919433,1,0,1,0,1,0,0
2037656050,5.2094235,3.2871094,1,0,1,0,1,0,0
2038155978,5.2094235,3.2871094,1,0,1,0,1,0,0
2038665946,5.2126465,3.2919433,1,0,1,0,1,0,0
2039166212,5.2094235,3.290332,1,0,1,0,1,0,0
2039665941,5.2110353,3.2871094,1,0,1,0,1,0,0
2040165943,5.2094235,3.2919433,1,0,1,0,1,0,0
2040666678,5.2126465,3.2919433,1,0,1,0,1,0,0
2041156001,5.2142577,3.290332,1,0,1,0,1,0,0
2041666092,5.2126465,3.2887206,1,0,1,0,1,0,0
2042165970,5.2078123,3.2919433,1,0,1,0,1,0,0
2042665981,5.2126465,3.2919433,1,0,1,0,1,0,0
2043165943,5.2094235,3.2887206,1,0,1,0,1,0,0
2043666586,5.2110353,3.2887206,1,0,1,0,1,0,0
2044165945,5.2110353,3.2919433,1,0,1,0,1,0,0
2044655972,5.2110353,3.2919433,1,0,1,0,1,0,0
2045165943,5.206201,3.285498,1,0,1,0,1,0,0
2045666354,5.2078123,3.2871094,1,0,1,0,1,0,0
2046165956,5.2142577,3.2919433,1,0,1,0,1,0,0
2046655998,5.2142577,3.2887206,1,0,1,0,1,0,0
2047166295,5.201367,3.285498,1,0,1,0,1,0,0
2047665973,5.2078123,3.2919433,1,0,1,0,1,0,0
2048155940,5.2110353,3.2919433,1,0,1,0,1,0,0
2048665985,5.2142577,3.2887206,1,0,1,0,1,0,0
2049165969,5.2110353,3.2919433,1,0,1,0,1,0,0
2049665978,5.2142577,3.2919433,1,0,1,0,1,0,0
2050166007,5.2110353,3.290332,1,0,1,0,1,0,0
2050665973,5.2110353,3.2887206,1,0,1,0,1,0,0
2051165995,5.20459,3.285498,1,0,1,0,1,0,0
2051666004,5.206201,3.2919433,1,0,1,0,1,0,0
2052166632,5.20459,3.2887206,1,0,1,0,1,0,0
2052665947,5.206201,3.2887206,1,0,1,0,1,0,0
2053165954,5.2078123,3.2919433,1,0,1,0,1,0,0
2053665942,5.2126465,3.2919433,1,0,1,0,1,0,0
2054165963,5.2029786,3.2887206,1,0,1,0,1,0,0
2054665940,5.2078123,3.2871094,1,0,1,0,1,0,0
2055156226,5.206201,3.2919433,1,0,1,0,1,0,0
2055665945,5.2142577,3.2919433,1,0,1,0,1,0,0
2056165940,5.2142577,3.2871094,1,0,1,0,1,0,0
2056665959,5.2110353,3.285498,1,0,1,0,1,0,0
2057165987,5.2142577,3.2919433,1,0,1,0,1,0,0
2057665943,5.2078123,3.2871094,1,0,1,0,1,0,0
2058166151,5.206201,3.2887206,1,0,1,0,1,0,0
2058656274,5.206201,3.2887206,1,0,1,0,1,0,0
2059156009,5.2078123,3.2919433,1,0,1,0,1,0,0
2059665940,5.206201,3.2871094,1,0,1,0,1,0,0
2060166014,5.20459,3.2871094,1,0,1,0,1,0,0
2060665980,5.2126465,3.290332,1,0,1,0,1,0,0
2061166256,5.2142577,3.290332,1,0,1,0,1,0,0
2061665977,5.2094235,3.285498,1,0,1,0,1,0,0
2062155945,5.2110353,3.285498,1,0,1,0,1,0,0
2062656037,5.1997557,3.2919433,1,0,1,0,1,0,0
2063165985,5.1997557,3.2887206,1,0,1,0,1,0,0
2063666051,5.206201,3.2871094,1,0,1,0,1,0,0
2064165978,5.2078123,3.2919433,1,0,1,0,1,0,0
2064655972,5.2078123,3.2919433,1,0,1,0,1,0,0
2065166940,5.2029786,3.290332,1,0,1,0,1,0,0
2065655940,5.2078123,3.2871094,1,0,1,0,1,0,0
2066165961,5.219092,3.2919433,1,0,1,0,1,0,0
2066667061,5.2142577,3.2919433,1,0,1,0,1,0,0
2067165951,5.2110353,3.2887206,1,0,1,0,1,0,0
2067666108,5.2110353,3.2871094,1,0,1,0,1,0,0
2068166016,5.2110353,3.290332,1,0,1,0,1,0,0
2068665941,5.2078123,3.290332,1,0,1,0,1,0,0
2069155998,5.206201,3.2871094,1,0,1,0,1,0,0
2069666941,5.20459,3.2919433,1,0,1,0,1,0,0
2070165942,5.2094235,3.290332,1,0,1,0,1,0,0
2070665940,5.2094235,3.2887206,1,0,1,0,1,0,0
2071165939,5.2078123,3.2887206,1,0,1,0,1,0,0
2071667174,5.2078123,3.2919433,1,0,1,0,1,0,0
2072165969,5.2126465,3.2919433,1,0,1,0,1,0,0
2072655943,5.2126465,3.2871094,1,0,1,0,1,0,0
2073155972,5.2110353,3.290332,1,0,1,0,1,0,0
2073666002,5.2126465,3.2919433,1,0,1,0,1,0,0
2074166089,5.2126465,3.2919433,1,0,1,0,1,0,0
2074666695,5.2110353,3.2887206,1,0,1,0,1,0,0
2075165971,5.2126465,3.290332,1,0,1,0,1,0,0
2075665946,5.2094235,3.2919433,1,0,1,0,1,0,0
2076155976,5.2110353,3.2919433,1,0,1,0,1,0,0
2076665944,5.2094235,3.2871094,1,0,1,0,1,0,0
2077165973,5.2078123,3.2919433,1,0,1,0,1,0,0
2077665942,5.201367,3.290332,1,0,1,0,1,0,0
2078166619,5.2078123,3.2887206,1,0,1,0,1,0,0
2078666043,5.2110353,3.2871094,1,0,1,0,1,0,0
2079166029,5.2110353,3.2919433,1,0,1,0,1,0,0
2079655939,5.215869,3.2919433,1,0,1,0,1,0,0
2080155946,5.2110353,3.2871094,1,0,1,0,1,0,0
2080665965,5.206201,3.2919433,1,0,1,0,1,0,0
2081165942,5.2078123,3.2919433,1,0,1,0,1,0,0
2081665940,5.2094235,3.2887206,1,0,1,0,1,0,0
2082165939,5.2094235,3.2871094,1,0,1,0,1,0,0
2082666182,5.2110353,3.2935545,1,0,1,0,1,0,0
2083155980,5.2094235,3.2919433,1,0,1,0,1,0,0
2083666089,5.2126465,3.2887206,1,0,1,0,1,0,0
2084165988,5.2078123,3.290332,1,0,1,0,1,0,0
2084666162,5.2078123,3.2919433,1,0,1,0,1,0,0
2085165988,5.2110353,3.2919433,1,0,1,0,1,0,0
2085665973,5.2126465,3.2871094,1,0,1,0,1,0,0
2086166138,5.2110353,3.2871094,1,0,1,0,1,0,0
2086655949,5.2142577,3.2935545,1,0,1,0,1,0,0
2087165954,5.2110353,3.2919433,1,0,1,0,1,0,0
2087666235,5.206201,3.285498,1,0,1,0,1,0,0
2088166119,5.2078123,3.2871094,1,0,1,0,1,0,0
2088665953,5.2110353,3.2919433,1,0,1,0,1,0,0
2089165985,5.2078123,3.2871094,1,0,1,0,1,0,0
2089666431,5.2110353,3.2871094,1,0,1,0,1,0,0
2090155945,5.2110353,3.285498,1,0,1,0,1,0,0
2090655943,5.215869,3.2919433,1,0,1,0,1,0,0
2091166664,5.2110353,3.290332,1,0,1,0,1,0,0
2091665943,5.2094235,3.285498,1,0,1,0,1,0,0
2092165941,5.2110353,3.2919433,1,0,1,0,1,0,0
2092665940,5.20459,3.290332,1,0,1,0,1,0,0
2093165941,5.2078123,3.2871094,1,0,1,0,1,0,0
2093655982,5.1868653,3.285498,1,0,1,0,1,0,0
2094155950,5.1981444,3.2919433,1,0,1,0,1,0,0
2094665974,5.2126465,3.285498,1,0,1,0,1,0,0
2095165947,5.2078123,3.2887206,1,0,1,0,1,0,0
2095666136,5.2110353,3.2919433,1,0,1,0,1,0,0
2096166282,5.2126465,3.2919433,1,0,1,0,1,0,0
2096665983,5.2126465,3.2887206,1,0,1,0,1,0,0
2097155997,5.2110353,3.285498,1,0,1,0,1,0,0
2097665997,5.2142577,3.2919433,1,0,1,0,1,0,0
2098165943,5.2142577,3.2887206,1,0,1,0,1,0,0
2098665941,5.2126465,3.2871094,1,0,1,0,1,0,0
2099166147,5.2110353,3.2919433,1,0,1,0,1,0,0
2099665943,5.2126465,3.2919433,1,0,1,0,1,0,0
2100165993,5.2094235,3.2887206,1,0,1,0,1,0,0
2100655943,5.2110353,3.290332,1,0,1,0,1,0,0
2101166019,5.20459,3.290332,1,0,1,0,1,0,0
2101665978,5.2078123,3.2919433,1,0,1,0,1,0,0
2102165974,5.20459,3.2871094,1,0,1,0,1,0,0
2102667686,5.2110353,3.2871094,1,0,1,0,1,0,0
2103165940,5.2126465,3.2919433,1,0,1,0,1,0,0
2103655939,5.2142577,3.2919433,1,0,1,0,1,0,0
2104155944,5.2110353,3.2887206,1,0,1,0,1,0,0
2104666077,5.2142577,3.290332,1,0,1,0,1,0,0
2105166140,5.21748,3.2919433,1,0,1,0,1,0,0
2105666060,5.1981444,3.2887206,1,0,1,0,1,0,0
2106165945,5.2110353,3.2871094,1,0,1,0,1,0,0
2106666047,5.2142577,3.2919433,1,0,1,0,1,0,0
2107165971,5.2142577,3.2919433,1,0,1,0,1,0,0
2107655941,5.21748,3.285498,1,0,1,0,1,0,0
2108165988,5.2126465,3.2887206,1,0,1,0,1,0,0
2108666040,5.206201,3.2919433,1,0,1,0,1,0,0
2109166146,5.2078123,3.2871094,1,0,1,0,1,0,0
2109665942,5.2078123,3.2887206,1,0,1,0,1,0,0
2110166155,5.2094235,3.2919433,1,0,1,0,1,0,0
2110666454,5.215869,3.2919433,1,0,1,0,1,0,0
2111155972,5.1997557,3.2919433,1,0,1,0,1,0,0
2111666042,5.1997557,3.2871094,1,0,1,0,1,0,0
2112165963,5.2110353,3.2919433,1,0,1,0,1,0,0
2112665940,5.219092,3.2919433,1,0,1,0,1,0,0
2113165979,5.2094235,3.290332,1,0,1,0,1,0,0
2113666037,5.2078123,3.285498,1,0,1,0,1,0,0
2114165942,5.2110353,3.2919433,1,0,1,0,1,0,0
2114655994,5.2142577,3.2919433,1,0,1,0,1,0,0
2115155958,5.2094235,3.2887206,1,0,1,0,1,0,0
2115666788,5.2078123,3.2887206,1,0,1,0,1,0,0
2116166018,5.2126465,3.2919433,1,0,1,0,1,0,0
2116666014,5.2126465,3.2887206,1,0,1,0,1,0,0
2117165945,5.201367,3.2871094,1,0,1,0,1,0,0
2117665948,5.2110353,3.2919433,1,0,1,0,1,0,0
2118156233,5.2078123,3.2919433,1,0,1,0,1,0,0
2118666000,5.2126465,3.2887206,1,0,1,0,1,0,0
2119165978,5.2094235,3.2871094,1,0,1,0,1,0,0
2119665941,5.2110353,3.2935545,1,0,1,0,1,0,0
2120165973,5.2094235,3.2919433,1,0,1,0,1,0,0
2120666844,5.2078123,3.2871094,1,0,1,0,1,0,0
2121166013,5.2126465,3.2871094,1,0,1,0,1,0,0
2121655943,5.2126465,3.2919433,1,0,1,0,1,0,0
2122166571,5.2110353,3.2919433,1,0,1,0,1,0,0
2122665941,5.2029786,3.2871094,1,0,1,0,1,0,0
2123165986,5.201367,3.2919433,1,0,1,0,1,0,0
2123666085,5.215869,3.2919433,1,0,1,0,1,0,0
2124165969,5.2142577,3.2871094,1,0,1,0,1,0,0
2124665978,5.206201,3.2887206,1,0,1,0,1,0,0
2125155941,5.2110353,3.2871094,1,0,1,0,1,0,0
2125665944,5.2094235,3.2919433,1,0,1,0,1,0,0
2126165970,5.2110353,3.2871094,1,0,1,0,1,0,0
2126666018,5.20459,3.2887206,1,0,1,0,1,0,0
2127166397,5.2078123,3.2919433,1,0,1,0,1,0,0
2127665963,5.2142577,3.2919433,1,0,1,0,1,0,0
2128165955,5.2126465,3.2887206,1,0,1,0,1,0,0
2128656088,5.2126465,3.2871094,1,0,1,0,1,0,0
2129156005,5.2110353,3.2919433,1,0,1,0,1,0,0
2129665945,5.2110353,3.2887206,1,0,1,0,1,0,0
2130166094,5.206201,3.285498,1,0,1,0,1,0,0
2130665939,5.2110353,3.285498,1,0,1,0,1,0,0
2131166102,5.2126465,3.2919433,1,0,1,0,1,0,0
2131665995,5.2142577,3.2919433,1,0,1,0,1,0,0
2132155971,5.2094235,3.2887206,1,0,1,0,1,0,0
2132655964,5.206201,3.2871094,1,0,1,0,1,0,0
2133165946,5.2094235,3.2919433,1,0,1,0,1,0,0
2133666146,5.2078123,3.2871094,1,0,1,0,1,0,0
2134165939,5.1981444,3.285498,1,0,1,0,1,0,0
2134665943,5.2094235,3.2919433,1,0,1,0,1,0,0
2135166439,5.2110353,3.2919433,1,0,1,0,1,0,0
2135655997,5.2142577,3.2871094,1,0,1,0,1,0,0
2136156181,5.2126465,3.2887206,1,0,1,0,1,0,0
2136666055,5.206201,3.2919433,1,0,1,0,1,0,0
2137165960,5.1997557,3.2919433,1,0,1,0,1,0,0
2137665941,5.2110353,3.2871094,1,0,1,0,1,0,0
2138165983,5.2142577,3.2919433,1,0,1,0,1,0,0
2138665944,5.2094235,3.2919433,1,0,1,0,1,0,0
2139156004,5.2078123,3.2919433,1,0,1,0,1,0,0
2139665946,5.21748,3.2871094,1,0,1,0,1,0,0
2140166223,5.2142577,3.2919433,1,0,1,0,1,0,0
2140666009,5.2110353,3.2919433,1,0,1,0,1,0,0
2141165966,5.2094235,3.2887206,1,0,1,0,1,0,0
2141666340,5.206201,3.2887206,1,0,1,0,1,0,0
2142165990,5.2110353,3.2935545,1,0,1,0,1,0,0
2142655946,5.2142577,3.2919433,1,0,1,0,1,0,0
2143165954,5.2110353,3.2871094,1,0,1,0,1,0,0
2143666003,5.2110353,3.2919433,1,0,1,0,1,0,0
2144165975,5.2078123,3.2919433,1,0,1,0,1,0,0
2144666025,5.2078123,3.2887206,1,0,1,0,1,0,0
2145166430,5.206201,3.2871094,1,0,1,0,1,0,0
2145665983,5.2094235,3.2919433,1,0,1,0,1,0,0
2146155941,5.2078123,3.2919433,1,0,1,0,1,0,0
2146666017,5.2142577,3.2887206,1,0,1,0,1,0,0
2147166048,5.2094235,3.2887206,1,0,1,0,1,0,0
2147665939,5.2126465,3.290332,1,0,1,0,1,0,0
2148165941,5.206201,3.2919433,1,0,1,0,1,0,0
2148665945,5.215869,3.290332,1,0,1,0,1,0,0
2149166078,5.2110353,3.2919433,1,0,1,0,1,0,0
2149666380,5.2110353,3.2919433,1,0,1,0,1,0,0
2150166097,5.2110353,3.290332,1,0,1,0,1,0,0
2150665940,5.2110353,3.285498,1,0,1,0,1,0,0
2151165959,5.2094235,3.2919433,1,0,1,0,1,0,0
2151667817,5.2094235,3.290332,1,0,1,0,1,0,0
2152165941,5.2110353,3.285498,1,0,1,0,1,0,0
2152665947,5.2110353,3.285498,1,0,1,0,1,0,0
2153155964,5.2110353,3.290332,1,0,1,0,1,0,0
2153665972,5.2078123,3.2919433,1,0,1,0,1,0,0
2154166137,5.215869,3.2887206,1,0,1,0,1,0,0
2154667348,5.2126465,3.2871094,1,0,1,0,1,0,0
2155165962,5.2078123,3.2919433,1,0,1,0,1,0,0
2155666076,5.2110353,3.2919433,1,0,1,0,1,0,0
2156165944,5.2094235,3.2871094,1,0,1,0,1,0,0
2156655967,5.2110353,3.2871094,1,0,1,0,1,0,0
2157156092,5.2126465,3.2919433,1,0,1,0,1,0,0
2157665941,5.2142577,3.285498,1,0,1,0,1,0,0
2158166698,5.2078123,3.2887206,1,0,1,0,1,0,0
2158666031,5.2142577,3.290332,1,0,1,0,1,0,0
2159166017,5.2110353,3.2919433,1,0,1,0,1,0,0
2159666413,5.2110353,3.2919433,1,0,1,0,1,0,0
2160156036,5.2078123,3.2887206,1,0,1,0,1,0,0
2160666132,5.2094235,3.2919433,1,0,1,0,1,0,0
2161165940,5.2078123,3.2919433,1,0,1,0,1,0,0
2161666044,5.2126465,3.2887206,1,0,1,0,1,0,0
2162166039,5.2126465,3.2871094,1,0,1,0,1,0,0
2162665977,5.2142577,3.2919433,1,0,1,0,1,0,0
2163166986,5.2110353,3.2919433,1,0,1,0,1,0,0
2163655997,5.2110353,3.2871094,1,0,1,0,1,0,0
2164155942,5.2078123,3.2871094,1,0,1,0,1,0,0
2164666000,5.2110353,3.2919433,1,0,1,0,1,0,0
2165165940,5.2142577,3.2919433,1,0,1,0,1,0,0
2165665939,5.2126465,3.2871094,1,0,1,0,1,0,0
2166166004,5.2078123,3.290332,1,0,1,0,1,0,0
2166665941,5.2078123,3.2919433,1,0,1,0,1,0,0
2167156070,5.2078123,3.290332,1,0,1,0,1,0,0
2167665943,5.2110353,3.2887206,1,0,1,0,1,0,0
2168166107,5.2078123,3.2919433,1,0,1,0,1,0,0
2168665973,5.2126465,3.2919433,1,0,1,0,1,0,0
2169165977,5.2110353,3.2871094,1,0,1,0,1,0,0
2169667412,5.2126465,3.2871094,1,0,1,0,1,0,0
2170165940,5.2126465,3.2919433,1,0,1,0,1,0,0
2170655945,5.215869,3.2935545,1,0,1,0,1,0,0
2171165949,5.2110353,3.2887206,1,0,1,0,1,0,0
2171665974,5.2094235,3.290332,1,0,1,0,1,0,0
2172166089,5.2110353,3.290332,1,0,1,0,1,0,0
2172665965,5.2110353,3.290332,1,0,1,0,1,0,0
2173165939,5.2078123,3.2871094,1,0,1,0,1,0,0
2173665943,5.2110353,3.2919433,1,0,1,0,1,0,0
2174155953,5.2078123,3.2919433,1,0,1,0,1,0,0
2174665991,5.2110353,3.2887206,1,0,1,0,1,0,0
2175165946,5.2126465,3.2887206,1,0,1,0,1,0,0
2175666002,5.215869,3.2919433,1,0,1,0,1,0,0
2176166158,5.2142577,3.2935545,1,0,1,0,1,0,0
2176666020,5.2126465,3.2887206,1,0,1,0,1,0,0
2177165965,5.2110353,3.285498,1,0,1,0,1,0,0
2177655945,5.215869,3.2919433,1,0,1,0,1,0,0
2178165941,5.2126465,3.2919433,1,0,1,0,1,0,0
2178665941,5.2094235,3.2871094,1,0,1,0,1,0,0
2179166047,5.20459,3.2887206,1,0,1,0,1,0,0
2179666128,5.2126465,3.2919433,1,0,1,0,1,0,0
2180166012,5.2126465,3.2919433,1,0,1,0,1,0,0
2180665954,5.2110353,3.2871094,1,0,1,0,1,0,0
2181156386,5.2094235,3.2887206,1,0,1,0,1,0,0
2181665977,5.215869,3.2919433,1,0,1,0,1,0,0
2182165950,5.2126465,3.2871094,1,0,1,0,1,0,0
2182667101,5.20459,3.290332,1,0,1,0,1,0,0
2183165945,5.194922,3.2919433,1,0,1,0,1,0,0
2183666128,5.1997557,3.2919433,1,0,1,0,1,0,0
2184166023,5.2126465,3.2871094,1,0,1,0,1,0,0
2184655940,5.21748,3.2887206,1,0,1,0,1,0,0
2185166048,5.215869,3.2919433,1,0,1,0,1,0,0
2185666051,5.2078123,3.2919433,1,0,1,0,1,0,0
2186165946,5.2078123,3.2887206,1,0,1,0,1,0,0
2186665941,5.2142577,3.2871094,1,0,1,0,1,0,0
2187166018,5.2094235,3.2919433,1,0,1,0,1,0,0
2187666504,5.2078123,3.2919433,1,0,1,0,1,0,0
2188155942,5.21748,3.2871094,1,0,1,0,1,0,0
2188666034,5.2142577,3.2887206,1,0,1,0,1,0,0
2189166054,5.206201,3.2919433,1,0,1,0,1,0,0
2189665944,5.2126465,3.285498,1,0,1,0,1,0,0
2190156062,5.1997557,3.2871094,1,0,1,0,1,0,0
2190666590,5.2142577,3.2919433,1,0,1,0,1,0,0
2191165939,5.219092,3.2919433,1,0,1,0,1,0,0
2191655996,5.1981444,3.2887206,1,0,1,0,1,0,0
2192166087,5.1981444,3.2919433,1,0,1,0,1,0,0
2192666500,5.2223144,3.2919433,1,0,1,0,1,0,0
2193165993,5.21748,3.2887206,1,0,1,0,1,0,0
2193666037,5.201367,3.2887206,1,0,1,0,1,0,0
2194166881,5.201367,3.2871094,1,0,1,0,1,0,0
2194665981,5.2126465,3.2919433,1,0,1,0,1,0,0
2195155950,5.2142577,3.2919433,1,0,1,0,1,0,0
2195666745,5.2126465,3.2871094,1,0,1,0,1,0,0
2196165946,5.2126465,3.2919433,1,0,1,0,1,0,0
2196656012,5.2142577,3.290332,1,0,1,0,1,0,0
2197166060,5.2126465,3.2887206,1,0,1,0,1,0,0
2197665965,5.2126465,3.2887206,1,0,1,0,1,0,0
2198166059,5.2078123,3.2919433,1,0,1,0,1,0,0
2198656613,5.2110353,3.2919433,1,0,1,0,1,0,0
2199166881,5.2078123,3.2871094,1,0,1,0,1,0,0
2199665942,5.2094235,3.2871094,1,0,1,0,1,0,0
2200166125,5.2142577,3.2919433,1,0,1,0,1,0,0
2200665941,5.2126465,3.285498,1,0,1,0,1,0,0
2201165973,5.206201,3.2871094,1,0,1,0,1,0,0
2201666041,5.2078123,3.2919433,1,0,1,0,1,0,0
2202166035,5.206201,3.2919433,1,0,1,0,1,0,0
2202665944,5.2142577,3.2887206,1,0,1,0,1,0,0
2203165940,5.2110353,3.2871094,1,0,1,0,1,0,0
2203665997,5.2094235,3.2919433,1,0,1,0,1,0,0
2204166427,5.2078123,3.2919433,1,0,1,0,1,0,0
2204665942,5.215869,3.285498,1,0,1,0,1,0,0
2205165945,5.2142577,3.2871094,1,0,1,0,1,0,0
2205656192,5.2142577,3.2919433,1,0,1,0,1,0,0
2206166003,5.2110353,3.290332,1,0,1,0,1,0,0
2206665969,5.2078123,3.2887206,1,0,1,0,1,0,0
2207166403,5.206201,3.2887206,1,0,1,0,1,0,0
2207665995,5.2126465,3.2919433,1,0,1,0,1,0,0
2208165940,5.2094235,3.2919433,1,0,1,0,1,0,0
2208666113,5.2094235,3.2871094,1,0,1,0,1,0,0
2209155941,5.2142577,3.2871094,1,0,1,0,1,0,0
2209665972,5.215869,3.2919433,1,0,1,0,1,0,0
2210166009,5.2126465,3.2871094,1,0,1,0,1,0,0
2210667228,5.2142577,3.285498,1,0,1,0,1,0,0
2211166129,5.2110353,3.2919433,1,0,1,0,1,0,0
2211665942,5.2142577,3.2919433,1,0,1,0,1,0,0
2212166228,5.2094235,3.2871094,1,0,1,0,1,0,0
2212655960,5.2110353,3.2887206,1,0,1,0,1,0,0
2213165979,5.2126465,3.2919433,1,0,1,0,1,0,0
2213666447,5.2078123,3.2919433,1,0,1,0,1,0,0
2214165951,5.2126465,3.290332,1,0,1,0,1,0,0
2214665993,5.2142577,3.2887206,1,0,1,0,1,0,0
2215166034,5.20459,3.2935545,1,0,1,0,1,0,0
2215667208,5.2142577,3.290332,1,0,1,0,1,0,0
2216155941,5.2126465,3.2887206,1,0,1,0,1,0,0
2216665986,5.2126465,3.2919433,1,0,1,0,1,0,0
2217166706,5.2110353,3.2919433,1,0,1,0,1,0,0
2217665941,5.2126465,3.2887206,1,0,1,0,1,0,0
2218165939,5.2110353,3.2935545,1,0,1,0,1,0,0
2218666950,5.2110353,3.2919433,1,0,1,0,1,0,0
2219165941,5.2126465,3.2887206,1,0,1,0,1,0,0
2219655942,5.215869,3.290332,1,0,1,0,1,0,0
2220165986,5.2078123,3.2919433,1,0,1,0,1,0,0
2220665943,5.2094235,3.2887206,1,0,1,0,1,0,0
2221165970,5.2094235,3.290332,1,0,1,0,1,0,0
2221666000,5.2142577,3.285498,1,0,1,0,1,0,0
2222166520,5.2094235,3.2935545,1,0,1,0,1,0,0
2222666043,5.2142577,3.290332,1,0,1,0,1,0,0
2223155949,5.2094235,3.2887206,1,0,1,0,1,0,0
2223666138,5.2078123,3.2919433,1,0,1,0,1,0,0
2224165980,5.2126465,3.2919433,1,0,1,0,1,0,0
2224665953,5.2126465,3.285498,1,0,1,0,1,0,0
2225165944,5.2126465,3.2871094,1,0,1,0,1,0,0
2225665939,5.215869,3.2919433,1,0,1,0,1,0,0
2226165944,5.2078123,3.290332,1,0,1,0,1,0,0
2226666625,5.1997557,3.2871094,1,0,1,0,1,0,0
2227166916,5.2078123,3.2871094,1,0,1,0,1,0,0
2227665963,5.2142577,3.2919433,1,0,1,0,1,0,0
2228166002,5.2142577,3.2887206,1,0,1,0,1,0,0
2228665942,5.2142577,3.2871094,1,0,1,0,1,0,0
2229165943,5.2126465,3.2919433,1,0,1,0,1,0,0
2229666149,5.201367,3.2919433,1,0,1,0,1,0,0
2230165944,5.201367,3.2871094,1,0,1,0,1,0,0
2230665960,5.2094235,3.2887206,1,0,1,0,1,0,0
2231165942,5.2110353,3.2919433,1,0,1,0,1,0,0
2231665944,5.2142577,3.2919433,1,0,1,0,1,0,0
2232165950,5.2142577,3.2887206,1,0,1,0,1,0,0
2232665941,5.2110353,3.2871094,1,0,1,0,1,0,0
2233165941,5.2110353,3.2919433,1,0,1,0,1,0,0
2233656296,5.2142577,3.2919433,1,0,1,0,1,0,0
2234166037,5.2110353,3.290332,1,0,1,0,1,0,0
2234665971,5.2142577,3.2919433,1,0,1,0,1,0,0
2235166142,5.2126465,3.2919433,1,0,1,0,1,0,0
2235665940,5.2126465,3.2887206,1,0,1,0,1,0,0
2236165941,5.2094235,3.2871094,1,0,1,0,1,0,0
2236655943,5.2126465,3.2919433,1,0,1,0,1,0,0
2237155948,5.2110353,3.2935545,1,0,1,0,1,0,0
2237665951,5.2110353,3.2887206,1,0,1,0,1,0,0
2238166092,5.2110353,3.2919433,1,0,1,0,1,0,0
2238667452,5.2110353,3.2919433,1,0,1,0,1,0,0
2239165940,5.2110353,3.2887206,1,0,1,0,1,0,0
2239665941,5.2142577,3.2887206,1,0,1,0,1,0,0
2240166388,5.2142577,3.285498,1,0,1,0,1,0,0
2240656025,5.2142577,3.2919433,1,0,1,0,1,0,0
2241166040,5.2142577,3.290332,1,0,1,0,1,0,0
2241666601,5.2126465,3.2871094,1,0,1,0,1,0,0
2242165984,5.2142577,3.2919433,1,0,1,0,1,0,0
2242665943,5.206201,3.2919433,1,0,1,0,1,0,0
2243166330,5.20459,3.285498,1,0,1,0,1,0,0
2243666827,5.2078123,3.2871094,1,0,1,0,1,0,0
2244155942,5.2078123,3.2919433,1,0,1,0,1,0,0
2244666101,5.2094235,3.2919433,1,0,1,0,1,0,0
2245165945,5.2110353,3.2887206,1,0,1,0,1,0,0
2245666025,5.2142577,3.285498,1,0,1,0,1,0,0
2246165942,5.2110353,3.2919433,1,0,1,0,1,0,0
2246666740,5.2126465,3.2919433,1,0,1,0,1,0,0
2247165941,5.2094235,3.2871094,1,0,1,0,1,0,0
2247655982,5.2078123,3.2871094,1,0,1,0,1,0,0
2248165995,5.206201,3.2919433,1,0,1,0,1,0,0
2248665968,5.2078123,3.290332,1,0,1,0,1,0,0
2249166036,5.2126465,3.2887206,1,0,1,0,1,0,0
2249665941,5.2110353,3.2919433,1,0,1,0,1,0,0
2250166599,5.2142577,3.2919433,1,0,1,0,1,0,0
2250666128,5.2142577,3.2887206,1,0,1,0,1,0,0
2251155986,5.2110353,3.290332,1,0,1,0,1,0,0
2251666362,5.2110353,3.2919433,1,0,1,0,1,0,0
2252165942,5.2094235,3.290332,1,0,1,0,1,0,0
2252665942,5.2110353,3.2887206,1,0,1,0,1,0,0
2253165948,5.206201,3.285498,1,0,1,0,1,0,0
2253666005,5.2094235,3.2919433,1,0,1,0,1,0,0
2254165945,5.2110353,3.2871094,1,0,1,0,1,0,0
2254655977,5.2110353,3.2887206,1,0,1,0,1,0,0
2255166706,5.2142577,3.2919433,1,0,1,0,1,0,0
2255665941,5.2126465,3.2919433,1,0,1,0,1,0,0
2256165940,5.2094235,3.2887206,1,0,1,0,1,0,0
2256665940,5.2094235,3.2887206,1,0,1,0,1,0,0
2257165977,5.2094235,3.2919433,1,0,1,0,1,0,0
2257666106,5.2094235,3.2919433,1,0,1,0,1,0,0
2258166360,5.2078123,3.2871094,1,0,1,0,1,0,0
2258666017,5.2126465,3.285498,1,0,1,0,1,0,0
2259165942,5.2126465,3.2919433,1,0,1,0,1,0,0
2259666263,5.2094235,3.2919433,1,0,1,0,1,0,0
2260165942,5.2078123,3.2871094,1,0,1,0,1,0,0
2260665972,5.2110353,3.2919433,1,0,1,0,1,0,0
2261165979,5.2126465,3.2919433,1,0,1,0,1,0,0
2261656203,5.2110353,3.2919433,1,0,1,0,1,0,0
2262166020,5.2110353,3.290332,1,0,1,0,1,0,0
2262665945,5.2110353,3.2919433,1,0,1,0,1,0,0
2263166118,5.206201,3.290332,1,0,1,0,1,0,0
2263665943,5.2110353,3.2887206,1,0,1,0,1,0,0
2264165941,5.2126465,3.2871094,1,0,1,0,1,0,0
2264665950,5.2110353,3.2919433,1,0,1,0,1,0,0
2265155963,5.2094235,3.2919433,1,0,1,0,1,0,0
2265665944,5.2078123,3.290332,1,0,1,0,1,0,0
2266165998,5.2110353,3.2887206,1,0,1,0,1,0,0
2266667380,5.2110353,3.2919433,1,0,1,0,1,0,0
2267165976,5.2078123,3.290332,1,0,1,0,1,0,0
2267665997,5.2126465,3.2871094,1,0,1,0,1,0,0
2268166173,5.2078123,3.2887206,1,0,1,0,1,0,0
2268655948,5.2142577,3.2935545,1,0,1,0,1,0,0
2269155976,5.2094235,3.2919433,1,0,1,0,1,0,0
2269666107,5.2110353,3.2887206,1,0,1,0,1,0,0
2270165942,5.2110353,3.2919433,1,0,1,0,1,0,0
2270665946,5.2126465,3.2919433,1,0,1,0,1,0,0
2271165987,5.2078123,3.2871094,1,0,1,0,1,0,0
2271667546,5.2094235,3.2887206,1,0,1,0,1,0,0
2272155960,5.2094235,3.2919433,1,0,1,0,1,0,0
2272666037,5.2078123,3.2919433,1,0,1,0,1,0,0
2273165943,5.215869,3.2887206,1,0,1,0,1,0,0
2273665973,5.2029786,3.2871094,1,0,1,0,1,0,0
2274155943,5.2078123,3.2919433,1,0,1,0,1,0,0
2274666431,5.2078123,3.2919433,1,0,1,0,1,0,0
2275165982,5.2078123,3.2871094,1,0,1,0,1,0,0
2275655941,5.2126465,3.2871094,1,0,1,0,1,0,0
2276165965,5.2110353,3.2919433,1,0,1,0,1,0,0
2276667611,5.2126465,3.2919433,1,0,1,0,1,0,0
2277165968,5.2126465,3.2871094,1,0,1,0,1,0,0
2277665949,5.2126465,3.2919433,1,0,1,0,1,0,0
2278165964,5.2029786,3.2919433,1,0,1,0,1,0,0
2278665944,5.2078123,3.2871094,1,0,1,0,1,0,0
2279155967,5.2078123,3.2871094,1,0,1,0,1,0,0
2279666516,5.2094235,3.2919433,1,0,1,0,1,0,0
2280165945,5.2094235,3.2919433,1,0,1,0,1,0,0
2280665941,5.2078123,3.2887206,1,0,1,0,1,0,0
2281166023,5.206201,3.2919433,1,0,1,0,1,0,0
2281665950,5.2078123,3.2919433,1,0,1,0,1,0,0
2282165942,5.206201,3.2871094,1,0,1,0,1,0,0
2282666408,5.20459,3.290332,1,0,1,0,1,0,0
2283166184,5.2126465,3.2919433,1,0,1,0,1,0,0
2283665973,5.2110353,3.2919433,1,0,1,0,1,0,0
2284165939,5.2142577,3.2871094,1,0,1,0,1,0,0
2284666786,5.2126465,3.2871094,1,0,1,0,1,0,0
2285165941,5.2110353,3.2919433,1,0,1,0,1,0,0
2285665942,5.2110353,3.2919433,1,0,1,0,1,0,0
2286156049,5.2029786,3.2919433,1,0,1,0,1,0,0
2286655943,5.2094235,3.2871094,1,0,1,0,1,0,0
2287165940,5.2029786,3.2919433,1,0,1,0,1,0,0
2287666045,5.2029786,3.2919433,1,0,1,0,1,0,0
2288166952,5.2094235,3.2887206,1,0,1,0,1,0,0
2288666043,5.201367,3.2871094,1,0,1,0,1,0,0
2289165940,5.2110353,3.2919433,1,0,1,0,1,0,0
2289656074,5.2110353,3.290332,1,0,1,0,1,0,0
2290155943,5.2078123,3.2871094,1,0,1,0,1,0,0
2290665946,5.2094235,3.2919433,1,0,1,0,1,0,0
2291165942,5.2110353,3.2919433,1,0,1,0,1,0,0
2291665943,5.2094235,3.290332,1,0,1,0,1,0,0
2292165940,5.2110353,3.2871094,1,0,1,0,1,0,0
2292665942,5.2110353,3.2919433,1,0,1,0,1,0,0
2293156232,5.2110353,3.2919433,1,0,1,0,1,0,0
2293665975,5.2126465,3.2871094,1,0,1,0,1,0,0
2294165942,5.2110353,3.2871094,1,0,1,0,1,0,0
2294665946,5.2110353,3.2919433,1,0,1,0,1,0,0
2295165974,5.2094235,3.2871094,1,0,1,0,1,0,0
2295666181,5.2126465,3.2871094,1,0,1,0,1,0,0
2296166818,5.2271485,3.2919433,1,0,1,0,1,0,0
2296655940,5.235205,3.2919433,1,0,1,0,1,0,0
2297156024,5.231982,3.2919433,1,0,1,0,1,0,0
2297666020,5.235205,3.2887206,1,0,1,0,1,0,0
2298166431,5.2223144,3.2919433,1,0,1,0,1,0,0
2298665969,5.2464843,3.2919433,1,0,1,0,1,0,0
